{
   "results" : [
      {
         "address_components" : [
            {
               "long_name" : "768",
               "short_name" : "768",
               "types" : [ "street_number" ]
            },
            {
               "long_name" : "Glasgow Street",
               "short_name" : "Glasgow St",
               "types" : [ "route" ]
            },
            {
               "long_name" : "Westmount",
               "short_name" : "Westmount",
               "types" : [ "neighborhood", "political" ]
            },
            {
               "long_name" : "Kitchener",
               "short_name" : "Kitchener",
               "types" : [ "locality", "political" ]
            },
            {
               "long_name" : "Waterloo Regional Municipality",
               "short_name" : "Waterloo Regional Municipality",
               "types" : [ "administrative_area_level_2", "political" ]
            },
            {
               "long_name" : "Ontario",
               "short_name" : "ON",
               "types" : [ "administrative_area_level_1", "political" ]
            },
            {
               "long_name" : "Canada",
               "short_name" : "CA",
               "types" : [ "country", "political" ]
            },
            {
               "long_name" : "N2M 2N8",
               "short_name" : "N2M 2N8",
               "types" : [ "postal_code" ]
            }
         ],
         "formatted_address" : "768 Glasgow St, Kitchener, ON N2M 2N8, Canada",
         "geometry" : {
            "location" : {
               "lat" : 43.4444407,
               "lng" : -80.53865490000001
            },
            "location_type" : "ROOFTOP",
            "viewport" : {
               "northeast" : {
                  "lat" : 43.4457896802915,
                  "lng" : -80.53730591970852
               },
               "southwest" : {
                  "lat" : 43.44309171970851,
                  "lng" : -80.54000388029152
               }
            }
         },
         "partial_match" : true,
         "place_id" : "ChIJLUZ31ij0K4gRZ9LWIeGFU2Y",
         "types" : [ "street_address" ]
      }
   ],
   "status" : "OK"
}
