{
   "results" : [
      {
         "address_components" : [
            {
               "long_name" : "106",
               "short_name" : "106",
               "types" : [ "street_number" ]
            },
            {
               "long_name" : "Rue Tremblay",
               "short_name" : "Rue Tremblay",
               "types" : [ "route" ]
            },
            {
               "long_name" : "Saint-Gédéon",
               "short_name" : "Saint-Gédéon",
               "types" : [ "locality", "political" ]
            },
            {
               "long_name" : "Saint-Gédéon",
               "short_name" : "Saint-Gédéon",
               "types" : [ "administrative_area_level_3", "political" ]
            },
            {
               "long_name" : "Lac-Saint-Jean-Est",
               "short_name" : "Lac-Saint-Jean-Est",
               "types" : [ "administrative_area_level_2", "political" ]
            },
            {
               "long_name" : "Québec",
               "short_name" : "QC",
               "types" : [ "administrative_area_level_1", "political" ]
            },
            {
               "long_name" : "Canada",
               "short_name" : "CA",
               "types" : [ "country", "political" ]
            },
            {
               "long_name" : "G0W 2P0",
               "short_name" : "G0W 2P0",
               "types" : [ "postal_code" ]
            }
         ],
         "formatted_address" : "106 Rue Tremblay, Saint-Gédéon, QC G0W 2P0, Canada",
         "geometry" : {
            "bounds" : {
               "northeast" : {
                  "lat" : 48.4943035,
                  "lng" : -71.77072609999999
               },
               "southwest" : {
                  "lat" : 48.49429809999999,
                  "lng" : -71.7707429
               }
            },
            "location" : {
               "lat" : 48.49429809999999,
               "lng" : -71.77072609999999
            },
            "location_type" : "RANGE_INTERPOLATED",
            "viewport" : {
               "northeast" : {
                  "lat" : 48.4956497802915,
                  "lng" : -71.76938551970849
               },
               "southwest" : {
                  "lat" : 48.4929518197085,
                  "lng" : -71.77208348029151
               }
            }
         },
         "place_id" : "EjQxMDYgUnVlIFRyZW1ibGF5LCBTYWludC1Hw6lkw6lvbiwgUUMgRzBXIDJQMCwgQ2FuYWRh",
         "types" : [ "street_address" ]
      }
   ],
   "status" : "OK"
}
