{
   "results" : [
      {
         "address_components" : [
            {
               "long_name" : "G7P 2C3",
               "short_name" : "G7P 2C3",
               "types" : [ "postal_code" ]
            },
            {
               "long_name" : "Saint-Ambroise",
               "short_name" : "Saint-Ambroise",
               "types" : [ "locality", "political" ]
            },
            {
               "long_name" : "Saint-Ambroise",
               "short_name" : "Saint-Ambroise",
               "types" : [ "administrative_area_level_3", "political" ]
            },
            {
               "long_name" : "Le Fjord-du-Saguenay",
               "short_name" : "Le Fjord-du-Saguenay",
               "types" : [ "administrative_area_level_2", "political" ]
            },
            {
               "long_name" : "Québec",
               "short_name" : "QC",
               "types" : [ "administrative_area_level_1", "political" ]
            },
            {
               "long_name" : "Canada",
               "short_name" : "CA",
               "types" : [ "country", "political" ]
            }
         ],
         "formatted_address" : "Saint-Ambroise, QC G7P 2C3, Canada",
         "geometry" : {
            "bounds" : {
               "northeast" : {
                  "lat" : 48.6090605,
                  "lng" : -71.376508
               },
               "southwest" : {
                  "lat" : 48.5792281,
                  "lng" : -71.4525802
               }
            },
            "location" : {
               "lat" : 48.5907399,
               "lng" : -71.4217216
            },
            "location_type" : "APPROXIMATE",
            "viewport" : {
               "northeast" : {
                  "lat" : 48.6090605,
                  "lng" : -71.376508
               },
               "southwest" : {
                  "lat" : 48.5792281,
                  "lng" : -71.4525802
               }
            }
         },
         "partial_match" : true,
         "place_id" : "ChIJNUaPfhp86kwR1VVchvH6IlA",
         "types" : [ "postal_code" ]
      }
   ],
   "status" : "OK"
}
