{
   "results" : [
      {
         "address_components" : [
            {
               "long_name" : "49",
               "short_name" : "49",
               "types" : [ "street_number" ]
            },
            {
               "long_name" : "Beaufort Road",
               "short_name" : "Beaufort Rd",
               "types" : [ "route" ]
            },
            {
               "long_name" : "The Beach",
               "short_name" : "The Beach",
               "types" : [ "neighborhood", "political" ]
            },
            {
               "long_name" : "Old Toronto",
               "short_name" : "Old Toronto",
               "types" : [ "sublocality_level_1", "sublocality", "political" ]
            },
            {
               "long_name" : "Toronto",
               "short_name" : "Toronto",
               "types" : [ "locality", "political" ]
            },
            {
               "long_name" : "Toronto Division",
               "short_name" : "Toronto Division",
               "types" : [ "administrative_area_level_2", "political" ]
            },
            {
               "long_name" : "Ontario",
               "short_name" : "ON",
               "types" : [ "administrative_area_level_1", "political" ]
            },
            {
               "long_name" : "Canada",
               "short_name" : "CA",
               "types" : [ "country", "political" ]
            },
            {
               "long_name" : "M4E 1M8",
               "short_name" : "M4E 1M8",
               "types" : [ "postal_code" ]
            }
         ],
         "formatted_address" : "49 Beaufort Rd, Toronto, ON M4E 1M8, Canada",
         "geometry" : {
            "location" : {
               "lat" : 43.6767255,
               "lng" : -79.2951932
            },
            "location_type" : "ROOFTOP",
            "viewport" : {
               "northeast" : {
                  "lat" : 43.67807448029149,
                  "lng" : -79.29384421970849
               },
               "southwest" : {
                  "lat" : 43.6753765197085,
                  "lng" : -79.29654218029151
               }
            }
         },
         "place_id" : "ChIJ6ejNeQPM1IkRsibozTYbeyI",
         "types" : [ "street_address" ]
      }
   ],
   "status" : "OK"
}
