{
   "results" : [
      {
         "address_components" : [
            {
               "long_name" : "510e",
               "short_name" : "510e",
               "types" : [ "subpremise" ]
            },
            {
               "long_name" : "500",
               "short_name" : "500",
               "types" : [ "street_number" ]
            },
            {
               "long_name" : "Queens Quay West",
               "short_name" : "Queens Quay W",
               "types" : [ "route" ]
            },
            {
               "long_name" : "Bathurst Quay",
               "short_name" : "Bathurst Quay",
               "types" : [ "neighborhood", "political" ]
            },
            {
               "long_name" : "Old Toronto",
               "short_name" : "Old Toronto",
               "types" : [ "sublocality_level_1", "sublocality", "political" ]
            },
            {
               "long_name" : "Toronto",
               "short_name" : "Toronto",
               "types" : [ "locality", "political" ]
            },
            {
               "long_name" : "Toronto Division",
               "short_name" : "Toronto Division",
               "types" : [ "administrative_area_level_2", "political" ]
            },
            {
               "long_name" : "Ontario",
               "short_name" : "ON",
               "types" : [ "administrative_area_level_1", "political" ]
            },
            {
               "long_name" : "Canada",
               "short_name" : "CA",
               "types" : [ "country", "political" ]
            },
            {
               "long_name" : "M5V",
               "short_name" : "M5V",
               "types" : [ "postal_code_prefix", "postal_code" ]
            }
         ],
         "formatted_address" : "500 Queens Quay W #510e, Toronto, ON M5V, Canada",
         "geometry" : {
            "location" : {
               "lat" : 43.6372412,
               "lng" : -79.3948881
            },
            "location_type" : "ROOFTOP",
            "viewport" : {
               "northeast" : {
                  "lat" : 43.63859018029149,
                  "lng" : -79.39353911970849
               },
               "southwest" : {
                  "lat" : 43.6358922197085,
                  "lng" : -79.3962370802915
               }
            }
         },
         "partial_match" : true,
         "place_id" : "EjA1MDAgUXVlZW5zIFF1YXkgVyAjNTEwZSwgVG9yb250bywgT04gTTVWLCBDYW5hZGE",
         "types" : [ "subpremise" ]
      }
   ],
   "status" : "OK"
}
