{
   "results" : [
      {
         "address_components" : [
            {
               "long_name" : "504",
               "short_name" : "504",
               "types" : [ "street_number" ]
            },
            {
               "long_name" : "Eastway Drive",
               "short_name" : "Eastway Dr",
               "types" : [ "route" ]
            },
            {
               "long_name" : "North Charlotte",
               "short_name" : "North Charlotte",
               "types" : [ "neighborhood", "political" ]
            },
            {
               "long_name" : "Charlotte",
               "short_name" : "Charlotte",
               "types" : [ "locality", "political" ]
            },
            {
               "long_name" : "1, Charlotte",
               "short_name" : "1, Charlotte",
               "types" : [ "administrative_area_level_3", "political" ]
            },
            {
               "long_name" : "Mecklenburg County",
               "short_name" : "Mecklenburg County",
               "types" : [ "administrative_area_level_2", "political" ]
            },
            {
               "long_name" : "North Carolina",
               "short_name" : "NC",
               "types" : [ "administrative_area_level_1", "political" ]
            },
            {
               "long_name" : "United States",
               "short_name" : "US",
               "types" : [ "country", "political" ]
            },
            {
               "long_name" : "28205",
               "short_name" : "28205",
               "types" : [ "postal_code" ]
            },
            {
               "long_name" : "1421",
               "short_name" : "1421",
               "types" : [ "postal_code_suffix" ]
            }
         ],
         "formatted_address" : "504 Eastway Dr, Charlotte, NC 28205, USA",
         "geometry" : {
            "bounds" : {
               "northeast" : {
                  "lat" : 35.2512351,
                  "lng" : -80.78091789999999
               },
               "southwest" : {
                  "lat" : 35.2510355,
                  "lng" : -80.7810609
               }
            },
            "location" : {
               "lat" : 35.25113530000001,
               "lng" : -80.7809894
            },
            "location_type" : "ROOFTOP",
            "viewport" : {
               "northeast" : {
                  "lat" : 35.2524842802915,
                  "lng" : -80.77964041970849
               },
               "southwest" : {
                  "lat" : 35.2497863197085,
                  "lng" : -80.78233838029151
               }
            }
         },
         "place_id" : "ChIJcWAMarEfVIgR5SWZM6JYao0",
         "types" : [ "premise" ]
      }
   ],
   "status" : "OK"
}
