{
   "results" : [
      {
         "address_components" : [
            {
               "long_name" : "514",
               "short_name" : "514",
               "types" : [ "street_number" ]
            },
            {
               "long_name" : "Americas Way",
               "short_name" : "Americas Way",
               "types" : [ "route" ]
            },
            {
               "long_name" : "Box Elder",
               "short_name" : "Box Elder",
               "types" : [ "locality", "political" ]
            },
            {
               "long_name" : "Pennington County",
               "short_name" : "Pennington County",
               "types" : [ "administrative_area_level_2", "political" ]
            },
            {
               "long_name" : "South Dakota",
               "short_name" : "SD",
               "types" : [ "administrative_area_level_1", "political" ]
            },
            {
               "long_name" : "United States",
               "short_name" : "US",
               "types" : [ "country", "political" ]
            },
            {
               "long_name" : "57719",
               "short_name" : "57719",
               "types" : [ "postal_code" ]
            },
            {
               "long_name" : "7600",
               "short_name" : "7600",
               "types" : [ "postal_code_suffix" ]
            }
         ],
         "formatted_address" : "514 Americas Way, Box Elder, SD 57719, USA",
         "geometry" : {
            "location" : {
               "lat" : 44.1030725,
               "lng" : -103.1450121
            },
            "location_type" : "ROOFTOP",
            "viewport" : {
               "northeast" : {
                  "lat" : 44.1044214802915,
                  "lng" : -103.1436631197085
               },
               "southwest" : {
                  "lat" : 44.1017235197085,
                  "lng" : -103.1463610802915
               }
            }
         },
         "partial_match" : true,
         "place_id" : "ChIJEWEhCsRnfYcRlCmObkzEa3s",
         "types" : [ "street_address" ]
      }
   ],
   "status" : "OK"
}
