{
   "results" : [
      {
         "address_components" : [
            {
               "long_name" : "514",
               "short_name" : "514",
               "types" : [ "street_number" ]
            },
            {
               "long_name" : "Thorndale Drive",
               "short_name" : "Thorndale Dr",
               "types" : [ "route" ]
            },
            {
               "long_name" : "Westvale",
               "short_name" : "Westvale",
               "types" : [ "neighborhood", "political" ]
            },
            {
               "long_name" : "Waterloo",
               "short_name" : "Waterloo",
               "types" : [ "locality", "political" ]
            },
            {
               "long_name" : "Waterloo Regional Municipality",
               "short_name" : "Waterloo Regional Municipality",
               "types" : [ "administrative_area_level_2", "political" ]
            },
            {
               "long_name" : "Ontario",
               "short_name" : "ON",
               "types" : [ "administrative_area_level_1", "political" ]
            },
            {
               "long_name" : "Canada",
               "short_name" : "CA",
               "types" : [ "country", "political" ]
            },
            {
               "long_name" : "N2T 2A8",
               "short_name" : "N2T 2A8",
               "types" : [ "postal_code" ]
            }
         ],
         "formatted_address" : "514 Thorndale Dr, Waterloo, ON N2T 2A8, Canada",
         "geometry" : {
            "location" : {
               "lat" : 43.4452191,
               "lng" : -80.5566669
            },
            "location_type" : "ROOFTOP",
            "viewport" : {
               "northeast" : {
                  "lat" : 43.44656808029149,
                  "lng" : -80.55531791970849
               },
               "southwest" : {
                  "lat" : 43.44387011970849,
                  "lng" : -80.55801588029149
               }
            }
         },
         "partial_match" : true,
         "place_id" : "ChIJg8cGEo_2K4gRaSML0dPpqQg",
         "types" : [ "street_address" ]
      }
   ],
   "status" : "OK"
}
