{
   "results" : [
      {
         "address_components" : [
            {
               "long_name" : "52",
               "short_name" : "52",
               "types" : [ "street_number" ]
            },
            {
               "long_name" : "Davis Street",
               "short_name" : "Davis St",
               "types" : [ "route" ]
            },
            {
               "long_name" : "Dryden",
               "short_name" : "Dryden",
               "types" : [ "locality", "political" ]
            },
            {
               "long_name" : "Kenora District",
               "short_name" : "Kenora District",
               "types" : [ "administrative_area_level_2", "political" ]
            },
            {
               "long_name" : "Ontario",
               "short_name" : "ON",
               "types" : [ "administrative_area_level_1", "political" ]
            },
            {
               "long_name" : "Canada",
               "short_name" : "CA",
               "types" : [ "country", "political" ]
            },
            {
               "long_name" : "P8N 1R8",
               "short_name" : "P8N 1R8",
               "types" : [ "postal_code" ]
            }
         ],
         "formatted_address" : "52 Davis St, Dryden, ON P8N 1R8, Canada",
         "geometry" : {
            "location" : {
               "lat" : 49.7739539,
               "lng" : -92.83825069999999
            },
            "location_type" : "ROOFTOP",
            "viewport" : {
               "northeast" : {
                  "lat" : 49.7753028802915,
                  "lng" : -92.83690171970848
               },
               "southwest" : {
                  "lat" : 49.7726049197085,
                  "lng" : -92.8395996802915
               }
            }
         },
         "place_id" : "ChIJJRgIfsmzolIRUV1cKDnFZ2M",
         "types" : [ "street_address" ]
      }
   ],
   "status" : "OK"
}
