{
   "results" : [
      {
         "address_components" : [
            {
               "long_name" : "5307",
               "short_name" : "5307",
               "types" : [ "street_number" ]
            },
            {
               "long_name" : "Snowbird Court",
               "short_name" : "Snowbird Ct",
               "types" : [ "route" ]
            },
            {
               "long_name" : "Erin Mills",
               "short_name" : "Erin Mills",
               "types" : [ "neighborhood", "political" ]
            },
            {
               "long_name" : "Mississauga",
               "short_name" : "Mississauga",
               "types" : [ "locality", "political" ]
            },
            {
               "long_name" : "Peel Regional Municipality",
               "short_name" : "Peel Regional Municipality",
               "types" : [ "administrative_area_level_2", "political" ]
            },
            {
               "long_name" : "Ontario",
               "short_name" : "ON",
               "types" : [ "administrative_area_level_1", "political" ]
            },
            {
               "long_name" : "Canada",
               "short_name" : "CA",
               "types" : [ "country", "political" ]
            },
            {
               "long_name" : "L5M 0P9",
               "short_name" : "L5M 0P9",
               "types" : [ "postal_code" ]
            }
         ],
         "formatted_address" : "5307 Snowbird Ct, Mississauga, ON L5M 0P9, Canada",
         "geometry" : {
            "location" : {
               "lat" : 43.5571885,
               "lng" : -79.7234275
            },
            "location_type" : "ROOFTOP",
            "viewport" : {
               "northeast" : {
                  "lat" : 43.5585374802915,
                  "lng" : -79.7220785197085
               },
               "southwest" : {
                  "lat" : 43.5558395197085,
                  "lng" : -79.72477648029151
               }
            }
         },
         "place_id" : "ChIJd-OfAfZBK4gRmDI_bjR8hgo",
         "types" : [ "street_address" ]
      }
   ],
   "status" : "OK"
}
