{
   "results" : [
      {
         "address_components" : [
            {
               "long_name" : "546",
               "short_name" : "546",
               "types" : [ "street_number" ]
            },
            {
               "long_name" : "Pine Ridge Road",
               "short_name" : "Pine Ridge Rd",
               "types" : [ "route" ]
            },
            {
               "long_name" : "Pickering",
               "short_name" : "Pickering",
               "types" : [ "locality", "political" ]
            },
            {
               "long_name" : "Durham Regional Municipality",
               "short_name" : "Durham Regional Municipality",
               "types" : [ "administrative_area_level_2", "political" ]
            },
            {
               "long_name" : "Ontario",
               "short_name" : "ON",
               "types" : [ "administrative_area_level_1", "political" ]
            },
            {
               "long_name" : "Canada",
               "short_name" : "CA",
               "types" : [ "country", "political" ]
            },
            {
               "long_name" : "L1W 2M5",
               "short_name" : "L1W 2M5",
               "types" : [ "postal_code" ]
            }
         ],
         "formatted_address" : "546 Pine Ridge Rd, Pickering, ON L1W 2M5, Canada",
         "geometry" : {
            "location" : {
               "lat" : 43.803322,
               "lng" : -79.12954999999999
            },
            "location_type" : "ROOFTOP",
            "viewport" : {
               "northeast" : {
                  "lat" : 43.8046709802915,
                  "lng" : -79.12820101970848
               },
               "southwest" : {
                  "lat" : 43.80197301970851,
                  "lng" : -79.13089898029149
               }
            }
         },
         "place_id" : "ChIJpQPnUuDb1IkRRu2W6N4CUlo",
         "types" : [ "street_address" ]
      }
   ],
   "status" : "OK"
}
