{
   "results" : [
      {
         "address_components" : [
            {
               "long_name" : "55",
               "short_name" : "55",
               "types" : [ "street_number" ]
            },
            {
               "long_name" : "Elmvale Crescent",
               "short_name" : "Elmvale Crescent",
               "types" : [ "route" ]
            },
            {
               "long_name" : "Port Colborne",
               "short_name" : "Port Colborne",
               "types" : [ "locality", "political" ]
            },
            {
               "long_name" : "Niagara Regional Municipality",
               "short_name" : "Niagara Regional Municipality",
               "types" : [ "administrative_area_level_2", "political" ]
            },
            {
               "long_name" : "Ontario",
               "short_name" : "ON",
               "types" : [ "administrative_area_level_1", "political" ]
            },
            {
               "long_name" : "Canada",
               "short_name" : "CA",
               "types" : [ "country", "political" ]
            },
            {
               "long_name" : "L3K 5X1",
               "short_name" : "L3K 5X1",
               "types" : [ "postal_code" ]
            }
         ],
         "formatted_address" : "55 Elmvale Crescent, Port Colborne, ON L3K 5X1, Canada",
         "geometry" : {
            "location" : {
               "lat" : 42.9067811,
               "lng" : -79.258296
            },
            "location_type" : "ROOFTOP",
            "viewport" : {
               "northeast" : {
                  "lat" : 42.90813008029149,
                  "lng" : -79.25694701970849
               },
               "southwest" : {
                  "lat" : 42.90543211970849,
                  "lng" : -79.2596449802915
               }
            }
         },
         "place_id" : "ChIJ80pIbs4204kR6K3IOieHfM0",
         "types" : [ "street_address" ]
      }
   ],
   "status" : "OK"
}
