{
   "results" : [
      {
         "address_components" : [
            {
               "long_name" : "10711",
               "short_name" : "10711",
               "types" : [ "street_number" ]
            },
            {
               "long_name" : "Meadow Stable Lane",
               "short_name" : "Meadow Stable Ln",
               "types" : [ "route" ]
            },
            {
               "long_name" : "Union",
               "short_name" : "Union",
               "types" : [ "locality", "political" ]
            },
            {
               "long_name" : "Boone County",
               "short_name" : "Boone County",
               "types" : [ "administrative_area_level_2", "political" ]
            },
            {
               "long_name" : "Kentucky",
               "short_name" : "KY",
               "types" : [ "administrative_area_level_1", "political" ]
            },
            {
               "long_name" : "United States",
               "short_name" : "US",
               "types" : [ "country", "political" ]
            },
            {
               "long_name" : "41091",
               "short_name" : "41091",
               "types" : [ "postal_code" ]
            },
            {
               "long_name" : "7983",
               "short_name" : "7983",
               "types" : [ "postal_code_suffix" ]
            }
         ],
         "formatted_address" : "10711 Meadow Stable Ln, Union, KY 41091, USA",
         "geometry" : {
            "location" : {
               "lat" : 38.928021,
               "lng" : -84.640546
            },
            "location_type" : "ROOFTOP",
            "viewport" : {
               "northeast" : {
                  "lat" : 38.9293699802915,
                  "lng" : -84.63919701970849
               },
               "southwest" : {
                  "lat" : 38.9266720197085,
                  "lng" : -84.64189498029151
               }
            }
         },
         "partial_match" : true,
         "place_id" : "ChIJ5y3ihN3AQYgRfO_bshx7OWg",
         "types" : [ "street_address" ]
      }
   ],
   "status" : "OK"
}
