{
   "results" : [
      {
         "address_components" : [
            {
               "long_name" : "32k",
               "short_name" : "32k",
               "types" : [ "subpremise" ]
            },
            {
               "long_name" : "",
               "short_name" : "",
               "types" : [ "premise" ]
            },
            {
               "long_name" : "560",
               "short_name" : "560",
               "types" : [ "street_number" ]
            },
            {
               "long_name" : "West 43rd Street",
               "short_name" : "W 43rd St",
               "types" : [ "route" ]
            },
            {
               "long_name" : "Hell's Kitchen",
               "short_name" : "Hell's Kitchen",
               "types" : [ "neighborhood", "political" ]
            },
            {
               "long_name" : "Manhattan",
               "short_name" : "Manhattan",
               "types" : [ "sublocality_level_1", "sublocality", "political" ]
            },
            {
               "long_name" : "New York",
               "short_name" : "New York",
               "types" : [ "locality", "political" ]
            },
            {
               "long_name" : "New York County",
               "short_name" : "New York County",
               "types" : [ "administrative_area_level_2", "political" ]
            },
            {
               "long_name" : "New York",
               "short_name" : "NY",
               "types" : [ "administrative_area_level_1", "political" ]
            },
            {
               "long_name" : "United States",
               "short_name" : "US",
               "types" : [ "country", "political" ]
            },
            {
               "long_name" : "10036",
               "short_name" : "10036",
               "types" : [ "postal_code" ]
            }
         ],
         "formatted_address" : "560 W 43rd St #32k, New York, NY 10036, USA",
         "geometry" : {
            "location" : {
               "lat" : 40.7612165,
               "lng" : -73.99772369999999
            },
            "location_type" : "ROOFTOP",
            "viewport" : {
               "northeast" : {
                  "lat" : 40.7625654802915,
                  "lng" : -73.99637471970848
               },
               "southwest" : {
                  "lat" : 40.7598675197085,
                  "lng" : -73.99907268029149
               }
            }
         },
         "place_id" : "Eis1NjAgVyA0M3JkIFN0ICMzMmssIE5ldyBZb3JrLCBOWSAxMDAzNiwgVVNB",
         "types" : [ "subpremise" ]
      }
   ],
   "status" : "OK"
}
