{
   "results" : [
      {
         "address_components" : [
            {
               "long_name" : "5735",
               "short_name" : "5735",
               "types" : [ "street_number" ]
            },
            {
               "long_name" : "Rue Barré",
               "short_name" : "Rue Barré",
               "types" : [ "route" ]
            },
            {
               "long_name" : "Saint-Thomas-D'Aquin",
               "short_name" : "St-Thomas-D'Aquin",
               "types" : [ "neighborhood", "political" ]
            },
            {
               "long_name" : "Saint-Hyacinthe",
               "short_name" : "Saint-Hyacinthe",
               "types" : [ "locality", "political" ]
            },
            {
               "long_name" : "Les Maskoutains",
               "short_name" : "Les Maskoutains",
               "types" : [ "administrative_area_level_2", "political" ]
            },
            {
               "long_name" : "Québec",
               "short_name" : "QC",
               "types" : [ "administrative_area_level_1", "political" ]
            },
            {
               "long_name" : "Canada",
               "short_name" : "CA",
               "types" : [ "country", "political" ]
            },
            {
               "long_name" : "J2R 1E4",
               "short_name" : "J2R 1E4",
               "types" : [ "postal_code" ]
            }
         ],
         "formatted_address" : "5735 Rue Barré, Saint-Hyacinthe, QC J2R 1E4, Canada",
         "geometry" : {
            "bounds" : {
               "northeast" : {
                  "lat" : 45.6508788,
                  "lng" : -72.9749724
               },
               "southwest" : {
                  "lat" : 45.6508657,
                  "lng" : -72.9749738
               }
            },
            "location" : {
               "lat" : 45.6508788,
               "lng" : -72.9749724
            },
            "location_type" : "RANGE_INTERPOLATED",
            "viewport" : {
               "northeast" : {
                  "lat" : 45.6522212302915,
                  "lng" : -72.9736241197085
               },
               "southwest" : {
                  "lat" : 45.6495232697085,
                  "lng" : -72.97632208029151
               }
            }
         },
         "partial_match" : true,
         "place_id" : "EjQ1NzM1IFJ1ZSBCYXJyw6ksIFNhaW50LUh5YWNpbnRoZSwgUUMgSjJSIDFFNCwgQ2FuYWRh",
         "types" : [ "street_address" ]
      }
   ],
   "status" : "OK"
}
