{
   "results" : [
      {
         "address_components" : [
            {
               "long_name" : "5771",
               "short_name" : "5771",
               "types" : [ "street_number" ]
            },
            {
               "long_name" : "Avenue de Verneuil",
               "short_name" : "Avenue de Verneuil",
               "types" : [ "route" ]
            },
            {
               "long_name" : "Anjou",
               "short_name" : "Anjou",
               "types" : [ "sublocality_level_1", "sublocality", "political" ]
            },
            {
               "long_name" : "Montréal",
               "short_name" : "Montréal",
               "types" : [ "locality", "political" ]
            },
            {
               "long_name" : "Communauté-Urbaine-de-Montréal",
               "short_name" : "Communauté-Urbaine-de-Montréal",
               "types" : [ "administrative_area_level_2", "political" ]
            },
            {
               "long_name" : "Québec",
               "short_name" : "QC",
               "types" : [ "administrative_area_level_1", "political" ]
            },
            {
               "long_name" : "Canada",
               "short_name" : "CA",
               "types" : [ "country", "political" ]
            },
            {
               "long_name" : "H1K 3J9",
               "short_name" : "H1K 3J9",
               "types" : [ "postal_code" ]
            }
         ],
         "formatted_address" : "5771 Avenue de Verneuil, Anjou, QC H1K 3J9, Canada",
         "geometry" : {
            "location" : {
               "lat" : 45.60577989999999,
               "lng" : -73.54162509999999
            },
            "location_type" : "ROOFTOP",
            "viewport" : {
               "northeast" : {
                  "lat" : 45.60712888029149,
                  "lng" : -73.54027611970848
               },
               "southwest" : {
                  "lat" : 45.6044309197085,
                  "lng" : -73.5429740802915
               }
            }
         },
         "partial_match" : true,
         "place_id" : "ChIJr1H-_d4dyUwRmj8QkC1WfRY",
         "types" : [ "street_address" ]
      }
   ],
   "status" : "OK"
}
