{
   "results" : [
      {
         "address_components" : [
            {
               "long_name" : "California Ave Station",
               "short_name" : "California Ave Station",
               "types" : [ "point_of_interest", "establishment" ]
            },
            {
               "long_name" : "Evergreen Park",
               "short_name" : "Evergreen Park",
               "types" : [ "neighborhood", "political" ]
            },
            {
               "long_name" : "Palo Alto",
               "short_name" : "Palo Alto",
               "types" : [ "locality", "political" ]
            },
            {
               "long_name" : "Santa Clara County",
               "short_name" : "Santa Clara County",
               "types" : [ "administrative_area_level_2", "political" ]
            },
            {
               "long_name" : "California",
               "short_name" : "CA",
               "types" : [ "administrative_area_level_1", "political" ]
            },
            {
               "long_name" : "United States",
               "short_name" : "US",
               "types" : [ "country", "political" ]
            },
            {
               "long_name" : "94306",
               "short_name" : "94306",
               "types" : [ "postal_code" ]
            }
         ],
         "formatted_address" : "California Ave Station, Palo Alto, CA 94306, USA",
         "geometry" : {
            "location" : {
               "lat" : 37.4291617,
               "lng" : -122.1419072
            },
            "location_type" : "APPROXIMATE",
            "viewport" : {
               "northeast" : {
                  "lat" : 37.4305106802915,
                  "lng" : -122.1405582197085
               },
               "southwest" : {
                  "lat" : 37.4278127197085,
                  "lng" : -122.1432561802915
               }
            }
         },
         "partial_match" : true,
         "place_id" : "ChIJjXq56OS6j4ARVx_HM2M3MFs",
         "types" : [
            "train_station",
            "transit_station",
            "point_of_interest",
            "establishment"
         ]
      },
      {
         "address_components" : [
            {
               "long_name" : "El Camino and Maybell",
               "short_name" : "El Camino and Maybell",
               "types" : [ "point_of_interest", "establishment" ]
            },
            {
               "long_name" : "Green Acres",
               "short_name" : "Green Acres",
               "types" : [ "neighborhood", "political" ]
            },
            {
               "long_name" : "Palo Alto",
               "short_name" : "Palo Alto",
               "types" : [ "locality", "political" ]
            },
            {
               "long_name" : "Santa Clara County",
               "short_name" : "Santa Clara County",
               "types" : [ "administrative_area_level_2", "political" ]
            },
            {
               "long_name" : "California",
               "short_name" : "CA",
               "types" : [ "administrative_area_level_1", "political" ]
            },
            {
               "long_name" : "United States",
               "short_name" : "US",
               "types" : [ "country", "political" ]
            },
            {
               "long_name" : "94306",
               "short_name" : "94306",
               "types" : [ "postal_code" ]
            }
         ],
         "formatted_address" : "El Camino and Maybell, Palo Alto, CA 94306, USA",
         "geometry" : {
            "location" : {
               "lat" : 37.4121283,
               "lng" : -122.1249649
            },
            "location_type" : "APPROXIMATE",
            "viewport" : {
               "northeast" : {
                  "lat" : 37.4134772802915,
                  "lng" : -122.1236159197085
               },
               "southwest" : {
                  "lat" : 37.4107793197085,
                  "lng" : -122.1263138802915
               }
            }
         },
         "partial_match" : true,
         "place_id" : "ChIJy0omtny6j4ARTzxTxl2RcGM",
         "types" : [
            "bus_station",
            "transit_station",
            "point_of_interest",
            "establishment"
         ]
      },
      {
         "address_components" : [
            {
               "long_name" : "El Camino Real and California",
               "short_name" : "El Camino Real and California",
               "types" : [ "point_of_interest", "establishment" ]
            },
            {
               "long_name" : "Evergreen Park",
               "short_name" : "Evergreen Park",
               "types" : [ "neighborhood", "political" ]
            },
            {
               "long_name" : "Palo Alto",
               "short_name" : "Palo Alto",
               "types" : [ "locality", "political" ]
            },
            {
               "long_name" : "Santa Clara County",
               "short_name" : "Santa Clara County",
               "types" : [ "administrative_area_level_2", "political" ]
            },
            {
               "long_name" : "California",
               "short_name" : "CA",
               "types" : [ "administrative_area_level_1", "political" ]
            },
            {
               "long_name" : "United States",
               "short_name" : "US",
               "types" : [ "country", "political" ]
            },
            {
               "long_name" : "94306",
               "short_name" : "94306",
               "types" : [ "postal_code" ]
            }
         ],
         "formatted_address" : "El Camino Real and California, Palo Alto, CA 94306, USA",
         "geometry" : {
            "location" : {
               "lat" : 37.4248549,
               "lng" : -122.1457969
            },
            "location_type" : "APPROXIMATE",
            "viewport" : {
               "northeast" : {
                  "lat" : 37.4262038802915,
                  "lng" : -122.1444479197085
               },
               "southwest" : {
                  "lat" : 37.4235059197085,
                  "lng" : -122.1471458802915
               }
            }
         },
         "partial_match" : true,
         "place_id" : "ChIJi_7IT--6j4ARLAMoYCSuhF8",
         "types" : [
            "bus_station",
            "transit_station",
            "point_of_interest",
            "establishment"
         ]
      },
      {
         "address_components" : [
            {
               "long_name" : "Palo Alto Square",
               "short_name" : "Palo Alto Square",
               "types" : [ "route" ]
            },
            {
               "long_name" : "Palo Alto",
               "short_name" : "Palo Alto",
               "types" : [ "locality", "political" ]
            },
            {
               "long_name" : "Santa Clara County",
               "short_name" : "Santa Clara County",
               "types" : [ "administrative_area_level_2", "political" ]
            },
            {
               "long_name" : "California",
               "short_name" : "CA",
               "types" : [ "administrative_area_level_1", "political" ]
            },
            {
               "long_name" : "United States",
               "short_name" : "US",
               "types" : [ "country", "political" ]
            },
            {
               "long_name" : "94306",
               "short_name" : "94306",
               "types" : [ "postal_code" ]
            }
         ],
         "formatted_address" : "Palo Alto Square, Palo Alto, CA 94306, USA",
         "geometry" : {
            "bounds" : {
               "northeast" : {
                  "lat" : 37.42215849999999,
                  "lng" : -122.1400484
               },
               "southwest" : {
                  "lat" : 37.4200599,
                  "lng" : -122.142805
               }
            },
            "location" : {
               "lat" : 37.4215111,
               "lng" : -122.1411675
            },
            "location_type" : "GEOMETRIC_CENTER",
            "viewport" : {
               "northeast" : {
                  "lat" : 37.42245818029149,
                  "lng" : -122.1400484
               },
               "southwest" : {
                  "lat" : 37.41976021970849,
                  "lng" : -122.142805
               }
            }
         },
         "partial_match" : true,
         "place_id" : "ChIJn2w_7u26j4AR81JcVDp6geY",
         "types" : [ "route" ]
      },
      {
         "address_components" : [
            {
               "long_name" : "3330 Hillview Ave",
               "short_name" : "3330 Hillview Ave",
               "types" : [ "premise" ]
            },
            {
               "long_name" : "3330",
               "short_name" : "3330",
               "types" : [ "street_number" ]
            },
            {
               "long_name" : "Hillview Avenue",
               "short_name" : "Hillview Ave",
               "types" : [ "route" ]
            },
            {
               "long_name" : "Palo Alto",
               "short_name" : "Palo Alto",
               "types" : [ "locality", "political" ]
            },
            {
               "long_name" : "Santa Clara County",
               "short_name" : "Santa Clara County",
               "types" : [ "administrative_area_level_2", "political" ]
            },
            {
               "long_name" : "California",
               "short_name" : "CA",
               "types" : [ "administrative_area_level_1", "political" ]
            },
            {
               "long_name" : "United States",
               "short_name" : "US",
               "types" : [ "country", "political" ]
            },
            {
               "long_name" : "94304",
               "short_name" : "94304",
               "types" : [ "postal_code" ]
            },
            {
               "long_name" : "1203",
               "short_name" : "1203",
               "types" : [ "postal_code_suffix" ]
            }
         ],
         "formatted_address" : "3330 Hillview Ave, 3330 Hillview Ave, Palo Alto, CA 94304, USA",
         "geometry" : {
            "bounds" : {
               "northeast" : {
                  "lat" : 37.4062287,
                  "lng" : -122.1457425
               },
               "southwest" : {
                  "lat" : 37.4057234,
                  "lng" : -122.1462033
               }
            },
            "location" : {
               "lat" : 37.4059761,
               "lng" : -122.1459729
            },
            "location_type" : "ROOFTOP",
            "viewport" : {
               "northeast" : {
                  "lat" : 37.4073250302915,
                  "lng" : -122.1446239197085
               },
               "southwest" : {
                  "lat" : 37.4046270697085,
                  "lng" : -122.1473218802915
               }
            }
         },
         "partial_match" : true,
         "place_id" : "ChIJv-kcAZq6j4ARoKYmYV143kw",
         "types" : [ "premise" ]
      }
   ],
   "status" : "OK"
}
