{
   "results" : [
      {
         "address_components" : [
            {
               "long_name" : "1090",
               "short_name" : "1090",
               "types" : [ "street_number" ]
            },
            {
               "long_name" : "Lithium Drive",
               "short_name" : "Lithium Dr",
               "types" : [ "route" ]
            },
            {
               "long_name" : "Thunder Bay",
               "short_name" : "Thunder Bay",
               "types" : [ "locality", "political" ]
            },
            {
               "long_name" : "Thunder Bay District",
               "short_name" : "Thunder Bay District",
               "types" : [ "administrative_area_level_2", "political" ]
            },
            {
               "long_name" : "Ontario",
               "short_name" : "ON",
               "types" : [ "administrative_area_level_1", "political" ]
            },
            {
               "long_name" : "Canada",
               "short_name" : "CA",
               "types" : [ "country", "political" ]
            },
            {
               "long_name" : "P7B 6J3",
               "short_name" : "P7B 6J3",
               "types" : [ "postal_code" ]
            }
         ],
         "formatted_address" : "1090 Lithium Dr, Thunder Bay, ON P7B 6J3, Canada",
         "geometry" : {
            "location" : {
               "lat" : 48.4156991,
               "lng" : -89.2554143
            },
            "location_type" : "ROOFTOP",
            "viewport" : {
               "northeast" : {
                  "lat" : 48.4170480802915,
                  "lng" : -89.25406531970849
               },
               "southwest" : {
                  "lat" : 48.4143501197085,
                  "lng" : -89.25676328029151
               }
            }
         },
         "partial_match" : true,
         "place_id" : "ChIJayES2OohWU0RjMXIVVo_9LI",
         "types" : [ "street_address" ]
      }
   ],
   "status" : "OK"
}
