{
   "results" : [
      {
         "address_components" : [
            {
               "long_name" : "11",
               "short_name" : "11",
               "types" : [ "street_number" ]
            },
            {
               "long_name" : "Braeside Road",
               "short_name" : "Braeside Rd",
               "types" : [ "route" ]
            },
            {
               "long_name" : "Fergus",
               "short_name" : "Fergus",
               "types" : [ "locality", "political" ]
            },
            {
               "long_name" : "Centre Wellington",
               "short_name" : "Centre Wellington",
               "types" : [ "administrative_area_level_3", "political" ]
            },
            {
               "long_name" : "Wellington County",
               "short_name" : "Wellington County",
               "types" : [ "administrative_area_level_2", "political" ]
            },
            {
               "long_name" : "Ontario",
               "short_name" : "ON",
               "types" : [ "administrative_area_level_1", "political" ]
            },
            {
               "long_name" : "Canada",
               "short_name" : "CA",
               "types" : [ "country", "political" ]
            },
            {
               "long_name" : "N1M 2V1",
               "short_name" : "N1M 2V1",
               "types" : [ "postal_code" ]
            }
         ],
         "formatted_address" : "11 Braeside Rd, Fergus, ON N1M 2V1, Canada",
         "geometry" : {
            "location" : {
               "lat" : 43.696697,
               "lng" : -80.37822
            },
            "location_type" : "ROOFTOP",
            "viewport" : {
               "northeast" : {
                  "lat" : 43.6980459802915,
                  "lng" : -80.37687101970849
               },
               "southwest" : {
                  "lat" : 43.6953480197085,
                  "lng" : -80.37956898029151
               }
            }
         },
         "place_id" : "ChIJFSV-Phu-K4gRKfnAjt12uq8",
         "types" : [ "street_address" ]
      }
   ],
   "status" : "OK"
}
