{
   "results" : [
      {
         "address_components" : [
            {
               "long_name" : "11",
               "short_name" : "11",
               "types" : [ "street_number" ]
            },
            {
               "long_name" : "Longboat Avenue",
               "short_name" : "Longboat Ave",
               "types" : [ "route" ]
            },
            {
               "long_name" : "Downtown",
               "short_name" : "Downtown",
               "types" : [ "neighborhood", "political" ]
            },
            {
               "long_name" : "Old Toronto",
               "short_name" : "Old Toronto",
               "types" : [ "sublocality_level_1", "sublocality", "political" ]
            },
            {
               "long_name" : "Toronto",
               "short_name" : "Toronto",
               "types" : [ "locality", "political" ]
            },
            {
               "long_name" : "Toronto Division",
               "short_name" : "Toronto Division",
               "types" : [ "administrative_area_level_2", "political" ]
            },
            {
               "long_name" : "Ontario",
               "short_name" : "ON",
               "types" : [ "administrative_area_level_1", "political" ]
            },
            {
               "long_name" : "Canada",
               "short_name" : "CA",
               "types" : [ "country", "political" ]
            },
            {
               "long_name" : "M5A 4C9",
               "short_name" : "M5A 4C9",
               "types" : [ "postal_code" ]
            }
         ],
         "formatted_address" : "11 Longboat Ave, Toronto, ON M5A 4C9, Canada",
         "geometry" : {
            "location" : {
               "lat" : 43.6479287,
               "lng" : -79.3651313
            },
            "location_type" : "ROOFTOP",
            "viewport" : {
               "northeast" : {
                  "lat" : 43.6492776802915,
                  "lng" : -79.36378231970849
               },
               "southwest" : {
                  "lat" : 43.6465797197085,
                  "lng" : -79.36648028029151
               }
            }
         },
         "place_id" : "ChIJhby_NjvL1IkRu7iUJpdmtIY",
         "types" : [ "street_address" ]
      }
   ],
   "status" : "OK"
}
