{
   "results" : [
      {
         "address_components" : [
            {
               "long_name" : "M5T 1T9",
               "short_name" : "M5T 1T9",
               "types" : [ "postal_code" ]
            },
            {
               "long_name" : "Queen Street West",
               "short_name" : "Queen Street West",
               "types" : [ "neighborhood", "political" ]
            },
            {
               "long_name" : "Old Toronto",
               "short_name" : "Old Toronto",
               "types" : [ "sublocality_level_1", "sublocality", "political" ]
            },
            {
               "long_name" : "Toronto",
               "short_name" : "Toronto",
               "types" : [ "locality", "political" ]
            },
            {
               "long_name" : "Toronto Division",
               "short_name" : "Toronto Division",
               "types" : [ "administrative_area_level_2", "political" ]
            },
            {
               "long_name" : "Ontario",
               "short_name" : "ON",
               "types" : [ "administrative_area_level_1", "political" ]
            },
            {
               "long_name" : "Canada",
               "short_name" : "CA",
               "types" : [ "country", "political" ]
            }
         ],
         "formatted_address" : "Toronto, ON M5T 1T9, Canada",
         "geometry" : {
            "bounds" : {
               "northeast" : {
                  "lat" : 43.6505737,
                  "lng" : -79.3886309
               },
               "southwest" : {
                  "lat" : 43.650345,
                  "lng" : -79.38893019999999
               }
            },
            "location" : {
               "lat" : 43.6504803,
               "lng" : -79.38874610000001
            },
            "location_type" : "APPROXIMATE",
            "viewport" : {
               "northeast" : {
                  "lat" : 43.65180833029149,
                  "lng" : -79.3874315697085
               },
               "southwest" : {
                  "lat" : 43.6491103697085,
                  "lng" : -79.3901295302915
               }
            }
         },
         "partial_match" : true,
         "place_id" : "ChIJUydTM840K4gR58BkiTkpBJM",
         "types" : [ "postal_code" ]
      }
   ],
   "status" : "OK"
}
