{
   "results" : [
      {
         "address_components" : [
            {
               "long_name" : "112",
               "short_name" : "112",
               "types" : [ "street_number" ]
            },
            {
               "long_name" : "Mildenhall Road",
               "short_name" : "Mildenhall Rd",
               "types" : [ "route" ]
            },
            {
               "long_name" : "Wanless Park",
               "short_name" : "Wanless Park",
               "types" : [ "neighborhood", "political" ]
            },
            {
               "long_name" : "North York",
               "short_name" : "North York",
               "types" : [ "sublocality_level_1", "sublocality", "political" ]
            },
            {
               "long_name" : "Toronto",
               "short_name" : "Toronto",
               "types" : [ "locality", "political" ]
            },
            {
               "long_name" : "Toronto Division",
               "short_name" : "Toronto Division",
               "types" : [ "administrative_area_level_2", "political" ]
            },
            {
               "long_name" : "Ontario",
               "short_name" : "ON",
               "types" : [ "administrative_area_level_1", "political" ]
            },
            {
               "long_name" : "Canada",
               "short_name" : "CA",
               "types" : [ "country", "political" ]
            },
            {
               "long_name" : "M4N 3H5",
               "short_name" : "M4N 3H5",
               "types" : [ "postal_code" ]
            }
         ],
         "formatted_address" : "112 Mildenhall Rd, North York, ON M4N 3H5, Canada",
         "geometry" : {
            "location" : {
               "lat" : 43.7296837,
               "lng" : -79.3878258
            },
            "location_type" : "ROOFTOP",
            "viewport" : {
               "northeast" : {
                  "lat" : 43.73103268029149,
                  "lng" : -79.38647681970851
               },
               "southwest" : {
                  "lat" : 43.72833471970849,
                  "lng" : -79.38917478029151
               }
            }
         },
         "place_id" : "ChIJnceMxc4yK4gRo95EhvviaiQ",
         "types" : [ "street_address" ]
      }
   ],
   "status" : "OK"
}
