{
   "results" : [
      {
         "address_components" : [
            {
               "long_name" : "114",
               "short_name" : "114",
               "types" : [ "street_number" ]
            },
            {
               "long_name" : "Rue Principale Nord",
               "short_name" : "Rue Principale N",
               "types" : [ "route" ]
            },
            {
               "long_name" : "Sacré-Coeur",
               "short_name" : "Sacré-Coeur",
               "types" : [ "locality", "political" ]
            },
            {
               "long_name" : "Sacré-Coeur",
               "short_name" : "Sacré-Coeur",
               "types" : [ "administrative_area_level_3", "political" ]
            },
            {
               "long_name" : "La Haute-Côte-Nord",
               "short_name" : "La Haute-Côte-Nord",
               "types" : [ "administrative_area_level_2", "political" ]
            },
            {
               "long_name" : "Québec",
               "short_name" : "QC",
               "types" : [ "administrative_area_level_1", "political" ]
            },
            {
               "long_name" : "Canada",
               "short_name" : "CA",
               "types" : [ "country", "political" ]
            },
            {
               "long_name" : "G0T 1Y0",
               "short_name" : "G0T 1Y0",
               "types" : [ "postal_code" ]
            }
         ],
         "formatted_address" : "114 Rue Principale N, Sacré-Coeur, QC G0T 1Y0, Canada",
         "geometry" : {
            "location" : {
               "lat" : 48.2350474,
               "lng" : -69.8029166
            },
            "location_type" : "ROOFTOP",
            "viewport" : {
               "northeast" : {
                  "lat" : 48.2363963802915,
                  "lng" : -69.80156761970849
               },
               "southwest" : {
                  "lat" : 48.2336984197085,
                  "lng" : -69.8042655802915
               }
            }
         },
         "partial_match" : true,
         "place_id" : "ChIJ6YqbdG59lUwRK6KprqTePZY",
         "types" : [ "street_address" ]
      }
   ],
   "status" : "OK"
}
