{
   "results" : [
      {
         "address_components" : [
            {
               "long_name" : "250",
               "short_name" : "250",
               "types" : [ "subpremise" ]
            },
            {
               "long_name" : "1178",
               "short_name" : "1178",
               "types" : [ "street_number" ]
            },
            {
               "long_name" : "Place Phillips",
               "short_name" : "Place Phillips",
               "types" : [ "route" ]
            },
            {
               "long_name" : "Downtown",
               "short_name" : "Downtown",
               "types" : [ "neighborhood", "political" ]
            },
            {
               "long_name" : "Ville-Marie",
               "short_name" : "Ville-Marie",
               "types" : [ "sublocality_level_1", "sublocality", "political" ]
            },
            {
               "long_name" : "Montréal",
               "short_name" : "Montréal",
               "types" : [ "locality", "political" ]
            },
            {
               "long_name" : "Communauté-Urbaine-de-Montréal",
               "short_name" : "Communauté-Urbaine-de-Montréal",
               "types" : [ "administrative_area_level_2", "political" ]
            },
            {
               "long_name" : "Québec",
               "short_name" : "QC",
               "types" : [ "administrative_area_level_1", "political" ]
            },
            {
               "long_name" : "Canada",
               "short_name" : "CA",
               "types" : [ "country", "political" ]
            },
            {
               "long_name" : "H3B",
               "short_name" : "H3B",
               "types" : [ "postal_code_prefix", "postal_code" ]
            }
         ],
         "formatted_address" : "1178 Place Phillips #250, Montréal, QC H3B, Canada",
         "geometry" : {
            "location" : {
               "lat" : 45.5033746,
               "lng" : -73.56721659999999
            },
            "location_type" : "ROOFTOP",
            "viewport" : {
               "northeast" : {
                  "lat" : 45.5047235802915,
                  "lng" : -73.5658676197085
               },
               "southwest" : {
                  "lat" : 45.5020256197085,
                  "lng" : -73.56856558029151
               }
            }
         },
         "partial_match" : true,
         "place_id" : "EjMxMTc4IFBsYWNlIFBoaWxsaXBzICMyNTAsIE1vbnRyw6lhbCwgUUMgSDNCLCBDYW5hZGE",
         "types" : [ "subpremise" ]
      }
   ],
   "status" : "OK"
}
