{
   "results" : [
      {
         "address_components" : [
            {
               "long_name" : "120",
               "short_name" : "120",
               "types" : [ "street_number" ]
            },
            {
               "long_name" : "Albany Avenue",
               "short_name" : "Albany Ave",
               "types" : [ "route" ]
            },
            {
               "long_name" : "Midtown Toronto",
               "short_name" : "Midtown Toronto",
               "types" : [ "neighborhood", "political" ]
            },
            {
               "long_name" : "Old Toronto",
               "short_name" : "Old Toronto",
               "types" : [ "sublocality_level_1", "sublocality", "political" ]
            },
            {
               "long_name" : "Toronto",
               "short_name" : "Toronto",
               "types" : [ "locality", "political" ]
            },
            {
               "long_name" : "Toronto Division",
               "short_name" : "Toronto Division",
               "types" : [ "administrative_area_level_2", "political" ]
            },
            {
               "long_name" : "Ontario",
               "short_name" : "ON",
               "types" : [ "administrative_area_level_1", "political" ]
            },
            {
               "long_name" : "Canada",
               "short_name" : "CA",
               "types" : [ "country", "political" ]
            },
            {
               "long_name" : "M5R 3C4",
               "short_name" : "M5R 3C4",
               "types" : [ "postal_code" ]
            }
         ],
         "formatted_address" : "120 Albany Ave, Toronto, ON M5R 3C4, Canada",
         "geometry" : {
            "location" : {
               "lat" : 43.66924119999999,
               "lng" : -79.41177949999999
            },
            "location_type" : "ROOFTOP",
            "viewport" : {
               "northeast" : {
                  "lat" : 43.6705901802915,
                  "lng" : -79.4104305197085
               },
               "southwest" : {
                  "lat" : 43.6678922197085,
                  "lng" : -79.4131284802915
               }
            }
         },
         "place_id" : "ChIJx3hPWpA0K4gR6OqQ0XvvG_g",
         "types" : [ "street_address" ]
      }
   ],
   "status" : "OK"
}
