{
   "results" : [
      {
         "address_components" : [
            {
               "long_name" : "94",
               "short_name" : "94",
               "types" : [ "street_number" ]
            },
            {
               "long_name" : "King Street",
               "short_name" : "King St",
               "types" : [ "route" ]
            },
            {
               "long_name" : "Chesterville",
               "short_name" : "Chesterville",
               "types" : [ "locality", "political" ]
            },
            {
               "long_name" : "North Dundas",
               "short_name" : "North Dundas",
               "types" : [ "administrative_area_level_3", "political" ]
            },
            {
               "long_name" : "Stormont, Dundas and Glengarry United Counties",
               "short_name" : "Stormont, Dundas and Glengarry United Counties",
               "types" : [ "administrative_area_level_2", "political" ]
            },
            {
               "long_name" : "Ontario",
               "short_name" : "ON",
               "types" : [ "administrative_area_level_1", "political" ]
            },
            {
               "long_name" : "Canada",
               "short_name" : "CA",
               "types" : [ "country", "political" ]
            },
            {
               "long_name" : "K0C 1H0",
               "short_name" : "K0C 1H0",
               "types" : [ "postal_code" ]
            }
         ],
         "formatted_address" : "94 King St, Chesterville, ON K0C 1H0, Canada",
         "geometry" : {
            "location" : {
               "lat" : 45.1051768,
               "lng" : -75.23021729999999
            },
            "location_type" : "ROOFTOP",
            "viewport" : {
               "northeast" : {
                  "lat" : 45.1065257802915,
                  "lng" : -75.22886831970848
               },
               "southwest" : {
                  "lat" : 45.1038278197085,
                  "lng" : -75.23156628029149
               }
            }
         },
         "partial_match" : true,
         "place_id" : "ChIJv68dJZDSzUwRAnSZRGpHeYE",
         "types" : [ "street_address" ]
      }
   ],
   "status" : "OK"
}
