{
   "results" : [
      {
         "address_components" : [
            {
               "long_name" : "50",
               "short_name" : "50",
               "types" : [ "street_number" ]
            },
            {
               "long_name" : "Huntley Crescent",
               "short_name" : "Huntley Crescent",
               "types" : [ "route" ]
            },
            {
               "long_name" : "Westmount",
               "short_name" : "Westmount",
               "types" : [ "neighborhood", "political" ]
            },
            {
               "long_name" : "Kitchener",
               "short_name" : "Kitchener",
               "types" : [ "locality", "political" ]
            },
            {
               "long_name" : "Waterloo Regional Municipality",
               "short_name" : "Waterloo Regional Municipality",
               "types" : [ "administrative_area_level_2", "political" ]
            },
            {
               "long_name" : "Ontario",
               "short_name" : "ON",
               "types" : [ "administrative_area_level_1", "political" ]
            },
            {
               "long_name" : "Canada",
               "short_name" : "CA",
               "types" : [ "country", "political" ]
            },
            {
               "long_name" : "N2M 2R3",
               "short_name" : "N2M 2R3",
               "types" : [ "postal_code" ]
            }
         ],
         "formatted_address" : "50 Huntley Crescent, Kitchener, ON N2M 2R3, Canada",
         "geometry" : {
            "location" : {
               "lat" : 43.4483194,
               "lng" : -80.53046069999999
            },
            "location_type" : "ROOFTOP",
            "viewport" : {
               "northeast" : {
                  "lat" : 43.44966838029151,
                  "lng" : -80.52911171970848
               },
               "southwest" : {
                  "lat" : 43.44697041970851,
                  "lng" : -80.53180968029149
               }
            }
         },
         "partial_match" : true,
         "place_id" : "ChIJf0em_Tr0K4gRYowrGviLKOA",
         "types" : [ "street_address" ]
      }
   ],
   "status" : "OK"
}
