{
   "results" : [
      {
         "address_components" : [
            {
               "long_name" : "55474",
               "short_name" : "55474",
               "types" : [ "postal_code" ]
            },
            {
               "long_name" : "Downtown West",
               "short_name" : "Downtown West",
               "types" : [ "neighborhood", "political" ]
            },
            {
               "long_name" : "Minneapolis",
               "short_name" : "Minneapolis",
               "types" : [ "locality", "political" ]
            },
            {
               "long_name" : "Hennepin County",
               "short_name" : "Hennepin County",
               "types" : [ "administrative_area_level_2", "political" ]
            },
            {
               "long_name" : "Minnesota",
               "short_name" : "MN",
               "types" : [ "administrative_area_level_1", "political" ]
            },
            {
               "long_name" : "United States",
               "short_name" : "US",
               "types" : [ "country", "political" ]
            }
         ],
         "formatted_address" : "Minneapolis, MN 55474, USA",
         "geometry" : {
            "location" : {
               "lat" : 44.9799999,
               "lng" : -93.27
            },
            "location_type" : "APPROXIMATE",
            "viewport" : {
               "northeast" : {
                  "lat" : 44.9813488802915,
                  "lng" : -93.2686510197085
               },
               "southwest" : {
                  "lat" : 44.9786509197085,
                  "lng" : -93.27134898029151
               }
            }
         },
         "partial_match" : true,
         "place_id" : "ChIJ8TTcHZ0ys1IRHg8FuqwgFmk",
         "types" : [ "postal_code" ]
      }
   ],
   "status" : "OK"
}
