{
   "results" : [
      {
         "address_components" : [
            {
               "long_name" : "85",
               "short_name" : "85",
               "types" : [ "street_number" ]
            },
            {
               "long_name" : "Coleridge Avenue",
               "short_name" : "Coleridge Ave",
               "types" : [ "route" ]
            },
            {
               "long_name" : "Woodbine - Lumsden",
               "short_name" : "Woodbine - Lumsden",
               "types" : [ "neighborhood", "political" ]
            },
            {
               "long_name" : "East York",
               "short_name" : "East York",
               "types" : [ "sublocality_level_1", "sublocality", "political" ]
            },
            {
               "long_name" : "Toronto",
               "short_name" : "Toronto",
               "types" : [ "locality", "political" ]
            },
            {
               "long_name" : "Toronto Division",
               "short_name" : "Toronto Division",
               "types" : [ "administrative_area_level_2", "political" ]
            },
            {
               "long_name" : "Ontario",
               "short_name" : "ON",
               "types" : [ "administrative_area_level_1", "political" ]
            },
            {
               "long_name" : "Canada",
               "short_name" : "CA",
               "types" : [ "country", "political" ]
            },
            {
               "long_name" : "M4C 4H7",
               "short_name" : "M4C 4H7",
               "types" : [ "postal_code" ]
            }
         ],
         "formatted_address" : "85 Coleridge Ave, East York, ON M4C 4H7, Canada",
         "geometry" : {
            "bounds" : {
               "northeast" : {
                  "lat" : 43.6895191,
                  "lng" : -79.3134254
               },
               "southwest" : {
                  "lat" : 43.6895151,
                  "lng" : -79.31344330000002
               }
            },
            "location" : {
               "lat" : 43.6895191,
               "lng" : -79.3134254
            },
            "location_type" : "RANGE_INTERPOLATED",
            "viewport" : {
               "northeast" : {
                  "lat" : 43.6908660802915,
                  "lng" : -79.31208536970851
               },
               "southwest" : {
                  "lat" : 43.6881681197085,
                  "lng" : -79.31478333029152
               }
            }
         },
         "partial_match" : true,
         "place_id" : "Ei84NSBDb2xlcmlkZ2UgQXZlLCBFYXN0IFlvcmssIE9OIE00QyA0SDcsIENhbmFkYQ",
         "types" : [ "street_address" ]
      }
   ],
   "status" : "OK"
}
