{
   "results" : [
      {
         "address_components" : [
            {
               "long_name" : "10",
               "short_name" : "10",
               "types" : [ "street_number" ]
            },
            {
               "long_name" : "Chris Court",
               "short_name" : "Chris Ct",
               "types" : [ "route" ]
            },
            {
               "long_name" : "Saint Jacobs",
               "short_name" : "St. Jacobs",
               "types" : [ "locality", "political" ]
            },
            {
               "long_name" : "Woolwich",
               "short_name" : "Woolwich",
               "types" : [ "administrative_area_level_3", "political" ]
            },
            {
               "long_name" : "Waterloo Regional Municipality",
               "short_name" : "Waterloo Regional Municipality",
               "types" : [ "administrative_area_level_2", "political" ]
            },
            {
               "long_name" : "Ontario",
               "short_name" : "ON",
               "types" : [ "administrative_area_level_1", "political" ]
            },
            {
               "long_name" : "Canada",
               "short_name" : "CA",
               "types" : [ "country", "political" ]
            },
            {
               "long_name" : "N0B 2N0",
               "short_name" : "N0B 2N0",
               "types" : [ "postal_code" ]
            }
         ],
         "formatted_address" : "10 Chris Ct, St. Jacobs, ON N0B 2N0, Canada",
         "geometry" : {
            "location" : {
               "lat" : 43.543389,
               "lng" : -80.555621
            },
            "location_type" : "ROOFTOP",
            "viewport" : {
               "northeast" : {
                  "lat" : 43.5447379802915,
                  "lng" : -80.55427201970849
               },
               "southwest" : {
                  "lat" : 43.5420400197085,
                  "lng" : -80.55696998029151
               }
            }
         },
         "place_id" : "ChIJQdrT-e_xK4gRvJcgI-sAw1o",
         "types" : [ "street_address" ]
      }
   ],
   "status" : "OK"
}
