{
   "results" : [
      {
         "address_components" : [
            {
               "long_name" : "502",
               "short_name" : "502",
               "types" : [ "subpremise" ]
            },
            {
               "long_name" : "10",
               "short_name" : "10",
               "types" : [ "street_number" ]
            },
            {
               "long_name" : "Ellen Street East",
               "short_name" : "Ellen St E",
               "types" : [ "route" ]
            },
            {
               "long_name" : "Civic Centre",
               "short_name" : "Civic Centre",
               "types" : [ "neighborhood", "political" ]
            },
            {
               "long_name" : "Kitchener",
               "short_name" : "Kitchener",
               "types" : [ "locality", "political" ]
            },
            {
               "long_name" : "Waterloo Regional Municipality",
               "short_name" : "Waterloo Regional Municipality",
               "types" : [ "administrative_area_level_2", "political" ]
            },
            {
               "long_name" : "Ontario",
               "short_name" : "ON",
               "types" : [ "administrative_area_level_1", "political" ]
            },
            {
               "long_name" : "Canada",
               "short_name" : "CA",
               "types" : [ "country", "political" ]
            },
            {
               "long_name" : "N2H 6R8",
               "short_name" : "N2H 6R8",
               "types" : [ "postal_code" ]
            }
         ],
         "formatted_address" : "10 Ellen St E #502, Kitchener, ON N2H 6R8, Canada",
         "geometry" : {
            "location" : {
               "lat" : 43.4551841,
               "lng" : -80.4840877
            },
            "location_type" : "ROOFTOP",
            "viewport" : {
               "northeast" : {
                  "lat" : 43.45653308029151,
                  "lng" : -80.48273871970851
               },
               "southwest" : {
                  "lat" : 43.45383511970851,
                  "lng" : -80.48543668029151
               }
            }
         },
         "place_id" : "EjExMCBFbGxlbiBTdCBFICM1MDIsIEtpdGNoZW5lciwgT04gTjJIIDZSOCwgQ2FuYWRh",
         "types" : [ "subpremise" ]
      }
   ],
   "status" : "OK"
}
