{
   "results" : [
      {
         "address_components" : [
            {
               "long_name" : "10",
               "short_name" : "10",
               "types" : [ "street_number" ]
            },
            {
               "long_name" : "Emery Court",
               "short_name" : "Emery Ct",
               "types" : [ "route" ]
            },
            {
               "long_name" : "Saint Albert",
               "short_name" : "St Albert",
               "types" : [ "locality", "political" ]
            },
            {
               "long_name" : "Division No. 11",
               "short_name" : "Division No. 11",
               "types" : [ "administrative_area_level_2", "political" ]
            },
            {
               "long_name" : "Alberta",
               "short_name" : "AB",
               "types" : [ "administrative_area_level_1", "political" ]
            },
            {
               "long_name" : "Canada",
               "short_name" : "CA",
               "types" : [ "country", "political" ]
            },
            {
               "long_name" : "T8N 5T3",
               "short_name" : "T8N 5T3",
               "types" : [ "postal_code" ]
            }
         ],
         "formatted_address" : "10 Emery Ct, St Albert, AB T8N 5T3, Canada",
         "geometry" : {
            "location" : {
               "lat" : 53.65979189999999,
               "lng" : -113.62904
            },
            "location_type" : "ROOFTOP",
            "viewport" : {
               "northeast" : {
                  "lat" : 53.6611408802915,
                  "lng" : -113.6276910197085
               },
               "southwest" : {
                  "lat" : 53.6584429197085,
                  "lng" : -113.6303889802915
               }
            }
         },
         "partial_match" : true,
         "place_id" : "ChIJ4ZhPYPcloFMRMR1ZHpNd3n8",
         "types" : [ "street_address" ]
      }
   ],
   "status" : "OK"
}
