{
   "results" : [
      {
         "address_components" : [
            {
               "long_name" : "10",
               "short_name" : "10",
               "types" : [ "street_number" ]
            },
            {
               "long_name" : "Fawn Crescent",
               "short_name" : "Fawn Crescent",
               "types" : [ "route" ]
            },
            {
               "long_name" : "Barrie",
               "short_name" : "Barrie",
               "types" : [ "locality", "political" ]
            },
            {
               "long_name" : "Simcoe County",
               "short_name" : "Simcoe County",
               "types" : [ "administrative_area_level_2", "political" ]
            },
            {
               "long_name" : "Ontario",
               "short_name" : "ON",
               "types" : [ "administrative_area_level_1", "political" ]
            },
            {
               "long_name" : "Canada",
               "short_name" : "CA",
               "types" : [ "country", "political" ]
            },
            {
               "long_name" : "L4N 7Z5",
               "short_name" : "L4N 7Z5",
               "types" : [ "postal_code" ]
            }
         ],
         "formatted_address" : "10 Fawn Crescent, Barrie, ON L4N 7Z5, Canada",
         "geometry" : {
            "location" : {
               "lat" : 44.3527609,
               "lng" : -79.70954669999999
            },
            "location_type" : "ROOFTOP",
            "viewport" : {
               "northeast" : {
                  "lat" : 44.3541098802915,
                  "lng" : -79.70819771970848
               },
               "southwest" : {
                  "lat" : 44.3514119197085,
                  "lng" : -79.71089568029149
               }
            }
         },
         "place_id" : "ChIJNSNELwm9KogRnaHVIA728tA",
         "types" : [ "street_address" ]
      }
   ],
   "status" : "OK"
}
