{
   "results" : [
      {
         "address_components" : [
            {
               "long_name" : "10",
               "short_name" : "10",
               "types" : [ "street_number" ]
            },
            {
               "long_name" : "Strath Humber Court",
               "short_name" : "Strath Humber Ct",
               "types" : [ "route" ]
            },
            {
               "long_name" : "Edenbridge - Humber Valley",
               "short_name" : "Edenbridge - Humber Valley",
               "types" : [ "neighborhood", "political" ]
            },
            {
               "long_name" : "Etobicoke",
               "short_name" : "Etobicoke",
               "types" : [ "sublocality_level_1", "sublocality", "political" ]
            },
            {
               "long_name" : "Toronto",
               "short_name" : "Toronto",
               "types" : [ "locality", "political" ]
            },
            {
               "long_name" : "Toronto Division",
               "short_name" : "Toronto Division",
               "types" : [ "administrative_area_level_2", "political" ]
            },
            {
               "long_name" : "Ontario",
               "short_name" : "ON",
               "types" : [ "administrative_area_level_1", "political" ]
            },
            {
               "long_name" : "Canada",
               "short_name" : "CA",
               "types" : [ "country", "political" ]
            },
            {
               "long_name" : "M9A 4C8",
               "short_name" : "M9A 4C8",
               "types" : [ "postal_code" ]
            }
         ],
         "formatted_address" : "10 Strath Humber Ct, Etobicoke, ON M9A 4C8, Canada",
         "geometry" : {
            "bounds" : {
               "northeast" : {
                  "lat" : 43.6616618,
                  "lng" : -79.51647229999999
               },
               "southwest" : {
                  "lat" : 43.6616493,
                  "lng" : -79.5164796
               }
            },
            "location" : {
               "lat" : 43.6616618,
               "lng" : -79.5164796
            },
            "location_type" : "RANGE_INTERPOLATED",
            "viewport" : {
               "northeast" : {
                  "lat" : 43.6630045302915,
                  "lng" : -79.51512696970849
               },
               "southwest" : {
                  "lat" : 43.6603065697085,
                  "lng" : -79.51782493029151
               }
            }
         },
         "partial_match" : true,
         "place_id" : "EjIxMCBTdHJhdGggSHVtYmVyIEN0LCBFdG9iaWNva2UsIE9OIE05QSA0QzgsIENhbmFkYQ",
         "types" : [ "street_address" ]
      }
   ],
   "status" : "OK"
}
