{
   "results" : [
      {
         "address_components" : [
            {
               "long_name" : "220",
               "short_name" : "220",
               "types" : [ "street_number" ]
            },
            {
               "long_name" : "Kingswood Drive",
               "short_name" : "Kingswood Dr",
               "types" : [ "route" ]
            },
            {
               "long_name" : "Alpine",
               "short_name" : "Alpine",
               "types" : [ "neighborhood", "political" ]
            },
            {
               "long_name" : "Kitchener",
               "short_name" : "Kitchener",
               "types" : [ "locality", "political" ]
            },
            {
               "long_name" : "Waterloo Regional Municipality",
               "short_name" : "Waterloo Regional Municipality",
               "types" : [ "administrative_area_level_2", "political" ]
            },
            {
               "long_name" : "Ontario",
               "short_name" : "ON",
               "types" : [ "administrative_area_level_1", "political" ]
            },
            {
               "long_name" : "Canada",
               "short_name" : "CA",
               "types" : [ "country", "political" ]
            },
            {
               "long_name" : "N2E 2K2",
               "short_name" : "N2E 2K2",
               "types" : [ "postal_code" ]
            }
         ],
         "formatted_address" : "220 Kingswood Dr, Kitchener, ON N2E 2K2, Canada",
         "geometry" : {
            "location" : {
               "lat" : 43.422357,
               "lng" : -80.47622899999999
            },
            "location_type" : "ROOFTOP",
            "viewport" : {
               "northeast" : {
                  "lat" : 43.42370598029149,
                  "lng" : -80.47488001970849
               },
               "southwest" : {
                  "lat" : 43.42100801970849,
                  "lng" : -80.4775779802915
               }
            }
         },
         "partial_match" : true,
         "place_id" : "ChIJER_FTD31K4gRwa1WqeneAXk",
         "types" : [ "street_address" ]
      }
   ],
   "status" : "OK"
}
