{
   "results" : [
      {
         "address_components" : [
            {
               "long_name" : "1010",
               "short_name" : "1010",
               "types" : [ "street_number" ]
            },
            {
               "long_name" : "Rue de la Gauchetière Ouest",
               "short_name" : "Rue de la Gauchetière O",
               "types" : [ "route" ]
            },
            {
               "long_name" : "Downtown",
               "short_name" : "Downtown",
               "types" : [ "neighborhood", "political" ]
            },
            {
               "long_name" : "Ville-Marie",
               "short_name" : "Ville-Marie",
               "types" : [ "sublocality_level_1", "sublocality", "political" ]
            },
            {
               "long_name" : "Montréal",
               "short_name" : "Montréal",
               "types" : [ "locality", "political" ]
            },
            {
               "long_name" : "Communauté-Urbaine-de-Montréal",
               "short_name" : "Communauté-Urbaine-de-Montréal",
               "types" : [ "administrative_area_level_2", "political" ]
            },
            {
               "long_name" : "Québec",
               "short_name" : "QC",
               "types" : [ "administrative_area_level_1", "political" ]
            },
            {
               "long_name" : "Canada",
               "short_name" : "CA",
               "types" : [ "country", "political" ]
            },
            {
               "long_name" : "H3B",
               "short_name" : "H3B",
               "types" : [ "postal_code_prefix", "postal_code" ]
            }
         ],
         "formatted_address" : "1010 Rue de la Gauchetière O, Montréal, QC H3B, Canada",
         "geometry" : {
            "location" : {
               "lat" : 45.49750419999999,
               "lng" : -73.56663800000001
            },
            "location_type" : "ROOFTOP",
            "viewport" : {
               "northeast" : {
                  "lat" : 45.49885318029149,
                  "lng" : -73.56528901970852
               },
               "southwest" : {
                  "lat" : 45.49615521970849,
                  "lng" : -73.56798698029152
               }
            }
         },
         "partial_match" : true,
         "place_id" : "ChIJn_WEPV0ayUwRb__9CJKu-oI",
         "types" : [ "street_address" ]
      }
   ],
   "status" : "OK"
}
