{
   "results" : [
      {
         "address_components" : [
            {
               "long_name" : "1235",
               "short_name" : "1235",
               "types" : [ "street_number" ]
            },
            {
               "long_name" : "Donlea Crescent",
               "short_name" : "Donlea Crescent",
               "types" : [ "route" ]
            },
            {
               "long_name" : "Oakville",
               "short_name" : "Oakville",
               "types" : [ "locality", "political" ]
            },
            {
               "long_name" : "Halton Regional Municipality",
               "short_name" : "Halton Regional Municipality",
               "types" : [ "administrative_area_level_2", "political" ]
            },
            {
               "long_name" : "Ontario",
               "short_name" : "ON",
               "types" : [ "administrative_area_level_1", "political" ]
            },
            {
               "long_name" : "Canada",
               "short_name" : "CA",
               "types" : [ "country", "political" ]
            },
            {
               "long_name" : "L6J 1V8",
               "short_name" : "L6J 1V8",
               "types" : [ "postal_code" ]
            }
         ],
         "formatted_address" : "1235 Donlea Crescent, Oakville, ON L6J 1V8, Canada",
         "geometry" : {
            "location" : {
               "lat" : 43.4630296,
               "lng" : -79.65458
            },
            "location_type" : "ROOFTOP",
            "viewport" : {
               "northeast" : {
                  "lat" : 43.46437858029149,
                  "lng" : -79.6532310197085
               },
               "southwest" : {
                  "lat" : 43.4616806197085,
                  "lng" : -79.65592898029151
               }
            }
         },
         "place_id" : "ChIJzT8mZ6ZcK4gR2ofW1sN40HI",
         "types" : [ "street_address" ]
      }
   ],
   "status" : "OK"
}
