{
   "results" : [
      {
         "address_components" : [
            {
               "long_name" : "1008",
               "short_name" : "1008",
               "types" : [ "street_number" ]
            },
            {
               "long_name" : "Mackid Road Northeast",
               "short_name" : "Mackid Rd NE",
               "types" : [ "route" ]
            },
            {
               "long_name" : "Northeast Calgary",
               "short_name" : "Northeast Calgary",
               "types" : [ "neighborhood", "political" ]
            },
            {
               "long_name" : "Calgary",
               "short_name" : "Calgary",
               "types" : [ "locality", "political" ]
            },
            {
               "long_name" : "Division No. 6",
               "short_name" : "Division No. 6",
               "types" : [ "administrative_area_level_2", "political" ]
            },
            {
               "long_name" : "Alberta",
               "short_name" : "AB",
               "types" : [ "administrative_area_level_1", "political" ]
            },
            {
               "long_name" : "Canada",
               "short_name" : "CA",
               "types" : [ "country", "political" ]
            },
            {
               "long_name" : "T2E 6A9",
               "short_name" : "T2E 6A9",
               "types" : [ "postal_code" ]
            }
         ],
         "formatted_address" : "1008 Mackid Rd NE, Calgary, AB T2E 6A9, Canada",
         "geometry" : {
            "location" : {
               "lat" : 51.060665,
               "lng" : -114.0117362
            },
            "location_type" : "ROOFTOP",
            "viewport" : {
               "northeast" : {
                  "lat" : 51.0620139802915,
                  "lng" : -114.0103872197085
               },
               "southwest" : {
                  "lat" : 51.0593160197085,
                  "lng" : -114.0130851802915
               }
            }
         },
         "place_id" : "ChIJWRV04y1lcVMRmT5NsOv8wLM",
         "types" : [ "street_address" ]
      }
   ],
   "status" : "OK"
}
