{
   "results" : [
      {
         "address_components" : [
            {
               "long_name" : "101",
               "short_name" : "101",
               "types" : [ "street_number" ]
            },
            {
               "long_name" : "Crescent Avenue",
               "short_name" : "Crescent Ave",
               "types" : [ "route" ]
            },
            {
               "long_name" : "Saint Thomas",
               "short_name" : "St. Thomas",
               "types" : [ "locality", "political" ]
            },
            {
               "long_name" : "Central Elgin",
               "short_name" : "Central Elgin",
               "types" : [ "administrative_area_level_3", "political" ]
            },
            {
               "long_name" : "Elgin County",
               "short_name" : "Elgin County",
               "types" : [ "administrative_area_level_2", "political" ]
            },
            {
               "long_name" : "Ontario",
               "short_name" : "ON",
               "types" : [ "administrative_area_level_1", "political" ]
            },
            {
               "long_name" : "Canada",
               "short_name" : "CA",
               "types" : [ "country", "political" ]
            },
            {
               "long_name" : "N5P 2K4",
               "short_name" : "N5P 2K4",
               "types" : [ "postal_code" ]
            }
         ],
         "formatted_address" : "101 Crescent Ave, St. Thomas, ON N5P 2K4, Canada",
         "geometry" : {
            "location" : {
               "lat" : 42.7918146,
               "lng" : -81.20907769999999
            },
            "location_type" : "ROOFTOP",
            "viewport" : {
               "northeast" : {
                  "lat" : 42.79316358029149,
                  "lng" : -81.2077287197085
               },
               "southwest" : {
                  "lat" : 42.79046561970849,
                  "lng" : -81.2104266802915
               }
            }
         },
         "place_id" : "ChIJj_oQk_heLogR__yTSi-Sh94",
         "types" : [ "street_address" ]
      }
   ],
   "status" : "OK"
}
