{
   "results" : [
      {
         "address_components" : [
            {
               "long_name" : "101",
               "short_name" : "101",
               "types" : [ "street_number" ]
            },
            {
               "long_name" : "Rue Parkview",
               "short_name" : "Rue Parkview",
               "types" : [ "route" ]
            },
            {
               "long_name" : "Châteauguay",
               "short_name" : "Châteauguay",
               "types" : [ "locality", "political" ]
            },
            {
               "long_name" : "Roussillon",
               "short_name" : "Roussillon",
               "types" : [ "administrative_area_level_2", "political" ]
            },
            {
               "long_name" : "Québec",
               "short_name" : "QC",
               "types" : [ "administrative_area_level_1", "political" ]
            },
            {
               "long_name" : "Canada",
               "short_name" : "CA",
               "types" : [ "country", "political" ]
            },
            {
               "long_name" : "J6K 2H2",
               "short_name" : "J6K 2H2",
               "types" : [ "postal_code" ]
            }
         ],
         "formatted_address" : "101 Rue Parkview, Châteauguay, QC J6K 2H2, Canada",
         "geometry" : {
            "location" : {
               "lat" : 45.349243,
               "lng" : -73.7236999
            },
            "location_type" : "ROOFTOP",
            "viewport" : {
               "northeast" : {
                  "lat" : 45.3505919802915,
                  "lng" : -73.72235091970849
               },
               "southwest" : {
                  "lat" : 45.3478940197085,
                  "lng" : -73.7250488802915
               }
            }
         },
         "place_id" : "ChIJ-dwsF8oUyUwRy84mAjHbutQ",
         "types" : [ "street_address" ]
      }
   ],
   "status" : "OK"
}
