{
   "results" : [
      {
         "address_components" : [
            {
               "long_name" : "1011",
               "short_name" : "1011",
               "types" : [ "street_number" ]
            },
            {
               "long_name" : "Willow Drive",
               "short_name" : "Willow Dr",
               "types" : [ "route" ]
            },
            {
               "long_name" : "Westminster",
               "short_name" : "Westminster",
               "types" : [ "neighborhood", "political" ]
            },
            {
               "long_name" : "London",
               "short_name" : "London",
               "types" : [ "locality", "political" ]
            },
            {
               "long_name" : "Middlesex County",
               "short_name" : "Middlesex County",
               "types" : [ "administrative_area_level_2", "political" ]
            },
            {
               "long_name" : "Ontario",
               "short_name" : "ON",
               "types" : [ "administrative_area_level_1", "political" ]
            },
            {
               "long_name" : "Canada",
               "short_name" : "CA",
               "types" : [ "country", "political" ]
            },
            {
               "long_name" : "N6E 1P4",
               "short_name" : "N6E 1P4",
               "types" : [ "postal_code" ]
            }
         ],
         "formatted_address" : "1011 Willow Dr, London, ON N6E 1P4, Canada",
         "geometry" : {
            "location" : {
               "lat" : 42.9369328,
               "lng" : -81.21990079999999
            },
            "location_type" : "ROOFTOP",
            "viewport" : {
               "northeast" : {
                  "lat" : 42.9382817802915,
                  "lng" : -81.21855181970849
               },
               "southwest" : {
                  "lat" : 42.9355838197085,
                  "lng" : -81.2212497802915
               }
            }
         },
         "place_id" : "ChIJHSivIL3zLogRPDOLmHv2eAw",
         "types" : [ "street_address" ]
      }
   ],
   "status" : "OK"
}
