{
   "results" : [
      {
         "address_components" : [
            {
               "long_name" : "1016",
               "short_name" : "1016",
               "types" : [ "street_number" ]
            },
            {
               "long_name" : "Kerfoot Crescent Southwest",
               "short_name" : "Kerfoot Crescent SW",
               "types" : [ "route" ]
            },
            {
               "long_name" : "Kelvin Grove",
               "short_name" : "Kelvin Grove",
               "types" : [ "neighborhood", "political" ]
            },
            {
               "long_name" : "Calgary",
               "short_name" : "Calgary",
               "types" : [ "locality", "political" ]
            },
            {
               "long_name" : "Division No. 6",
               "short_name" : "Division No. 6",
               "types" : [ "administrative_area_level_2", "political" ]
            },
            {
               "long_name" : "Alberta",
               "short_name" : "AB",
               "types" : [ "administrative_area_level_1", "political" ]
            },
            {
               "long_name" : "Canada",
               "short_name" : "CA",
               "types" : [ "country", "political" ]
            },
            {
               "long_name" : "T2V 2M7",
               "short_name" : "T2V 2M7",
               "types" : [ "postal_code" ]
            }
         ],
         "formatted_address" : "1016 Kerfoot Crescent SW, Calgary, AB T2V 2M7, Canada",
         "geometry" : {
            "location" : {
               "lat" : 50.9894358,
               "lng" : -114.0870205
            },
            "location_type" : "ROOFTOP",
            "viewport" : {
               "northeast" : {
                  "lat" : 50.9907847802915,
                  "lng" : -114.0856715197085
               },
               "southwest" : {
                  "lat" : 50.9880868197085,
                  "lng" : -114.0883694802915
               }
            }
         },
         "place_id" : "ChIJFxmVeQZxcVMRf7j5HZaBZfE",
         "types" : [ "street_address" ]
      }
   ],
   "status" : "OK"
}
