{
   "results" : [
      {
         "address_components" : [
            {
               "long_name" : "102",
               "short_name" : "102",
               "types" : [ "street_number" ]
            },
            {
               "long_name" : "Julia Crescent",
               "short_name" : "Julia Crescent",
               "types" : [ "route" ]
            },
            {
               "long_name" : "Country Hills West",
               "short_name" : "Country Hills West",
               "types" : [ "neighborhood", "political" ]
            },
            {
               "long_name" : "Kitchener",
               "short_name" : "Kitchener",
               "types" : [ "locality", "political" ]
            },
            {
               "long_name" : "Waterloo Regional Municipality",
               "short_name" : "Waterloo Regional Municipality",
               "types" : [ "administrative_area_level_2", "political" ]
            },
            {
               "long_name" : "Ontario",
               "short_name" : "ON",
               "types" : [ "administrative_area_level_1", "political" ]
            },
            {
               "long_name" : "Canada",
               "short_name" : "CA",
               "types" : [ "country", "political" ]
            },
            {
               "long_name" : "N2E 3M7",
               "short_name" : "N2E 3M7",
               "types" : [ "postal_code" ]
            }
         ],
         "formatted_address" : "102 Julia Crescent, Kitchener, ON N2E 3M7, Canada",
         "geometry" : {
            "location" : {
               "lat" : 43.409016,
               "lng" : -80.495441
            },
            "location_type" : "ROOFTOP",
            "viewport" : {
               "northeast" : {
                  "lat" : 43.4103649802915,
                  "lng" : -80.4940920197085
               },
               "southwest" : {
                  "lat" : 43.4076670197085,
                  "lng" : -80.49678998029151
               }
            }
         },
         "place_id" : "ChIJr7ttl3b1K4gRoKzHaasKg2U",
         "types" : [ "street_address" ]
      }
   ],
   "status" : "OK"
}
