{
   "results" : [
      {
         "address_components" : [
            {
               "long_name" : "2124",
               "short_name" : "2124",
               "types" : [ "street_number" ]
            },
            {
               "long_name" : "17A Street Southwest",
               "short_name" : "17a St SW",
               "types" : [ "route" ]
            },
            {
               "long_name" : "Bankview",
               "short_name" : "Bankview",
               "types" : [ "neighborhood", "political" ]
            },
            {
               "long_name" : "Calgary",
               "short_name" : "Calgary",
               "types" : [ "locality", "political" ]
            },
            {
               "long_name" : "Division No. 6",
               "short_name" : "Division No. 6",
               "types" : [ "administrative_area_level_2", "political" ]
            },
            {
               "long_name" : "Alberta",
               "short_name" : "AB",
               "types" : [ "administrative_area_level_1", "political" ]
            },
            {
               "long_name" : "Canada",
               "short_name" : "CA",
               "types" : [ "country", "political" ]
            },
            {
               "long_name" : "T2T 4R8",
               "short_name" : "T2T 4R8",
               "types" : [ "postal_code" ]
            }
         ],
         "formatted_address" : "2124 17a St SW, Calgary, AB T2T 4R8, Canada",
         "geometry" : {
            "bounds" : {
               "northeast" : {
                  "lat" : 51.0357469,
                  "lng" : -114.1029122
               },
               "southwest" : {
                  "lat" : 51.0357468,
                  "lng" : -114.102931
               }
            },
            "location" : {
               "lat" : 51.0357468,
               "lng" : -114.1029122
            },
            "location_type" : "RANGE_INTERPOLATED",
            "viewport" : {
               "northeast" : {
                  "lat" : 51.0370958302915,
                  "lng" : -114.1015726197085
               },
               "southwest" : {
                  "lat" : 51.0343978697085,
                  "lng" : -114.1042705802915
               }
            }
         },
         "partial_match" : true,
         "place_id" : "EisyMTI0IDE3YSBTdCBTVywgQ2FsZ2FyeSwgQUIgVDJUIDRSOCwgQ2FuYWRh",
         "types" : [ "street_address" ]
      },
      {
         "address_components" : [
            {
               "long_name" : "2124",
               "short_name" : "2124",
               "types" : [ "street_number" ]
            },
            {
               "long_name" : "17 Street Southwest",
               "short_name" : "17 St SW",
               "types" : [ "route" ]
            },
            {
               "long_name" : "Bankview",
               "short_name" : "Bankview",
               "types" : [ "neighborhood", "political" ]
            },
            {
               "long_name" : "Calgary",
               "short_name" : "Calgary",
               "types" : [ "locality", "political" ]
            },
            {
               "long_name" : "Division No. 6",
               "short_name" : "Division No. 6",
               "types" : [ "administrative_area_level_2", "political" ]
            },
            {
               "long_name" : "Alberta",
               "short_name" : "AB",
               "types" : [ "administrative_area_level_1", "political" ]
            },
            {
               "long_name" : "Canada",
               "short_name" : "CA",
               "types" : [ "country", "political" ]
            },
            {
               "long_name" : "T2T 4M4",
               "short_name" : "T2T 4M4",
               "types" : [ "postal_code" ]
            }
         ],
         "formatted_address" : "2124 17 St SW, Calgary, AB T2T 4M4, Canada",
         "geometry" : {
            "location" : {
               "lat" : 51.0357245,
               "lng" : -114.1013908
            },
            "location_type" : "ROOFTOP",
            "viewport" : {
               "northeast" : {
                  "lat" : 51.0370734802915,
                  "lng" : -114.1000418197085
               },
               "southwest" : {
                  "lat" : 51.0343755197085,
                  "lng" : -114.1027397802915
               }
            }
         },
         "partial_match" : true,
         "place_id" : "ChIJ66NYKihwcVMRc5v1xmphVfM",
         "types" : [ "street_address" ]
      },
      {
         "address_components" : [
            {
               "long_name" : "2124",
               "short_name" : "2124",
               "types" : [ "street_number" ]
            },
            {
               "long_name" : "17 Avenue Southwest",
               "short_name" : "17 Ave SW",
               "types" : [ "route" ]
            },
            {
               "long_name" : "Scarboro",
               "short_name" : "Scarboro",
               "types" : [ "neighborhood", "political" ]
            },
            {
               "long_name" : "Calgary",
               "short_name" : "Calgary",
               "types" : [ "locality", "political" ]
            },
            {
               "long_name" : "Division No. 6",
               "short_name" : "Division No. 6",
               "types" : [ "administrative_area_level_2", "political" ]
            },
            {
               "long_name" : "Alberta",
               "short_name" : "AB",
               "types" : [ "administrative_area_level_1", "political" ]
            },
            {
               "long_name" : "Canada",
               "short_name" : "CA",
               "types" : [ "country", "political" ]
            },
            {
               "long_name" : "T2T 0G3",
               "short_name" : "T2T 0G3",
               "types" : [ "postal_code" ]
            }
         ],
         "formatted_address" : "2124 17 Ave SW, Calgary, AB T2T 0G3, Canada",
         "geometry" : {
            "location" : {
               "lat" : 51.0379679,
               "lng" : -114.1086887
            },
            "location_type" : "ROOFTOP",
            "viewport" : {
               "northeast" : {
                  "lat" : 51.0393168802915,
                  "lng" : -114.1073397197085
               },
               "southwest" : {
                  "lat" : 51.0366189197085,
                  "lng" : -114.1100376802915
               }
            }
         },
         "partial_match" : true,
         "place_id" : "ChIJv1uiJtRvcVMR4AXzgXcBeHk",
         "types" : [ "street_address" ]
      }
   ],
   "status" : "OK"
}
