{
   "results" : [
      {
         "address_components" : [
            {
               "long_name" : "10217",
               "short_name" : "10217",
               "types" : [ "street_number" ]
            },
            {
               "long_name" : "Turner Road",
               "short_name" : "Turner Rd",
               "types" : [ "route" ]
            },
            {
               "long_name" : "Saint Thomas",
               "short_name" : "St. Thomas",
               "types" : [ "locality", "political" ]
            },
            {
               "long_name" : "Central Elgin",
               "short_name" : "Central Elgin",
               "types" : [ "administrative_area_level_3", "political" ]
            },
            {
               "long_name" : "Elgin County",
               "short_name" : "Elgin County",
               "types" : [ "administrative_area_level_2", "political" ]
            },
            {
               "long_name" : "Ontario",
               "short_name" : "ON",
               "types" : [ "administrative_area_level_1", "political" ]
            },
            {
               "long_name" : "Canada",
               "short_name" : "CA",
               "types" : [ "country", "political" ]
            },
            {
               "long_name" : "N5P 3T1",
               "short_name" : "N5P 3T1",
               "types" : [ "postal_code" ]
            }
         ],
         "formatted_address" : "10217 Turner Rd, St. Thomas, ON N5P 3T1, Canada",
         "geometry" : {
            "location" : {
               "lat" : 42.7973886,
               "lng" : -81.193641
            },
            "location_type" : "ROOFTOP",
            "viewport" : {
               "northeast" : {
                  "lat" : 42.7987375802915,
                  "lng" : -81.19229201970849
               },
               "southwest" : {
                  "lat" : 42.7960396197085,
                  "lng" : -81.1949899802915
               }
            }
         },
         "place_id" : "ChIJO4EdLLNfLogRDnpv4tVJQsg",
         "types" : [ "street_address" ]
      }
   ],
   "status" : "OK"
}
