{
   "results" : [
      {
         "address_components" : [
            {
               "long_name" : "1022",
               "short_name" : "1022",
               "types" : [ "street_number" ]
            },
            {
               "long_name" : "Rue Arnois",
               "short_name" : "Rue Arnois",
               "types" : [ "route" ]
            },
            {
               "long_name" : "Cap-Rouge",
               "short_name" : "Cap-Rouge",
               "types" : [ "neighborhood", "political" ]
            },
            {
               "long_name" : "Sainte-Foy-Sillery-Cap-Rouge",
               "short_name" : "Sainte-Foy-Sillery-Cap-Rouge",
               "types" : [ "sublocality_level_1", "sublocality", "political" ]
            },
            {
               "long_name" : "Ville de Québec",
               "short_name" : "Ville de Québec",
               "types" : [ "locality", "political" ]
            },
            {
               "long_name" : "Communauté-Urbaine-de-Québec",
               "short_name" : "Communauté-Urbaine-de-Québec",
               "types" : [ "administrative_area_level_2", "political" ]
            },
            {
               "long_name" : "Québec",
               "short_name" : "QC",
               "types" : [ "administrative_area_level_1", "political" ]
            },
            {
               "long_name" : "Canada",
               "short_name" : "CA",
               "types" : [ "country", "political" ]
            },
            {
               "long_name" : "G1Y 3V2",
               "short_name" : "G1Y 3V2",
               "types" : [ "postal_code" ]
            }
         ],
         "formatted_address" : "1022 Rue Arnois, Ville de Québec, QC G1Y 3V2, Canada",
         "geometry" : {
            "location" : {
               "lat" : 46.7588099,
               "lng" : -71.348457
            },
            "location_type" : "ROOFTOP",
            "viewport" : {
               "northeast" : {
                  "lat" : 46.76015888029149,
                  "lng" : -71.34710801970849
               },
               "southwest" : {
                  "lat" : 46.7574609197085,
                  "lng" : -71.34980598029151
               }
            }
         },
         "place_id" : "ChIJf5PlOZaQuEwR71FE6S0IxLI",
         "types" : [ "street_address" ]
      }
   ],
   "status" : "OK"
}
