{
   "results" : [
      {
         "address_components" : [
            {
               "long_name" : "1034",
               "short_name" : "1034",
               "types" : [ "street_number" ]
            },
            {
               "long_name" : "Blackmaple Court",
               "short_name" : "Blackmaple Ct",
               "types" : [ "route" ]
            },
            {
               "long_name" : "Huron Heights",
               "short_name" : "Huron Heights",
               "types" : [ "neighborhood", "political" ]
            },
            {
               "long_name" : "London",
               "short_name" : "London",
               "types" : [ "locality", "political" ]
            },
            {
               "long_name" : "Middlesex County",
               "short_name" : "Middlesex County",
               "types" : [ "administrative_area_level_2", "political" ]
            },
            {
               "long_name" : "Ontario",
               "short_name" : "ON",
               "types" : [ "administrative_area_level_1", "political" ]
            },
            {
               "long_name" : "Canada",
               "short_name" : "CA",
               "types" : [ "country", "political" ]
            },
            {
               "long_name" : "N5Y 5P9",
               "short_name" : "N5Y 5P9",
               "types" : [ "postal_code" ]
            }
         ],
         "formatted_address" : "1034 Blackmaple Ct, London, ON N5Y 5P9, Canada",
         "geometry" : {
            "location" : {
               "lat" : 43.0286385,
               "lng" : -81.2294098
            },
            "location_type" : "ROOFTOP",
            "viewport" : {
               "northeast" : {
                  "lat" : 43.0299874802915,
                  "lng" : -81.22806081970849
               },
               "southwest" : {
                  "lat" : 43.0272895197085,
                  "lng" : -81.23075878029151
               }
            }
         },
         "place_id" : "ChIJXdAej7XtLogRCZRfe2FwN04",
         "types" : [ "street_address" ]
      }
   ],
   "status" : "OK"
}
