{
   "results" : [
      {
         "address_components" : [
            {
               "long_name" : "12860",
               "short_name" : "12860",
               "types" : [ "street_number" ]
            },
            {
               "long_name" : "Boyne Road",
               "short_name" : "Boyne Rd",
               "types" : [ "route" ]
            },
            {
               "long_name" : "Chesterville",
               "short_name" : "Chesterville",
               "types" : [ "locality", "political" ]
            },
            {
               "long_name" : "North Dundas",
               "short_name" : "North Dundas",
               "types" : [ "administrative_area_level_3", "political" ]
            },
            {
               "long_name" : "Stormont, Dundas and Glengarry United Counties",
               "short_name" : "Stormont, Dundas and Glengarry United Counties",
               "types" : [ "administrative_area_level_2", "political" ]
            },
            {
               "long_name" : "Ontario",
               "short_name" : "ON",
               "types" : [ "administrative_area_level_1", "political" ]
            },
            {
               "long_name" : "Canada",
               "short_name" : "CA",
               "types" : [ "country", "political" ]
            },
            {
               "long_name" : "K0C 1H0",
               "short_name" : "K0C 1H0",
               "types" : [ "postal_code" ]
            }
         ],
         "formatted_address" : "12860 Boyne Rd, Chesterville, ON K0C 1H0, Canada",
         "geometry" : {
            "location" : {
               "lat" : 45.1074683,
               "lng" : -75.29728709999999
            },
            "location_type" : "ROOFTOP",
            "viewport" : {
               "northeast" : {
                  "lat" : 45.1088172802915,
                  "lng" : -75.29593811970848
               },
               "southwest" : {
                  "lat" : 45.1061193197085,
                  "lng" : -75.2986360802915
               }
            }
         },
         "place_id" : "ChIJ9Tsd1f7RzUwR5vYhUzt5_yA",
         "types" : [ "street_address" ]
      }
   ],
   "status" : "OK"
}
