{
   "results" : [
      {
         "address_components" : [
            {
               "long_name" : "104",
               "short_name" : "104",
               "types" : [ "street_number" ]
            },
            {
               "long_name" : "Kells Lane",
               "short_name" : "Kells Ln",
               "types" : [ "route" ]
            },
            {
               "long_name" : "Freelton",
               "short_name" : "Freelton",
               "types" : [ "sublocality_level_1", "sublocality", "political" ]
            },
            {
               "long_name" : "Hamilton",
               "short_name" : "Hamilton",
               "types" : [ "locality", "political" ]
            },
            {
               "long_name" : "Hamilton Division",
               "short_name" : "Hamilton Division",
               "types" : [ "administrative_area_level_2", "political" ]
            },
            {
               "long_name" : "Ontario",
               "short_name" : "ON",
               "types" : [ "administrative_area_level_1", "political" ]
            },
            {
               "long_name" : "Canada",
               "short_name" : "CA",
               "types" : [ "country", "political" ]
            },
            {
               "long_name" : "L0R 1K0",
               "short_name" : "L0R 1K0",
               "types" : [ "postal_code" ]
            }
         ],
         "formatted_address" : "104 Kells Ln, Freelton, ON L0R 1K0, Canada",
         "geometry" : {
            "location" : {
               "lat" : 43.3640476,
               "lng" : -80.08105119999999
            },
            "location_type" : "ROOFTOP",
            "viewport" : {
               "northeast" : {
                  "lat" : 43.3653965802915,
                  "lng" : -80.07970221970849
               },
               "southwest" : {
                  "lat" : 43.3626986197085,
                  "lng" : -80.0824001802915
               }
            }
         },
         "place_id" : "ChIJR-8YWuF_K4gRGRs-ALsqRIU",
         "types" : [ "street_address" ]
      }
   ],
   "status" : "OK"
}
