{
   "results" : [
      {
         "address_components" : [
            {
               "long_name" : "104",
               "short_name" : "104",
               "types" : [ "street_number" ]
            },
            {
               "long_name" : "Sandsprings Crescent",
               "short_name" : "Sandsprings Crescent",
               "types" : [ "route" ]
            },
            {
               "long_name" : "Country Hills",
               "short_name" : "Country Hills",
               "types" : [ "neighborhood", "political" ]
            },
            {
               "long_name" : "Kitchener",
               "short_name" : "Kitchener",
               "types" : [ "locality", "political" ]
            },
            {
               "long_name" : "Waterloo Regional Municipality",
               "short_name" : "Waterloo Regional Municipality",
               "types" : [ "administrative_area_level_2", "political" ]
            },
            {
               "long_name" : "Ontario",
               "short_name" : "ON",
               "types" : [ "administrative_area_level_1", "political" ]
            },
            {
               "long_name" : "Canada",
               "short_name" : "CA",
               "types" : [ "country", "political" ]
            },
            {
               "long_name" : "N2E 2A6",
               "short_name" : "N2E 2A6",
               "types" : [ "postal_code" ]
            }
         ],
         "formatted_address" : "104 Sandsprings Crescent, Kitchener, ON N2E 2A6, Canada",
         "geometry" : {
            "location" : {
               "lat" : 43.409752,
               "lng" : -80.46949529999999
            },
            "location_type" : "ROOFTOP",
            "viewport" : {
               "northeast" : {
                  "lat" : 43.41110098029149,
                  "lng" : -80.46814631970848
               },
               "southwest" : {
                  "lat" : 43.40840301970849,
                  "lng" : -80.47084428029149
               }
            }
         },
         "place_id" : "ChIJI-cq_Ub1K4gRZnfDv5-DV1o",
         "types" : [ "street_address" ]
      }
   ],
   "status" : "OK"
}
