{
   "results" : [
      {
         "address_components" : [
            {
               "long_name" : "10475",
               "short_name" : "10475",
               "types" : [ "street_number" ]
            },
            {
               "long_name" : "Rue de la Roche",
               "short_name" : "Rue de la Roche",
               "types" : [ "route" ]
            },
            {
               "long_name" : "Ahuntsic",
               "short_name" : "Ahuntsic",
               "types" : [ "neighborhood", "political" ]
            },
            {
               "long_name" : "Ahuntsic-Cartierville",
               "short_name" : "Ahuntsic-Cartierville",
               "types" : [ "sublocality_level_1", "sublocality", "political" ]
            },
            {
               "long_name" : "Montréal",
               "short_name" : "Montréal",
               "types" : [ "locality", "political" ]
            },
            {
               "long_name" : "Communauté-Urbaine-de-Montréal",
               "short_name" : "Communauté-Urbaine-de-Montréal",
               "types" : [ "administrative_area_level_2", "political" ]
            },
            {
               "long_name" : "Québec",
               "short_name" : "QC",
               "types" : [ "administrative_area_level_1", "political" ]
            },
            {
               "long_name" : "Canada",
               "short_name" : "CA",
               "types" : [ "country", "political" ]
            },
            {
               "long_name" : "H2C 2P3",
               "short_name" : "H2C 2P3",
               "types" : [ "postal_code" ]
            }
         ],
         "formatted_address" : "10475 Rue de la Roche, Montréal, QC H2C 2P3, Canada",
         "geometry" : {
            "bounds" : {
               "northeast" : {
                  "lat" : 45.5599145,
                  "lng" : -73.6613418
               },
               "southwest" : {
                  "lat" : 45.5599023,
                  "lng" : -73.6613491
               }
            },
            "location" : {
               "lat" : 45.5599145,
               "lng" : -73.6613418
            },
            "location_type" : "RANGE_INTERPOLATED",
            "viewport" : {
               "northeast" : {
                  "lat" : 45.5612573802915,
                  "lng" : -73.6599964697085
               },
               "southwest" : {
                  "lat" : 45.5585594197085,
                  "lng" : -73.66269443029151
               }
            }
         },
         "partial_match" : true,
         "place_id" : "EjQxMDQ3NSBSdWUgZGUgbGEgUm9jaGUsIE1vbnRyw6lhbCwgUUMgSDJDIDJQMywgQ2FuYWRh",
         "types" : [ "street_address" ]
      }
   ],
   "status" : "OK"
}
