{
   "results" : [
      {
         "address_components" : [
            {
               "long_name" : "105",
               "short_name" : "105",
               "types" : [ "street_number" ]
            },
            {
               "long_name" : "Edgewood Avenue",
               "short_name" : "Edgewood Ave",
               "types" : [ "route" ]
            },
            {
               "long_name" : "Upper Beaches",
               "short_name" : "Upper Beaches",
               "types" : [ "neighborhood", "political" ]
            },
            {
               "long_name" : "Old Toronto",
               "short_name" : "Old Toronto",
               "types" : [ "sublocality_level_1", "sublocality", "political" ]
            },
            {
               "long_name" : "Toronto",
               "short_name" : "Toronto",
               "types" : [ "locality", "political" ]
            },
            {
               "long_name" : "Toronto Division",
               "short_name" : "Toronto Division",
               "types" : [ "administrative_area_level_2", "political" ]
            },
            {
               "long_name" : "Ontario",
               "short_name" : "ON",
               "types" : [ "administrative_area_level_1", "political" ]
            },
            {
               "long_name" : "Canada",
               "short_name" : "CA",
               "types" : [ "country", "political" ]
            },
            {
               "long_name" : "M4L 3H2",
               "short_name" : "M4L 3H2",
               "types" : [ "postal_code" ]
            }
         ],
         "formatted_address" : "105 Edgewood Ave, Toronto, ON M4L 3H2, Canada",
         "geometry" : {
            "location" : {
               "lat" : 43.6731184,
               "lng" : -79.3144523
            },
            "location_type" : "ROOFTOP",
            "viewport" : {
               "northeast" : {
                  "lat" : 43.6744673802915,
                  "lng" : -79.3131033197085
               },
               "southwest" : {
                  "lat" : 43.6717694197085,
                  "lng" : -79.31580128029151
               }
            }
         },
         "place_id" : "ChIJcU6TGXXM1IkR-qSztxbO9mM",
         "types" : [ "street_address" ]
      }
   ],
   "status" : "OK"
}
