{
   "results" : [
      {
         "address_components" : [
            {
               "long_name" : "105",
               "short_name" : "105",
               "types" : [ "street_number" ]
            },
            {
               "long_name" : "Hill Street",
               "short_name" : "Hill St",
               "types" : [ "route" ]
            },
            {
               "long_name" : "Sunnyside",
               "short_name" : "Sunnyside",
               "types" : [ "neighborhood", "political" ]
            },
            {
               "long_name" : "Kingston",
               "short_name" : "Kingston",
               "types" : [ "locality", "political" ]
            },
            {
               "long_name" : "Frontenac County",
               "short_name" : "Frontenac County",
               "types" : [ "administrative_area_level_2", "political" ]
            },
            {
               "long_name" : "Ontario",
               "short_name" : "ON",
               "types" : [ "administrative_area_level_1", "political" ]
            },
            {
               "long_name" : "Canada",
               "short_name" : "CA",
               "types" : [ "country", "political" ]
            },
            {
               "long_name" : "K7L 2M8",
               "short_name" : "K7L 2M8",
               "types" : [ "postal_code" ]
            }
         ],
         "formatted_address" : "105 Hill St, Kingston, ON K7L 2M8, Canada",
         "geometry" : {
            "location" : {
               "lat" : 44.2275752,
               "lng" : -76.5087472
            },
            "location_type" : "ROOFTOP",
            "viewport" : {
               "northeast" : {
                  "lat" : 44.22892418029149,
                  "lng" : -76.50739821970849
               },
               "southwest" : {
                  "lat" : 44.2262262197085,
                  "lng" : -76.51009618029151
               }
            }
         },
         "place_id" : "ChIJXQfQlw2r0kwRUAkba26MUTk",
         "types" : [ "street_address" ]
      }
   ],
   "status" : "OK"
}
