{
   "results" : [
      {
         "address_components" : [
            {
               "long_name" : "106",
               "short_name" : "106",
               "types" : [ "street_number" ]
            },
            {
               "long_name" : "Fourwinds Place",
               "short_name" : "Fourwinds Pl",
               "types" : [ "route" ]
            },
            {
               "long_name" : "Byron",
               "short_name" : "Byron",
               "types" : [ "neighborhood", "political" ]
            },
            {
               "long_name" : "London",
               "short_name" : "London",
               "types" : [ "locality", "political" ]
            },
            {
               "long_name" : "Middlesex County",
               "short_name" : "Middlesex County",
               "types" : [ "administrative_area_level_2", "political" ]
            },
            {
               "long_name" : "Ontario",
               "short_name" : "ON",
               "types" : [ "administrative_area_level_1", "political" ]
            },
            {
               "long_name" : "Canada",
               "short_name" : "CA",
               "types" : [ "country", "political" ]
            },
            {
               "long_name" : "N6K 3L4",
               "short_name" : "N6K 3L4",
               "types" : [ "postal_code" ]
            }
         ],
         "formatted_address" : "106 Fourwinds Pl, London, ON N6K 3L4, Canada",
         "geometry" : {
            "location" : {
               "lat" : 42.945209,
               "lng" : -81.3207872
            },
            "location_type" : "ROOFTOP",
            "viewport" : {
               "northeast" : {
                  "lat" : 42.9465579802915,
                  "lng" : -81.31943821970849
               },
               "southwest" : {
                  "lat" : 42.9438600197085,
                  "lng" : -81.32213618029149
               }
            }
         },
         "place_id" : "ChIJM4-VV5TwLogRXLIaFr9u0Qk",
         "types" : [ "street_address" ]
      }
   ],
   "status" : "OK"
}
