{
   "results" : [
      {
         "address_components" : [
            {
               "long_name" : "1062",
               "short_name" : "1062",
               "types" : [ "street_number" ]
            },
            {
               "long_name" : "Hedge Drive",
               "short_name" : "Hedge Dr",
               "types" : [ "route" ]
            },
            {
               "long_name" : "Lakeview",
               "short_name" : "Lakeview",
               "types" : [ "neighborhood", "political" ]
            },
            {
               "long_name" : "Mississauga",
               "short_name" : "Mississauga",
               "types" : [ "locality", "political" ]
            },
            {
               "long_name" : "Peel Regional Municipality",
               "short_name" : "Peel Regional Municipality",
               "types" : [ "administrative_area_level_2", "political" ]
            },
            {
               "long_name" : "Ontario",
               "short_name" : "ON",
               "types" : [ "administrative_area_level_1", "political" ]
            },
            {
               "long_name" : "Canada",
               "short_name" : "CA",
               "types" : [ "country", "political" ]
            },
            {
               "long_name" : "L4Y 1G2",
               "short_name" : "L4Y 1G2",
               "types" : [ "postal_code" ]
            }
         ],
         "formatted_address" : "1062 Hedge Dr, Mississauga, ON L4Y 1G2, Canada",
         "geometry" : {
            "location" : {
               "lat" : 43.5927108,
               "lng" : -79.5781727
            },
            "location_type" : "ROOFTOP",
            "viewport" : {
               "northeast" : {
                  "lat" : 43.5940597802915,
                  "lng" : -79.57682371970849
               },
               "southwest" : {
                  "lat" : 43.5913618197085,
                  "lng" : -79.57952168029151
               }
            }
         },
         "place_id" : "ChIJmw1nbMZHK4gRAmPSpp0bjwE",
         "types" : [ "street_address" ]
      }
   ],
   "status" : "OK"
}
