{
   "results" : [
      {
         "address_components" : [
            {
               "long_name" : "10686",
               "short_name" : "10686",
               "types" : [ "street_number" ]
            },
            {
               "long_name" : "Santa Monica Drive",
               "short_name" : "Santa Monica Dr",
               "types" : [ "route" ]
            },
            {
               "long_name" : "Delta",
               "short_name" : "Delta",
               "types" : [ "locality", "political" ]
            },
            {
               "long_name" : "Greater Vancouver",
               "short_name" : "Greater Vancouver",
               "types" : [ "administrative_area_level_2", "political" ]
            },
            {
               "long_name" : "British Columbia",
               "short_name" : "BC",
               "types" : [ "administrative_area_level_1", "political" ]
            },
            {
               "long_name" : "Canada",
               "short_name" : "CA",
               "types" : [ "country", "political" ]
            },
            {
               "long_name" : "V4C 1P7",
               "short_name" : "V4C 1P7",
               "types" : [ "postal_code" ]
            }
         ],
         "formatted_address" : "10686 Santa Monica Dr, Delta, BC V4C 1P7, Canada",
         "geometry" : {
            "location" : {
               "lat" : 49.1461916,
               "lng" : -122.9271489
            },
            "location_type" : "ROOFTOP",
            "viewport" : {
               "northeast" : {
                  "lat" : 49.1475405802915,
                  "lng" : -122.9257999197085
               },
               "southwest" : {
                  "lat" : 49.14484261970851,
                  "lng" : -122.9284978802915
               }
            }
         },
         "place_id" : "ChIJl6YYUDfZhVQRSvpc8uW-8bA",
         "types" : [ "street_address" ]
      }
   ],
   "status" : "OK"
}
