{
   "results" : [
      {
         "address_components" : [
            {
               "long_name" : "107",
               "short_name" : "107",
               "types" : [ "street_number" ]
            },
            {
               "long_name" : "Barker Street",
               "short_name" : "Barker St",
               "types" : [ "route" ]
            },
            {
               "long_name" : "Carling",
               "short_name" : "Carling",
               "types" : [ "neighborhood", "political" ]
            },
            {
               "long_name" : "London",
               "short_name" : "London",
               "types" : [ "locality", "political" ]
            },
            {
               "long_name" : "Middlesex County",
               "short_name" : "Middlesex County",
               "types" : [ "administrative_area_level_2", "political" ]
            },
            {
               "long_name" : "Ontario",
               "short_name" : "ON",
               "types" : [ "administrative_area_level_1", "political" ]
            },
            {
               "long_name" : "Canada",
               "short_name" : "CA",
               "types" : [ "country", "political" ]
            },
            {
               "long_name" : "N5Y 1X8",
               "short_name" : "N5Y 1X8",
               "types" : [ "postal_code" ]
            }
         ],
         "formatted_address" : "107 Barker St, London, ON N5Y 1X8, Canada",
         "geometry" : {
            "location" : {
               "lat" : 43.0073499,
               "lng" : -81.22701979999999
            },
            "location_type" : "ROOFTOP",
            "viewport" : {
               "northeast" : {
                  "lat" : 43.0086988802915,
                  "lng" : -81.2256708197085
               },
               "southwest" : {
                  "lat" : 43.00600091970851,
                  "lng" : -81.2283687802915
               }
            }
         },
         "place_id" : "ChIJmaY1gJPtLogRxlYpRJLPQxI",
         "types" : [ "street_address" ]
      }
   ],
   "status" : "OK"
}
