{
   "results" : [
      {
         "address_components" : [
            {
               "long_name" : "107",
               "short_name" : "107",
               "types" : [ "street_number" ]
            },
            {
               "long_name" : "Moffatt Lane",
               "short_name" : "Moffatt Ln",
               "types" : [ "route" ]
            },
            {
               "long_name" : "Strathroy",
               "short_name" : "Strathroy",
               "types" : [ "locality", "political" ]
            },
            {
               "long_name" : "Strathroy-Caradoc",
               "short_name" : "Strathroy-Caradoc",
               "types" : [ "administrative_area_level_3", "political" ]
            },
            {
               "long_name" : "Middlesex County",
               "short_name" : "Middlesex County",
               "types" : [ "administrative_area_level_2", "political" ]
            },
            {
               "long_name" : "Ontario",
               "short_name" : "ON",
               "types" : [ "administrative_area_level_1", "political" ]
            },
            {
               "long_name" : "Canada",
               "short_name" : "CA",
               "types" : [ "country", "political" ]
            },
            {
               "long_name" : "N7G 4A7",
               "short_name" : "N7G 4A7",
               "types" : [ "postal_code" ]
            }
         ],
         "formatted_address" : "107 Moffatt Ln, Strathroy, ON N7G 4A7, Canada",
         "geometry" : {
            "location" : {
               "lat" : 42.9440016,
               "lng" : -81.617374
            },
            "location_type" : "ROOFTOP",
            "viewport" : {
               "northeast" : {
                  "lat" : 42.9453505802915,
                  "lng" : -81.61602501970849
               },
               "southwest" : {
                  "lat" : 42.9426526197085,
                  "lng" : -81.61872298029151
               }
            }
         },
         "place_id" : "ChIJ8bUfdacGL4gRRvC1n2rL3bY",
         "types" : [ "street_address" ]
      }
   ],
   "status" : "OK"
}
