{
   "results" : [
      {
         "address_components" : [
            {
               "long_name" : "1309",
               "short_name" : "1309",
               "types" : [ "street_number" ]
            },
            {
               "long_name" : "Woodgrove Place",
               "short_name" : "Woodgrove Pl",
               "types" : [ "route" ]
            },
            {
               "long_name" : "Glen Abbey",
               "short_name" : "Glen Abbey",
               "types" : [ "neighborhood", "political" ]
            },
            {
               "long_name" : "Oakville",
               "short_name" : "Oakville",
               "types" : [ "locality", "political" ]
            },
            {
               "long_name" : "Halton Regional Municipality",
               "short_name" : "Halton Regional Municipality",
               "types" : [ "administrative_area_level_2", "political" ]
            },
            {
               "long_name" : "Ontario",
               "short_name" : "ON",
               "types" : [ "administrative_area_level_1", "political" ]
            },
            {
               "long_name" : "Canada",
               "short_name" : "CA",
               "types" : [ "country", "political" ]
            },
            {
               "long_name" : "L6M 1V5",
               "short_name" : "L6M 1V5",
               "types" : [ "postal_code" ]
            }
         ],
         "formatted_address" : "1309 Woodgrove Pl, Oakville, ON L6M 1V5, Canada",
         "geometry" : {
            "location" : {
               "lat" : 43.4377807,
               "lng" : -79.7274717
            },
            "location_type" : "ROOFTOP",
            "viewport" : {
               "northeast" : {
                  "lat" : 43.4391296802915,
                  "lng" : -79.7261227197085
               },
               "southwest" : {
                  "lat" : 43.4364317197085,
                  "lng" : -79.72882068029151
               }
            }
         },
         "partial_match" : true,
         "place_id" : "ChIJOco-XZtdK4gRrNG4WJiNHBM",
         "types" : [ "street_address" ]
      }
   ],
   "status" : "OK"
}
