{
   "results" : [
      {
         "address_components" : [
            {
               "long_name" : "340",
               "short_name" : "340",
               "types" : [ "street_number" ]
            },
            {
               "long_name" : "Boulevard Hymus",
               "short_name" : "Boul Hymus",
               "types" : [ "route" ]
            },
            {
               "long_name" : "Pointe-Claire",
               "short_name" : "Pointe-Claire",
               "types" : [ "locality", "political" ]
            },
            {
               "long_name" : "Communauté-Urbaine-de-Montréal",
               "short_name" : "Communauté-Urbaine-de-Montréal",
               "types" : [ "administrative_area_level_2", "political" ]
            },
            {
               "long_name" : "Québec",
               "short_name" : "QC",
               "types" : [ "administrative_area_level_1", "political" ]
            },
            {
               "long_name" : "Canada",
               "short_name" : "CA",
               "types" : [ "country", "political" ]
            },
            {
               "long_name" : "H9R 6B3",
               "short_name" : "H9R 6B3",
               "types" : [ "postal_code" ]
            }
         ],
         "formatted_address" : "340 Boul Hymus, Pointe-Claire, QC H9R 6B3, Canada",
         "geometry" : {
            "location" : {
               "lat" : 45.45399,
               "lng" : -73.83421899999999
            },
            "location_type" : "ROOFTOP",
            "viewport" : {
               "northeast" : {
                  "lat" : 45.4553389802915,
                  "lng" : -73.83287001970848
               },
               "southwest" : {
                  "lat" : 45.4526410197085,
                  "lng" : -73.8355679802915
               }
            }
         },
         "partial_match" : true,
         "place_id" : "ChIJwbISCxI8yUwRVUo09OZaQfA",
         "types" : [ "street_address" ]
      }
   ],
   "status" : "OK"
}
