{
   "results" : [
      {
         "address_components" : [
            {
               "long_name" : "8",
               "short_name" : "8",
               "types" : [ "street_number" ]
            },
            {
               "long_name" : "Rue de la Poudrière",
               "short_name" : "Rue de la Poudrière",
               "types" : [ "route" ]
            },
            {
               "long_name" : "Verdun",
               "short_name" : "Verdun",
               "types" : [ "sublocality_level_1", "sublocality", "political" ]
            },
            {
               "long_name" : "Montréal",
               "short_name" : "Montréal",
               "types" : [ "locality", "political" ]
            },
            {
               "long_name" : "Communauté-Urbaine-de-Montréal",
               "short_name" : "Communauté-Urbaine-de-Montréal",
               "types" : [ "administrative_area_level_2", "political" ]
            },
            {
               "long_name" : "Québec",
               "short_name" : "QC",
               "types" : [ "administrative_area_level_1", "political" ]
            },
            {
               "long_name" : "Canada",
               "short_name" : "CA",
               "types" : [ "country", "political" ]
            },
            {
               "long_name" : "H4G",
               "short_name" : "H4G",
               "types" : [ "postal_code_prefix", "postal_code" ]
            }
         ],
         "formatted_address" : "8 Rue de la Poudrière, Verdun, QC H4G, Canada",
         "geometry" : {
            "bounds" : {
               "northeast" : {
                  "lat" : 45.4725493,
                  "lng" : -73.5683914
               },
               "southwest" : {
                  "lat" : 45.4725439,
                  "lng" : -73.56840849999999
               }
            },
            "location" : {
               "lat" : 45.4725493,
               "lng" : -73.5683914
            },
            "location_type" : "RANGE_INTERPOLATED",
            "viewport" : {
               "northeast" : {
                  "lat" : 45.4738955802915,
                  "lng" : -73.56705096970849
               },
               "southwest" : {
                  "lat" : 45.4711976197085,
                  "lng" : -73.5697489302915
               }
            }
         },
         "partial_match" : true,
         "place_id" : "Ei44IFJ1ZSBkZSBsYSBQb3VkcmnDqHJlLCBWZXJkdW4sIFFDIEg0RywgQ2FuYWRh",
         "types" : [ "street_address" ]
      }
   ],
   "status" : "OK"
}
