{
   "results" : [
      {
         "address_components" : [
            {
               "long_name" : "108",
               "short_name" : "108",
               "types" : [ "street_number" ]
            },
            {
               "long_name" : "Bertmount Avenue",
               "short_name" : "Bertmount Ave",
               "types" : [ "route" ]
            },
            {
               "long_name" : "Leslieville",
               "short_name" : "Leslieville",
               "types" : [ "neighborhood", "political" ]
            },
            {
               "long_name" : "Old Toronto",
               "short_name" : "Old Toronto",
               "types" : [ "sublocality_level_1", "sublocality", "political" ]
            },
            {
               "long_name" : "Toronto",
               "short_name" : "Toronto",
               "types" : [ "locality", "political" ]
            },
            {
               "long_name" : "Toronto Division",
               "short_name" : "Toronto Division",
               "types" : [ "administrative_area_level_2", "political" ]
            },
            {
               "long_name" : "Ontario",
               "short_name" : "ON",
               "types" : [ "administrative_area_level_1", "political" ]
            },
            {
               "long_name" : "Canada",
               "short_name" : "CA",
               "types" : [ "country", "political" ]
            },
            {
               "long_name" : "M4M 2X9",
               "short_name" : "M4M 2X9",
               "types" : [ "postal_code" ]
            }
         ],
         "formatted_address" : "108 Bertmount Ave, Toronto, ON M4M 2X9, Canada",
         "geometry" : {
            "location" : {
               "lat" : 43.6650627,
               "lng" : -79.33625219999999
            },
            "location_type" : "ROOFTOP",
            "viewport" : {
               "northeast" : {
                  "lat" : 43.6664116802915,
                  "lng" : -79.33490321970848
               },
               "southwest" : {
                  "lat" : 43.6637137197085,
                  "lng" : -79.33760118029149
               }
            }
         },
         "place_id" : "ChIJkQrHbHjL1IkRYHeH0D_Gxco",
         "types" : [ "street_address" ]
      }
   ],
   "status" : "OK"
}
