{
   "results" : [
      {
         "address_components" : [
            {
               "long_name" : "250",
               "short_name" : "250",
               "types" : [ "street_number" ]
            },
            {
               "long_name" : "Sydenham Street",
               "short_name" : "Sydenham St",
               "types" : [ "route" ]
            },
            {
               "long_name" : "North London",
               "short_name" : "North London",
               "types" : [ "neighborhood", "political" ]
            },
            {
               "long_name" : "London",
               "short_name" : "London",
               "types" : [ "locality", "political" ]
            },
            {
               "long_name" : "Middlesex County",
               "short_name" : "Middlesex County",
               "types" : [ "administrative_area_level_2", "political" ]
            },
            {
               "long_name" : "Ontario",
               "short_name" : "ON",
               "types" : [ "administrative_area_level_1", "political" ]
            },
            {
               "long_name" : "Canada",
               "short_name" : "CA",
               "types" : [ "country", "political" ]
            },
            {
               "long_name" : "N6A 1W5",
               "short_name" : "N6A 1W5",
               "types" : [ "postal_code" ]
            }
         ],
         "formatted_address" : "250 Sydenham St, London, ON N6A 1W5, Canada",
         "geometry" : {
            "location" : {
               "lat" : 42.9968432,
               "lng" : -81.25303989999999
            },
            "location_type" : "ROOFTOP",
            "viewport" : {
               "northeast" : {
                  "lat" : 42.9981921802915,
                  "lng" : -81.25169091970849
               },
               "southwest" : {
                  "lat" : 42.9954942197085,
                  "lng" : -81.2543888802915
               }
            }
         },
         "partial_match" : true,
         "place_id" : "ChIJmRImZgDuLogRFpWwVCjWyNs",
         "types" : [ "street_address" ]
      }
   ],
   "status" : "OK"
}
