{
   "results" : [
      {
         "address_components" : [
            {
               "long_name" : "10923",
               "short_name" : "10923",
               "types" : [ "street_number" ]
            },
            {
               "long_name" : "117 Street Northwest",
               "short_name" : "117 St NW",
               "types" : [ "route" ]
            },
            {
               "long_name" : "North Central Edmonton",
               "short_name" : "North Central Edmonton",
               "types" : [ "neighborhood", "political" ]
            },
            {
               "long_name" : "Edmonton",
               "short_name" : "Edmonton",
               "types" : [ "locality", "political" ]
            },
            {
               "long_name" : "Division No. 11",
               "short_name" : "Division No. 11",
               "types" : [ "administrative_area_level_2", "political" ]
            },
            {
               "long_name" : "Alberta",
               "short_name" : "AB",
               "types" : [ "administrative_area_level_1", "political" ]
            },
            {
               "long_name" : "Canada",
               "short_name" : "CA",
               "types" : [ "country", "political" ]
            },
            {
               "long_name" : "T5H 3N7",
               "short_name" : "T5H 3N7",
               "types" : [ "postal_code" ]
            }
         ],
         "formatted_address" : "10923 117 St NW, Edmonton, AB T5H 3N7, Canada",
         "geometry" : {
            "location" : {
               "lat" : 53.555408,
               "lng" : -113.522468
            },
            "location_type" : "ROOFTOP",
            "viewport" : {
               "northeast" : {
                  "lat" : 53.5567569802915,
                  "lng" : -113.5211190197085
               },
               "southwest" : {
                  "lat" : 53.5540590197085,
                  "lng" : -113.5238169802915
               }
            }
         },
         "place_id" : "ChIJxQxqQckjoFMRycAM1QJ9PKc",
         "types" : [ "street_address" ]
      }
   ],
   "status" : "OK"
}
