{
   "results" : [
      {
         "address_components" : [
            {
               "long_name" : "11",
               "short_name" : "11",
               "types" : [ "street_number" ]
            },
            {
               "long_name" : "Kingsboro Road",
               "short_name" : "Kingsboro Rd",
               "types" : [ "route" ]
            },
            {
               "long_name" : "Thornhill",
               "short_name" : "Thornhill",
               "types" : [ "neighborhood", "political" ]
            },
            {
               "long_name" : "Markham",
               "short_name" : "Markham",
               "types" : [ "locality", "political" ]
            },
            {
               "long_name" : "York Regional Municipality",
               "short_name" : "York Regional Municipality",
               "types" : [ "administrative_area_level_2", "political" ]
            },
            {
               "long_name" : "Ontario",
               "short_name" : "ON",
               "types" : [ "administrative_area_level_1", "political" ]
            },
            {
               "long_name" : "Canada",
               "short_name" : "CA",
               "types" : [ "country", "political" ]
            },
            {
               "long_name" : "L3T 6T1",
               "short_name" : "L3T 6T1",
               "types" : [ "postal_code" ]
            }
         ],
         "formatted_address" : "11 Kingsboro Rd, Thornhill, ON L3T 6T1, Canada",
         "geometry" : {
            "location" : {
               "lat" : 43.8276069,
               "lng" : -79.3702054
            },
            "location_type" : "ROOFTOP",
            "viewport" : {
               "northeast" : {
                  "lat" : 43.8289558802915,
                  "lng" : -79.36885641970849
               },
               "southwest" : {
                  "lat" : 43.8262579197085,
                  "lng" : -79.3715543802915
               }
            }
         },
         "place_id" : "ChIJvSmK5lfT1IkRltWQJdVtdzA",
         "types" : [ "street_address" ]
      }
   ],
   "status" : "OK"
}
