{
   "results" : [
      {
         "address_components" : [
            {
               "long_name" : "11",
               "short_name" : "11",
               "types" : [ "street_number" ]
            },
            {
               "long_name" : "Monarch Drive",
               "short_name" : "Monarch Dr",
               "types" : [ "route" ]
            },
            {
               "long_name" : "Chatham",
               "short_name" : "Chatham",
               "types" : [ "neighborhood", "political" ]
            },
            {
               "long_name" : "Chatham-Kent",
               "short_name" : "Chatham-Kent",
               "types" : [ "locality", "political" ]
            },
            {
               "long_name" : "Chatham-Kent Division",
               "short_name" : "Chatham-Kent Division",
               "types" : [ "administrative_area_level_2", "political" ]
            },
            {
               "long_name" : "Ontario",
               "short_name" : "ON",
               "types" : [ "administrative_area_level_1", "political" ]
            },
            {
               "long_name" : "Canada",
               "short_name" : "CA",
               "types" : [ "country", "political" ]
            },
            {
               "long_name" : "N7L",
               "short_name" : "N7L",
               "types" : [ "postal_code_prefix", "postal_code" ]
            }
         ],
         "formatted_address" : "11 Monarch Dr, Chatham, ON N7L, Canada",
         "geometry" : {
            "location" : {
               "lat" : 42.4237916,
               "lng" : -82.18424899999999
            },
            "location_type" : "ROOFTOP",
            "viewport" : {
               "northeast" : {
                  "lat" : 42.4251405802915,
                  "lng" : -82.1829000197085
               },
               "southwest" : {
                  "lat" : 42.42244261970851,
                  "lng" : -82.1855979802915
               }
            }
         },
         "partial_match" : true,
         "place_id" : "ChIJbQ8HTjj4L4gRljbOW4ivW4k",
         "types" : [ "street_address" ]
      }
   ],
   "status" : "OK"
}
