{
   "results" : [
      {
         "address_components" : [
            {
               "long_name" : "11",
               "short_name" : "11",
               "types" : [ "street_number" ]
            },
            {
               "long_name" : "Statler Avenue",
               "short_name" : "Statler Ave",
               "types" : [ "route" ]
            },
            {
               "long_name" : "Eatonville",
               "short_name" : "Eatonville",
               "types" : [ "neighborhood", "political" ]
            },
            {
               "long_name" : "Etobicoke",
               "short_name" : "Etobicoke",
               "types" : [ "sublocality_level_1", "sublocality", "political" ]
            },
            {
               "long_name" : "Toronto",
               "short_name" : "Toronto",
               "types" : [ "locality", "political" ]
            },
            {
               "long_name" : "Toronto Division",
               "short_name" : "Toronto Division",
               "types" : [ "administrative_area_level_2", "political" ]
            },
            {
               "long_name" : "Ontario",
               "short_name" : "ON",
               "types" : [ "administrative_area_level_1", "political" ]
            },
            {
               "long_name" : "Canada",
               "short_name" : "CA",
               "types" : [ "country", "political" ]
            },
            {
               "long_name" : "M9B 1G4",
               "short_name" : "M9B 1G4",
               "types" : [ "postal_code" ]
            }
         ],
         "formatted_address" : "11 Statler Ave, Etobicoke, ON M9B 1G4, Canada",
         "geometry" : {
            "location" : {
               "lat" : 43.6372572,
               "lng" : -79.54496890000001
            },
            "location_type" : "ROOFTOP",
            "viewport" : {
               "northeast" : {
                  "lat" : 43.6386061802915,
                  "lng" : -79.54361991970852
               },
               "southwest" : {
                  "lat" : 43.6359082197085,
                  "lng" : -79.54631788029153
               }
            }
         },
         "place_id" : "ChIJBViiFJM3K4gRwy2TtmzOuSY",
         "types" : [ "street_address" ]
      }
   ],
   "status" : "OK"
}
