{
   "results" : [
      {
         "address_components" : [
            {
               "long_name" : "470",
               "short_name" : "470",
               "types" : [ "street_number" ]
            },
            {
               "long_name" : "Maitland Street",
               "short_name" : "Maitland St",
               "types" : [ "route" ]
            },
            {
               "long_name" : "Central London",
               "short_name" : "Central London",
               "types" : [ "neighborhood", "political" ]
            },
            {
               "long_name" : "London",
               "short_name" : "London",
               "types" : [ "locality", "political" ]
            },
            {
               "long_name" : "Middlesex County",
               "short_name" : "Middlesex County",
               "types" : [ "administrative_area_level_2", "political" ]
            },
            {
               "long_name" : "Ontario",
               "short_name" : "ON",
               "types" : [ "administrative_area_level_1", "political" ]
            },
            {
               "long_name" : "Canada",
               "short_name" : "CA",
               "types" : [ "country", "political" ]
            },
            {
               "long_name" : "N6B 2Z3",
               "short_name" : "N6B 2Z3",
               "types" : [ "postal_code" ]
            }
         ],
         "formatted_address" : "470 Maitland St, London, ON N6B 2Z3, Canada",
         "geometry" : {
            "location" : {
               "lat" : 42.9892212,
               "lng" : -81.2373264
            },
            "location_type" : "ROOFTOP",
            "viewport" : {
               "northeast" : {
                  "lat" : 42.9905701802915,
                  "lng" : -81.23597741970849
               },
               "southwest" : {
                  "lat" : 42.9878722197085,
                  "lng" : -81.23867538029151
               }
            }
         },
         "partial_match" : true,
         "place_id" : "ChIJfeI-MgnyLogRVk_cUsUQN8E",
         "types" : [ "street_address" ]
      }
   ],
   "status" : "OK"
}
