{
   "results" : [
      {
         "address_components" : [
            {
               "long_name" : "110",
               "short_name" : "110",
               "types" : [ "street_number" ]
            },
            {
               "long_name" : "Manor Road",
               "short_name" : "Manor Rd",
               "types" : [ "route" ]
            },
            {
               "long_name" : "Saint Thomas",
               "short_name" : "St. Thomas",
               "types" : [ "locality", "political" ]
            },
            {
               "long_name" : "Elgin County",
               "short_name" : "Elgin County",
               "types" : [ "administrative_area_level_2", "political" ]
            },
            {
               "long_name" : "Ontario",
               "short_name" : "ON",
               "types" : [ "administrative_area_level_1", "political" ]
            },
            {
               "long_name" : "Canada",
               "short_name" : "CA",
               "types" : [ "country", "political" ]
            },
            {
               "long_name" : "N5R 5S3",
               "short_name" : "N5R 5S3",
               "types" : [ "postal_code" ]
            }
         ],
         "formatted_address" : "110 Manor Rd, St. Thomas, ON N5R 5S3, Canada",
         "geometry" : {
            "location" : {
               "lat" : 42.7712744,
               "lng" : -81.15784049999999
            },
            "location_type" : "ROOFTOP",
            "viewport" : {
               "northeast" : {
                  "lat" : 42.77262338029149,
                  "lng" : -81.15649151970848
               },
               "southwest" : {
                  "lat" : 42.7699254197085,
                  "lng" : -81.15918948029149
               }
            }
         },
         "place_id" : "ChIJSZRR56NgLogR_snWZTvETsI",
         "types" : [ "street_address" ]
      }
   ],
   "status" : "OK"
}
