{
   "results" : [
      {
         "address_components" : [
            {
               "long_name" : "1319",
               "short_name" : "1319",
               "types" : [ "street_number" ]
            },
            {
               "long_name" : "Aldersbrook Road",
               "short_name" : "Aldersbrook Rd",
               "types" : [ "route" ]
            },
            {
               "long_name" : "Medway",
               "short_name" : "Medway",
               "types" : [ "neighborhood", "political" ]
            },
            {
               "long_name" : "London",
               "short_name" : "London",
               "types" : [ "locality", "political" ]
            },
            {
               "long_name" : "Middlesex County",
               "short_name" : "Middlesex County",
               "types" : [ "administrative_area_level_2", "political" ]
            },
            {
               "long_name" : "Ontario",
               "short_name" : "ON",
               "types" : [ "administrative_area_level_1", "political" ]
            },
            {
               "long_name" : "Canada",
               "short_name" : "CA",
               "types" : [ "country", "political" ]
            },
            {
               "long_name" : "N6G 3J1",
               "short_name" : "N6G 3J1",
               "types" : [ "postal_code" ]
            }
         ],
         "formatted_address" : "1319 Aldersbrook Rd, London, ON N6G 3J1, Canada",
         "geometry" : {
            "location" : {
               "lat" : 42.9970428,
               "lng" : -81.3152765
            },
            "location_type" : "ROOFTOP",
            "viewport" : {
               "northeast" : {
                  "lat" : 42.99839178029149,
                  "lng" : -81.31392751970849
               },
               "southwest" : {
                  "lat" : 42.99569381970849,
                  "lng" : -81.31662548029149
               }
            }
         },
         "place_id" : "ChIJ0aGMqSHwLogRstemV3KjUlc",
         "types" : [ "street_address" ]
      }
   ],
   "status" : "OK"
}
