{
   "results" : [
      {
         "address_components" : [
            {
               "long_name" : "110",
               "short_name" : "110",
               "types" : [ "street_number" ]
            },
            {
               "long_name" : "Stanhope Place",
               "short_name" : "Stanhope Pl",
               "types" : [ "route" ]
            },
            {
               "long_name" : "Westminster",
               "short_name" : "Westminster",
               "types" : [ "neighborhood", "political" ]
            },
            {
               "long_name" : "London",
               "short_name" : "London",
               "types" : [ "locality", "political" ]
            },
            {
               "long_name" : "Middlesex County",
               "short_name" : "Middlesex County",
               "types" : [ "administrative_area_level_2", "political" ]
            },
            {
               "long_name" : "Ontario",
               "short_name" : "ON",
               "types" : [ "administrative_area_level_1", "political" ]
            },
            {
               "long_name" : "Canada",
               "short_name" : "CA",
               "types" : [ "country", "political" ]
            },
            {
               "long_name" : "N6C 4W8",
               "short_name" : "N6C 4W8",
               "types" : [ "postal_code" ]
            }
         ],
         "formatted_address" : "110 Stanhope Pl, London, ON N6C 4W8, Canada",
         "geometry" : {
            "location" : {
               "lat" : 42.9510328,
               "lng" : -81.2090226
            },
            "location_type" : "ROOFTOP",
            "viewport" : {
               "northeast" : {
                  "lat" : 42.9523817802915,
                  "lng" : -81.2076736197085
               },
               "southwest" : {
                  "lat" : 42.9496838197085,
                  "lng" : -81.21037158029151
               }
            }
         },
         "place_id" : "ChIJ26H4jKrzLogR2IbwdhCPNk0",
         "types" : [ "street_address" ]
      }
   ],
   "status" : "OK"
}
