{
   "results" : [
      {
         "address_components" : [
            {
               "long_name" : "1100",
               "short_name" : "1100",
               "types" : [ "street_number" ]
            },
            {
               "long_name" : "Rue Alainbourg",
               "short_name" : "Rue Alainbourg",
               "types" : [ "route" ]
            },
            {
               "long_name" : "Saint-Jean-Chrysostome",
               "short_name" : "Saint-Jean-Chrysostome",
               "types" : [ "neighborhood", "political" ]
            },
            {
               "long_name" : "Les Chutes-de-la-Chaudière-Est",
               "short_name" : "Les Chutes-de-la-Chaudière-Est",
               "types" : [ "sublocality_level_1", "sublocality", "political" ]
            },
            {
               "long_name" : "Lévis",
               "short_name" : "Lévis",
               "types" : [ "locality", "political" ]
            },
            {
               "long_name" : "Lévis",
               "short_name" : "Lévis",
               "types" : [ "administrative_area_level_2", "political" ]
            },
            {
               "long_name" : "Québec",
               "short_name" : "QC",
               "types" : [ "administrative_area_level_1", "political" ]
            },
            {
               "long_name" : "Canada",
               "short_name" : "CA",
               "types" : [ "country", "political" ]
            },
            {
               "long_name" : "G6Z 3A1",
               "short_name" : "G6Z 3A1",
               "types" : [ "postal_code" ]
            }
         ],
         "formatted_address" : "1100 Rue Alainbourg, Saint-Jean-Chrysostome, QC G6Z 3A1, Canada",
         "geometry" : {
            "location" : {
               "lat" : 46.7086501,
               "lng" : -71.2002408
            },
            "location_type" : "ROOFTOP",
            "viewport" : {
               "northeast" : {
                  "lat" : 46.7099990802915,
                  "lng" : -71.19889181970849
               },
               "southwest" : {
                  "lat" : 46.7073011197085,
                  "lng" : -71.20158978029151
               }
            }
         },
         "place_id" : "ChIJTQAuQ-eSuEwRFM-XWR5VnH0",
         "types" : [ "street_address" ]
      }
   ],
   "status" : "OK"
}
