{
   "results" : [
      {
         "address_components" : [
            {
               "long_name" : "1007",
               "short_name" : "1007",
               "types" : [ "subpremise" ]
            },
            {
               "long_name" : "1101",
               "short_name" : "1101",
               "types" : [ "street_number" ]
            },
            {
               "long_name" : "Leslie Street",
               "short_name" : "Leslie St",
               "types" : [ "route" ]
            },
            {
               "long_name" : "North York",
               "short_name" : "North York",
               "types" : [ "sublocality_level_1", "sublocality", "political" ]
            },
            {
               "long_name" : "Toronto",
               "short_name" : "Toronto",
               "types" : [ "locality", "political" ]
            },
            {
               "long_name" : "Toronto Division",
               "short_name" : "Toronto Division",
               "types" : [ "administrative_area_level_2", "political" ]
            },
            {
               "long_name" : "Ontario",
               "short_name" : "ON",
               "types" : [ "administrative_area_level_1", "political" ]
            },
            {
               "long_name" : "Canada",
               "short_name" : "CA",
               "types" : [ "country", "political" ]
            },
            {
               "long_name" : "M3C 4G9",
               "short_name" : "M3C 4G9",
               "types" : [ "postal_code" ]
            }
         ],
         "formatted_address" : "1101 Leslie St #1007, North York, ON M3C 4G9, Canada",
         "geometry" : {
            "location" : {
               "lat" : 43.72076269999999,
               "lng" : -79.34860429999999
            },
            "location_type" : "ROOFTOP",
            "viewport" : {
               "northeast" : {
                  "lat" : 43.72211168029149,
                  "lng" : -79.34725531970849
               },
               "southwest" : {
                  "lat" : 43.71941371970849,
                  "lng" : -79.3499532802915
               }
            }
         },
         "partial_match" : true,
         "place_id" : "EjQxMTAxIExlc2xpZSBTdCAjMTAwNywgTm9ydGggWW9yaywgT04gTTNDIDRHOSwgQ2FuYWRh",
         "types" : [ "subpremise" ]
      }
   ],
   "status" : "OK"
}
