{
   "results" : [
      {
         "address_components" : [
            {
               "long_name" : "1104",
               "short_name" : "1104",
               "types" : [ "street_number" ]
            },
            {
               "long_name" : "Avenue de l'Hôtel-de-Ville",
               "short_name" : "Avenue de l'Hôtel-de-Ville",
               "types" : [ "route" ]
            },
            {
               "long_name" : "Downtown",
               "short_name" : "Downtown",
               "types" : [ "neighborhood", "political" ]
            },
            {
               "long_name" : "Ville-Marie",
               "short_name" : "Ville-Marie",
               "types" : [ "sublocality_level_1", "sublocality", "political" ]
            },
            {
               "long_name" : "Montréal",
               "short_name" : "Montréal",
               "types" : [ "locality", "political" ]
            },
            {
               "long_name" : "Communauté-Urbaine-de-Montréal",
               "short_name" : "Communauté-Urbaine-de-Montréal",
               "types" : [ "administrative_area_level_2", "political" ]
            },
            {
               "long_name" : "Québec",
               "short_name" : "QC",
               "types" : [ "administrative_area_level_1", "political" ]
            },
            {
               "long_name" : "Canada",
               "short_name" : "CA",
               "types" : [ "country", "political" ]
            },
            {
               "long_name" : "H2X 3A6",
               "short_name" : "H2X 3A6",
               "types" : [ "postal_code" ]
            }
         ],
         "formatted_address" : "1104 Avenue de l'Hôtel-de-Ville, Montréal, QC H2X 3A6, Canada",
         "geometry" : {
            "location" : {
               "lat" : 45.5104212,
               "lng" : -73.55960350000001
            },
            "location_type" : "ROOFTOP",
            "viewport" : {
               "northeast" : {
                  "lat" : 45.51177018029151,
                  "lng" : -73.55825451970851
               },
               "southwest" : {
                  "lat" : 45.50907221970851,
                  "lng" : -73.56095248029152
               }
            }
         },
         "place_id" : "ChIJYdVLFFIayUwRu8wmnzLVGgQ",
         "types" : [ "street_address" ]
      }
   ],
   "status" : "OK"
}
