{
   "results" : [
      {
         "address_components" : [
            {
               "long_name" : "1106",
               "short_name" : "1106",
               "types" : [ "street_number" ]
            },
            {
               "long_name" : "Rue Dale",
               "short_name" : "Rue Dale",
               "types" : [ "route" ]
            },
            {
               "long_name" : "Laval",
               "short_name" : "Laval",
               "types" : [ "locality", "political" ]
            },
            {
               "long_name" : "Laval",
               "short_name" : "Laval",
               "types" : [ "administrative_area_level_2", "political" ]
            },
            {
               "long_name" : "Québec",
               "short_name" : "QC",
               "types" : [ "administrative_area_level_1", "political" ]
            },
            {
               "long_name" : "Canada",
               "short_name" : "CA",
               "types" : [ "country", "political" ]
            },
            {
               "long_name" : "H7V 3W1",
               "short_name" : "H7V 3W1",
               "types" : [ "postal_code" ]
            }
         ],
         "formatted_address" : "1106 Rue Dale, Laval, QC H7V 3W1, Canada",
         "geometry" : {
            "location" : {
               "lat" : 45.548485,
               "lng" : -73.740927
            },
            "location_type" : "ROOFTOP",
            "viewport" : {
               "northeast" : {
                  "lat" : 45.5498339802915,
                  "lng" : -73.73957801970849
               },
               "southwest" : {
                  "lat" : 45.5471360197085,
                  "lng" : -73.7422759802915
               }
            }
         },
         "place_id" : "ChIJq-rGI60jyUwRZ1sZ6DTJEnQ",
         "types" : [ "street_address" ]
      }
   ],
   "status" : "OK"
}
