{
   "results" : [
      {
         "address_components" : [
            {
               "long_name" : "1107",
               "short_name" : "1107",
               "types" : [ "street_number" ]
            },
            {
               "long_name" : "Victoria Avenue",
               "short_name" : "Victoria Ave",
               "types" : [ "route" ]
            },
            {
               "long_name" : "South Central",
               "short_name" : "South Central",
               "types" : [ "neighborhood", "political" ]
            },
            {
               "long_name" : "Windsor",
               "short_name" : "Windsor",
               "types" : [ "locality", "political" ]
            },
            {
               "long_name" : "Essex County",
               "short_name" : "Essex County",
               "types" : [ "administrative_area_level_2", "political" ]
            },
            {
               "long_name" : "Ontario",
               "short_name" : "ON",
               "types" : [ "administrative_area_level_1", "political" ]
            },
            {
               "long_name" : "Canada",
               "short_name" : "CA",
               "types" : [ "country", "political" ]
            },
            {
               "long_name" : "N9A 4N9",
               "short_name" : "N9A 4N9",
               "types" : [ "postal_code" ]
            }
         ],
         "formatted_address" : "1107 Victoria Ave, Windsor, ON N9A 4N9, Canada",
         "geometry" : {
            "location" : {
               "lat" : 42.3062348,
               "lng" : -83.03448299999999
            },
            "location_type" : "ROOFTOP",
            "viewport" : {
               "northeast" : {
                  "lat" : 42.30758378029149,
                  "lng" : -83.03313401970848
               },
               "southwest" : {
                  "lat" : 42.3048858197085,
                  "lng" : -83.03583198029149
               }
            }
         },
         "place_id" : "ChIJ921Owf0sO4gRkFTKBFLzQv4",
         "types" : [ "street_address" ]
      }
   ],
   "status" : "OK"
}
