{
   "results" : [
      {
         "address_components" : [
            {
               "long_name" : "111",
               "short_name" : "111",
               "types" : [ "street_number" ]
            },
            {
               "long_name" : "Princess Street",
               "short_name" : "Princess St",
               "types" : [ "route" ]
            },
            {
               "long_name" : "New Westminster",
               "short_name" : "New Westminster",
               "types" : [ "locality", "political" ]
            },
            {
               "long_name" : "Greater Vancouver",
               "short_name" : "Greater Vancouver",
               "types" : [ "administrative_area_level_2", "political" ]
            },
            {
               "long_name" : "British Columbia",
               "short_name" : "BC",
               "types" : [ "administrative_area_level_1", "political" ]
            },
            {
               "long_name" : "Canada",
               "short_name" : "CA",
               "types" : [ "country", "political" ]
            },
            {
               "long_name" : "V3L 1V4",
               "short_name" : "V3L 1V4",
               "types" : [ "postal_code" ]
            }
         ],
         "formatted_address" : "111 Princess St, New Westminster, BC V3L 1V4, Canada",
         "geometry" : {
            "location" : {
               "lat" : 49.2180009,
               "lng" : -122.9137657
            },
            "location_type" : "ROOFTOP",
            "viewport" : {
               "northeast" : {
                  "lat" : 49.2193498802915,
                  "lng" : -122.9124167197085
               },
               "southwest" : {
                  "lat" : 49.2166519197085,
                  "lng" : -122.9151146802915
               }
            }
         },
         "place_id" : "ChIJl2q8POF3hlQRt4r30RNIM1A",
         "types" : [ "street_address" ]
      }
   ],
   "status" : "OK"
}
