{
   "results" : [
      {
         "address_components" : [
            {
               "long_name" : "1120",
               "short_name" : "1120",
               "types" : [ "street_number" ]
            },
            {
               "long_name" : "West River Road",
               "short_name" : "W River Rd",
               "types" : [ "route" ]
            },
            {
               "long_name" : "Cambridge",
               "short_name" : "Cambridge",
               "types" : [ "locality", "political" ]
            },
            {
               "long_name" : "North Dumfries",
               "short_name" : "North Dumfries",
               "types" : [ "administrative_area_level_3", "political" ]
            },
            {
               "long_name" : "Waterloo Regional Municipality",
               "short_name" : "Waterloo Regional Municipality",
               "types" : [ "administrative_area_level_2", "political" ]
            },
            {
               "long_name" : "Ontario",
               "short_name" : "ON",
               "types" : [ "administrative_area_level_1", "political" ]
            },
            {
               "long_name" : "Canada",
               "short_name" : "CA",
               "types" : [ "country", "political" ]
            },
            {
               "long_name" : "N1R 5S5",
               "short_name" : "N1R 5S5",
               "types" : [ "postal_code" ]
            }
         ],
         "formatted_address" : "1120 W River Rd, Cambridge, ON N1R 5S5, Canada",
         "geometry" : {
            "location" : {
               "lat" : 43.3271095,
               "lng" : -80.3224115
            },
            "location_type" : "ROOFTOP",
            "viewport" : {
               "northeast" : {
                  "lat" : 43.32845848029149,
                  "lng" : -80.32106251970849
               },
               "southwest" : {
                  "lat" : 43.3257605197085,
                  "lng" : -80.3237604802915
               }
            }
         },
         "place_id" : "ChIJD_HO6-F2LIgRfnJsDuVGy4E",
         "types" : [ "street_address" ]
      }
   ],
   "status" : "OK"
}
