{
   "results" : [
      {
         "address_components" : [
            {
               "long_name" : "1126",
               "short_name" : "1126",
               "types" : [ "street_number" ]
            },
            {
               "long_name" : "Lambton Drive",
               "short_name" : "Lambton Dr",
               "types" : [ "route" ]
            },
            {
               "long_name" : "Clearview",
               "short_name" : "Clearview",
               "types" : [ "neighborhood", "political" ]
            },
            {
               "long_name" : "Oakville",
               "short_name" : "Oakville",
               "types" : [ "locality", "political" ]
            },
            {
               "long_name" : "Halton Regional Municipality",
               "short_name" : "Halton Regional Municipality",
               "types" : [ "administrative_area_level_2", "political" ]
            },
            {
               "long_name" : "Ontario",
               "short_name" : "ON",
               "types" : [ "administrative_area_level_1", "political" ]
            },
            {
               "long_name" : "Canada",
               "short_name" : "CA",
               "types" : [ "country", "political" ]
            },
            {
               "long_name" : "L6J 7P3",
               "short_name" : "L6J 7P3",
               "types" : [ "postal_code" ]
            }
         ],
         "formatted_address" : "1126 Lambton Dr, Oakville, ON L6J 7P3, Canada",
         "geometry" : {
            "location" : {
               "lat" : 43.4946677,
               "lng" : -79.6565315
            },
            "location_type" : "ROOFTOP",
            "viewport" : {
               "northeast" : {
                  "lat" : 43.4960166802915,
                  "lng" : -79.6551825197085
               },
               "southwest" : {
                  "lat" : 43.4933187197085,
                  "lng" : -79.65788048029151
               }
            }
         },
         "place_id" : "ChIJ-aH1RWdDK4gRcGS-y6LHNoY",
         "types" : [ "street_address" ]
      }
   ],
   "status" : "OK"
}
