{
   "results" : [
      {
         "address_components" : [
            {
               "long_name" : "114",
               "short_name" : "114",
               "types" : [ "street_number" ]
            },
            {
               "long_name" : "Ceremonial Drive",
               "short_name" : "Ceremonial Dr",
               "types" : [ "route" ]
            },
            {
               "long_name" : "Mississauga",
               "short_name" : "Mississauga",
               "types" : [ "locality", "political" ]
            },
            {
               "long_name" : "Peel Regional Municipality",
               "short_name" : "Peel Regional Municipality",
               "types" : [ "administrative_area_level_2", "political" ]
            },
            {
               "long_name" : "Ontario",
               "short_name" : "ON",
               "types" : [ "administrative_area_level_1", "political" ]
            },
            {
               "long_name" : "Canada",
               "short_name" : "CA",
               "types" : [ "country", "political" ]
            },
            {
               "long_name" : "L5R 2L6",
               "short_name" : "L5R 2L6",
               "types" : [ "postal_code" ]
            }
         ],
         "formatted_address" : "114 Ceremonial Dr, Mississauga, ON L5R 2L6, Canada",
         "geometry" : {
            "location" : {
               "lat" : 43.6071873,
               "lng" : -79.6602156
            },
            "location_type" : "ROOFTOP",
            "viewport" : {
               "northeast" : {
                  "lat" : 43.6085362802915,
                  "lng" : -79.6588666197085
               },
               "southwest" : {
                  "lat" : 43.6058383197085,
                  "lng" : -79.66156458029151
               }
            }
         },
         "place_id" : "ChIJz8LVFMhAK4gRRyjMRONDfHQ",
         "types" : [ "street_address" ]
      }
   ],
   "status" : "OK"
}
