{
   "results" : [
      {
         "address_components" : [
            {
               "long_name" : "132",
               "short_name" : "132",
               "types" : [ "street_number" ]
            },
            {
               "long_name" : "Rue Principale",
               "short_name" : "Rue Principale",
               "types" : [ "route" ]
            },
            {
               "long_name" : "Lambton",
               "short_name" : "Lambton",
               "types" : [ "locality", "political" ]
            },
            {
               "long_name" : "Lambton",
               "short_name" : "Lambton",
               "types" : [ "administrative_area_level_3", "political" ]
            },
            {
               "long_name" : "Le Granit",
               "short_name" : "Le Granit",
               "types" : [ "administrative_area_level_2", "political" ]
            },
            {
               "long_name" : "Québec",
               "short_name" : "QC",
               "types" : [ "administrative_area_level_1", "political" ]
            },
            {
               "long_name" : "Canada",
               "short_name" : "CA",
               "types" : [ "country", "political" ]
            },
            {
               "long_name" : "G0M 1H0",
               "short_name" : "G0M 1H0",
               "types" : [ "postal_code" ]
            }
         ],
         "formatted_address" : "132 Rue Principale, Lambton, QC G0M 1H0, Canada",
         "geometry" : {
            "location" : {
               "lat" : 45.8421966,
               "lng" : -71.0886738
            },
            "location_type" : "ROOFTOP",
            "viewport" : {
               "northeast" : {
                  "lat" : 45.8435455802915,
                  "lng" : -71.08732481970848
               },
               "southwest" : {
                  "lat" : 45.84084761970851,
                  "lng" : -71.09002278029151
               }
            }
         },
         "partial_match" : true,
         "place_id" : "ChIJPx0P3Dd9t0wRL2oD--pwzj4",
         "types" : [ "street_address" ]
      }
   ],
   "status" : "OK"
}
