{
   "results" : [
      {
         "address_components" : [
            {
               "long_name" : "135",
               "short_name" : "135",
               "types" : [ "street_number" ]
            },
            {
               "long_name" : "Glendonwynne Road",
               "short_name" : "Glendonwynne Rd",
               "types" : [ "route" ]
            },
            {
               "long_name" : "High Park North",
               "short_name" : "High Park North",
               "types" : [ "neighborhood", "political" ]
            },
            {
               "long_name" : "Old Toronto",
               "short_name" : "Old Toronto",
               "types" : [ "sublocality_level_1", "sublocality", "political" ]
            },
            {
               "long_name" : "Toronto",
               "short_name" : "Toronto",
               "types" : [ "locality", "political" ]
            },
            {
               "long_name" : "Toronto Division",
               "short_name" : "Toronto Division",
               "types" : [ "administrative_area_level_2", "political" ]
            },
            {
               "long_name" : "Ontario",
               "short_name" : "ON",
               "types" : [ "administrative_area_level_1", "political" ]
            },
            {
               "long_name" : "Canada",
               "short_name" : "CA",
               "types" : [ "country", "political" ]
            },
            {
               "long_name" : "M6P 3E7",
               "short_name" : "M6P 3E7",
               "types" : [ "postal_code" ]
            }
         ],
         "formatted_address" : "135 Glendonwynne Rd, Toronto, ON M6P 3E7, Canada",
         "geometry" : {
            "location" : {
               "lat" : 43.655638,
               "lng" : -79.47434179999999
            },
            "location_type" : "ROOFTOP",
            "viewport" : {
               "northeast" : {
                  "lat" : 43.6569869802915,
                  "lng" : -79.47299281970848
               },
               "southwest" : {
                  "lat" : 43.6542890197085,
                  "lng" : -79.4756907802915
               }
            }
         },
         "place_id" : "ChIJk1btC4M2K4gRa226ODrrlkY",
         "types" : [ "street_address" ]
      }
   ],
   "status" : "OK"
}
