{
   "results" : [
      {
         "address_components" : [
            {
               "long_name" : "10",
               "short_name" : "10",
               "types" : [ "street_number" ]
            },
            {
               "long_name" : "Marina Boulevard",
               "short_name" : "Marina Blvd",
               "types" : [ "route" ]
            },
            {
               "long_name" : "Downtown Core",
               "short_name" : "Downtown Core",
               "types" : [ "neighborhood", "political" ]
            },
            {
               "long_name" : "Singapore",
               "short_name" : "Singapore",
               "types" : [ "locality", "political" ]
            },
            {
               "long_name" : "Singapore",
               "short_name" : "SG",
               "types" : [ "country", "political" ]
            },
            {
               "long_name" : "018983",
               "short_name" : "018983",
               "types" : [ "postal_code" ]
            }
         ],
         "formatted_address" : "10 Marina Blvd, Singapore 018983",
         "geometry" : {
            "location" : {
               "lat" : 1.2792463,
               "lng" : 103.8541121
            },
            "location_type" : "ROOFTOP",
            "viewport" : {
               "northeast" : {
                  "lat" : 1.280595280291502,
                  "lng" : 103.8554610802915
               },
               "southwest" : {
                  "lat" : 1.277897319708498,
                  "lng" : 103.8527631197085
               }
            }
         },
         "partial_match" : true,
         "place_id" : "ChIJB-y6KBAZ2jER-TFlyRoj0RU",
         "types" : [ "street_address" ]
      }
   ],
   "status" : "OK"
}
