{
   "results" : [
      {
         "address_components" : [
            {
               "long_name" : "102",
               "short_name" : "102",
               "types" : [ "subpremise" ]
            },
            {
               "long_name" : "",
               "short_name" : "",
               "types" : [ "premise" ]
            },
            {
               "long_name" : "1",
               "short_name" : "1",
               "types" : [ "street_number" ]
            },
            {
               "long_name" : "100th Avenue Northeast",
               "short_name" : "100th Ave NE",
               "types" : [ "route" ]
            },
            {
               "long_name" : "Northwest Bellevue",
               "short_name" : "Northwest Bellevue",
               "types" : [ "neighborhood", "political" ]
            },
            {
               "long_name" : "Bellevue",
               "short_name" : "Bellevue",
               "types" : [ "locality", "political" ]
            },
            {
               "long_name" : "King County",
               "short_name" : "King County",
               "types" : [ "administrative_area_level_2", "political" ]
            },
            {
               "long_name" : "Washington",
               "short_name" : "WA",
               "types" : [ "administrative_area_level_1", "political" ]
            },
            {
               "long_name" : "United States",
               "short_name" : "US",
               "types" : [ "country", "political" ]
            },
            {
               "long_name" : "98004",
               "short_name" : "98004",
               "types" : [ "postal_code" ]
            },
            {
               "long_name" : "5608",
               "short_name" : "5608",
               "types" : [ "postal_code_suffix" ]
            }
         ],
         "formatted_address" : "1 100th Ave NE #102, Bellevue, WA 98004, USA",
         "geometry" : {
            "location" : {
               "lat" : 47.6105481,
               "lng" : -122.2073855
            },
            "location_type" : "ROOFTOP",
            "viewport" : {
               "northeast" : {
                  "lat" : 47.6118970802915,
                  "lng" : -122.2060365197085
               },
               "southwest" : {
                  "lat" : 47.6091991197085,
                  "lng" : -122.2087344802915
               }
            }
         },
         "place_id" : "EiwxIDEwMHRoIEF2ZSBORSAjMTAyLCBCZWxsZXZ1ZSwgV0EgOTgwMDQsIFVTQQ",
         "types" : [ "subpremise" ]
      }
   ],
   "status" : "OK"
}
