{
   "results" : [
      {
         "address_components" : [
            {
               "long_name" : "1",
               "short_name" : "1",
               "types" : [ "street_number" ]
            },
            {
               "long_name" : "Adelaide Street East",
               "short_name" : "Adelaide St E",
               "types" : [ "route" ]
            },
            {
               "long_name" : "Downtown",
               "short_name" : "Downtown",
               "types" : [ "neighborhood", "political" ]
            },
            {
               "long_name" : "Old Toronto",
               "short_name" : "Old Toronto",
               "types" : [ "sublocality_level_1", "sublocality", "political" ]
            },
            {
               "long_name" : "Toronto",
               "short_name" : "Toronto",
               "types" : [ "locality", "political" ]
            },
            {
               "long_name" : "Toronto Division",
               "short_name" : "Toronto Division",
               "types" : [ "administrative_area_level_2", "political" ]
            },
            {
               "long_name" : "Ontario",
               "short_name" : "ON",
               "types" : [ "administrative_area_level_1", "political" ]
            },
            {
               "long_name" : "Canada",
               "short_name" : "CA",
               "types" : [ "country", "political" ]
            },
            {
               "long_name" : "M5C 2V9",
               "short_name" : "M5C 2V9",
               "types" : [ "postal_code" ]
            }
         ],
         "formatted_address" : "1 Adelaide St E, Toronto, ON M5C 2V9, Canada",
         "geometry" : {
            "bounds" : {
               "northeast" : {
                  "lat" : 43.6504914,
                  "lng" : -79.37755989999999
               },
               "southwest" : {
                  "lat" : 43.6499304,
                  "lng" : -79.3782272
               }
            },
            "location" : {
               "lat" : 43.6502109,
               "lng" : -79.37789360000001
            },
            "location_type" : "ROOFTOP",
            "viewport" : {
               "northeast" : {
                  "lat" : 43.65155988029149,
                  "lng" : -79.3765445697085
               },
               "southwest" : {
                  "lat" : 43.6488619197085,
                  "lng" : -79.37924253029151
               }
            }
         },
         "partial_match" : true,
         "place_id" : "ChIJYzGI8zLL1IkRDn6KVrBIAXA",
         "types" : [ "premise" ]
      }
   ],
   "status" : "OK"
}
