{
   "results" : [
      {
         "address_components" : [
            {
               "long_name" : "1250",
               "short_name" : "1250",
               "types" : [ "subpremise" ]
            },
            {
               "long_name" : "The Center Building 2014",
               "short_name" : "The Center Building 2014",
               "types" : [ "premise" ]
            },
            {
               "long_name" : "2014",
               "short_name" : "2014",
               "types" : [ "street_number" ]
            },
            {
               "long_name" : "Broadway",
               "short_name" : "Broadway",
               "types" : [ "route" ]
            },
            {
               "long_name" : "Midtown",
               "short_name" : "Midtown",
               "types" : [ "neighborhood", "political" ]
            },
            {
               "long_name" : "Nashville",
               "short_name" : "Nashville",
               "types" : [ "locality", "political" ]
            },
            {
               "long_name" : "Davidson County",
               "short_name" : "Davidson County",
               "types" : [ "administrative_area_level_2", "political" ]
            },
            {
               "long_name" : "Tennessee",
               "short_name" : "TN",
               "types" : [ "administrative_area_level_1", "political" ]
            },
            {
               "long_name" : "United States",
               "short_name" : "US",
               "types" : [ "country", "political" ]
            },
            {
               "long_name" : "37203",
               "short_name" : "37203",
               "types" : [ "postal_code" ]
            }
         ],
         "formatted_address" : "The Center Building 2014, 2014 Broadway #1250, Nashville, TN 37203, USA",
         "geometry" : {
            "location" : {
               "lat" : 36.1492294,
               "lng" : -86.79905309999999
            },
            "location_type" : "ROOFTOP",
            "viewport" : {
               "northeast" : {
                  "lat" : 36.15057838029151,
                  "lng" : -86.7977041197085
               },
               "southwest" : {
                  "lat" : 36.14788041970851,
                  "lng" : -86.80040208029151
               }
            }
         },
         "partial_match" : true,
         "place_id" : "EkdUaGUgQ2VudGVyIEJ1aWxkaW5nIDIwMTQsIDIwMTQgQnJvYWR3YXkgIzEyNTAsIE5hc2h2aWxsZSwgVE4gMzcyMDMsIFVTQQ",
         "types" : [ "subpremise" ]
      }
   ],
   "status" : "OK"
}
