{
   "results" : [
      {
         "address_components" : [
            {
               "long_name" : "1",
               "short_name" : "1",
               "types" : [ "street_number" ]
            },
            {
               "long_name" : "American Lane",
               "short_name" : "American Ln",
               "types" : [ "route" ]
            },
            {
               "long_name" : "Greenwich",
               "short_name" : "Greenwich",
               "types" : [ "locality", "political" ]
            },
            {
               "long_name" : "Fairfield County",
               "short_name" : "Fairfield County",
               "types" : [ "administrative_area_level_2", "political" ]
            },
            {
               "long_name" : "Connecticut",
               "short_name" : "CT",
               "types" : [ "administrative_area_level_1", "political" ]
            },
            {
               "long_name" : "United States",
               "short_name" : "US",
               "types" : [ "country", "political" ]
            },
            {
               "long_name" : "06831",
               "short_name" : "06831",
               "types" : [ "postal_code" ]
            }
         ],
         "formatted_address" : "1 American Ln, Greenwich, CT 06831, USA",
         "geometry" : {
            "location" : {
               "lat" : 41.09837,
               "lng" : -73.7223601
            },
            "location_type" : "ROOFTOP",
            "viewport" : {
               "northeast" : {
                  "lat" : 41.09971898029151,
                  "lng" : -73.72101111970849
               },
               "southwest" : {
                  "lat" : 41.09702101970851,
                  "lng" : -73.7237090802915
               }
            }
         },
         "partial_match" : true,
         "place_id" : "ChIJB0VN6bi9wokRhYdx1ruHn48",
         "types" : [ "street_address" ]
      }
   ],
   "status" : "OK"
}
