{
   "results" : [
      {
         "address_components" : [
            {
               "long_name" : "510",
               "short_name" : "510",
               "types" : [ "subpremise" ]
            },
            {
               "long_name" : "1",
               "short_name" : "1",
               "types" : [ "street_number" ]
            },
            {
               "long_name" : "American Square",
               "short_name" : "American Sq",
               "types" : [ "route" ]
            },
            {
               "long_name" : "Mile Square",
               "short_name" : "Mile Square",
               "types" : [ "neighborhood", "political" ]
            },
            {
               "long_name" : "Indianapolis",
               "short_name" : "Indianapolis",
               "types" : [ "locality", "political" ]
            },
            {
               "long_name" : "Center Township",
               "short_name" : "Center Township",
               "types" : [ "administrative_area_level_3", "political" ]
            },
            {
               "long_name" : "Marion County",
               "short_name" : "Marion County",
               "types" : [ "administrative_area_level_2", "political" ]
            },
            {
               "long_name" : "Indiana",
               "short_name" : "IN",
               "types" : [ "administrative_area_level_1", "political" ]
            },
            {
               "long_name" : "United States",
               "short_name" : "US",
               "types" : [ "country", "political" ]
            },
            {
               "long_name" : "46282",
               "short_name" : "46282",
               "types" : [ "postal_code" ]
            }
         ],
         "formatted_address" : "1 American Sq #510, Indianapolis, IN 46282, USA",
         "geometry" : {
            "location" : {
               "lat" : 39.7709058,
               "lng" : -86.1609916
            },
            "location_type" : "ROOFTOP",
            "viewport" : {
               "northeast" : {
                  "lat" : 39.7722547802915,
                  "lng" : -86.15964261970851
               },
               "southwest" : {
                  "lat" : 39.7695568197085,
                  "lng" : -86.16234058029151
               }
            }
         },
         "partial_match" : true,
         "place_id" : "Ei8xIEFtZXJpY2FuIFNxICM1MTAsIEluZGlhbmFwb2xpcywgSU4gNDYyODIsIFVTQQ",
         "types" : [ "subpremise" ]
      }
   ],
   "status" : "OK"
}
