{
   "results" : [
      {
         "address_components" : [
            {
               "long_name" : "1",
               "short_name" : "1",
               "types" : [ "street_number" ]
            },
            {
               "long_name" : "Angel Lane",
               "short_name" : "Angel Ln",
               "types" : [ "route" ]
            },
            {
               "long_name" : "London",
               "short_name" : "London",
               "types" : [ "locality", "political" ]
            },
            {
               "long_name" : "London",
               "short_name" : "London",
               "types" : [ "postal_town" ]
            },
            {
               "long_name" : "Greater London",
               "short_name" : "Greater London",
               "types" : [ "administrative_area_level_2", "political" ]
            },
            {
               "long_name" : "United Kingdom",
               "short_name" : "GB",
               "types" : [ "country", "political" ]
            },
            {
               "long_name" : "EC4R 3AB",
               "short_name" : "EC4R 3AB",
               "types" : [ "postal_code" ]
            }
         ],
         "formatted_address" : "1 Angel Ln, London EC4R 3AB, UK",
         "geometry" : {
            "location" : {
               "lat" : 51.50904629999999,
               "lng" : -0.0901202
            },
            "location_type" : "ROOFTOP",
            "viewport" : {
               "northeast" : {
                  "lat" : 51.5103952802915,
                  "lng" : -0.08877121970849797
               },
               "southwest" : {
                  "lat" : 51.5076973197085,
                  "lng" : -0.09146918029150203
               }
            }
         },
         "partial_match" : true,
         "place_id" : "ChIJfWsYnlYDdkgR32-SL808Okg",
         "types" : [ "street_address" ]
      }
   ],
   "status" : "OK"
}
