{
   "results" : [
      {
         "address_components" : [
            {
               "long_name" : "14",
               "short_name" : "14",
               "types" : [ "street_number" ]
            },
            {
               "long_name" : "Closson Drive",
               "short_name" : "Closson Dr",
               "types" : [ "route" ]
            },
            {
               "long_name" : "Port Union",
               "short_name" : "Port Union",
               "types" : [ "neighborhood", "political" ]
            },
            {
               "long_name" : "Scarborough",
               "short_name" : "Scarborough",
               "types" : [ "sublocality_level_1", "sublocality", "political" ]
            },
            {
               "long_name" : "Toronto",
               "short_name" : "Toronto",
               "types" : [ "locality", "political" ]
            },
            {
               "long_name" : "Toronto Division",
               "short_name" : "Toronto Division",
               "types" : [ "administrative_area_level_2", "political" ]
            },
            {
               "long_name" : "Ontario",
               "short_name" : "ON",
               "types" : [ "administrative_area_level_1", "political" ]
            },
            {
               "long_name" : "Canada",
               "short_name" : "CA",
               "types" : [ "country", "political" ]
            },
            {
               "long_name" : "M1C 3J3",
               "short_name" : "M1C 3J3",
               "types" : [ "postal_code" ]
            }
         ],
         "formatted_address" : "14 Closson Dr, Scarborough, ON M1C 3J3, Canada",
         "geometry" : {
            "bounds" : {
               "northeast" : {
                  "lat" : 43.7882313,
                  "lng" : -79.15269669999999
               },
               "southwest" : {
                  "lat" : 43.7882273,
                  "lng" : -79.1527146
               }
            },
            "location" : {
               "lat" : 43.7882273,
               "lng" : -79.1527146
            },
            "location_type" : "RANGE_INTERPOLATED",
            "viewport" : {
               "northeast" : {
                  "lat" : 43.7895782802915,
                  "lng" : -79.15135666970849
               },
               "southwest" : {
                  "lat" : 43.7868803197085,
                  "lng" : -79.1540546302915
               }
            }
         },
         "place_id" : "Ei4xNCBDbG9zc29uIERyLCBTY2FyYm9yb3VnaCwgT04gTTFDIDNKMywgQ2FuYWRh",
         "types" : [ "street_address" ]
      }
   ],
   "status" : "OK"
}
