{
   "results" : [
      {
         "address_components" : [
            {
               "long_name" : "1",
               "short_name" : "1",
               "types" : [ "street_number" ]
            },
            {
               "long_name" : "Bank Plaza",
               "short_name" : "Bank PLZ",
               "types" : [ "route" ]
            },
            {
               "long_name" : "Wheeling",
               "short_name" : "Wheeling",
               "types" : [ "locality", "political" ]
            },
            {
               "long_name" : "2",
               "short_name" : "2",
               "types" : [ "administrative_area_level_3", "political" ]
            },
            {
               "long_name" : "Ohio County",
               "short_name" : "Ohio County",
               "types" : [ "administrative_area_level_2", "political" ]
            },
            {
               "long_name" : "West Virginia",
               "short_name" : "WV",
               "types" : [ "administrative_area_level_1", "political" ]
            },
            {
               "long_name" : "United States",
               "short_name" : "US",
               "types" : [ "country", "political" ]
            },
            {
               "long_name" : "26003",
               "short_name" : "26003",
               "types" : [ "postal_code" ]
            }
         ],
         "formatted_address" : "1 Bank PLZ, Wheeling, WV 26003, USA",
         "geometry" : {
            "location" : {
               "lat" : 40.065986,
               "lng" : -80.72290699999999
            },
            "location_type" : "ROOFTOP",
            "viewport" : {
               "northeast" : {
                  "lat" : 40.06733498029149,
                  "lng" : -80.7215580197085
               },
               "southwest" : {
                  "lat" : 40.06463701970849,
                  "lng" : -80.7242559802915
               }
            }
         },
         "partial_match" : true,
         "place_id" : "ChIJL_ZCE4fZNYgR8WbirraWrhI",
         "types" : [ "street_address" ]
      },
      {
         "address_components" : [
            {
               "long_name" : "1",
               "short_name" : "1",
               "types" : [ "street_number" ]
            },
            {
               "long_name" : "Bank Street",
               "short_name" : "Bank St",
               "types" : [ "route" ]
            },
            {
               "long_name" : "Wheeling",
               "short_name" : "Wheeling",
               "types" : [ "locality", "political" ]
            },
            {
               "long_name" : "2",
               "short_name" : "2",
               "types" : [ "administrative_area_level_3", "political" ]
            },
            {
               "long_name" : "Ohio County",
               "short_name" : "Ohio County",
               "types" : [ "administrative_area_level_2", "political" ]
            },
            {
               "long_name" : "West Virginia",
               "short_name" : "WV",
               "types" : [ "administrative_area_level_1", "political" ]
            },
            {
               "long_name" : "United States",
               "short_name" : "US",
               "types" : [ "country", "political" ]
            },
            {
               "long_name" : "26003",
               "short_name" : "26003",
               "types" : [ "postal_code" ]
            }
         ],
         "formatted_address" : "1 Bank St, Wheeling, WV 26003, USA",
         "geometry" : {
            "location" : {
               "lat" : 40.0769214,
               "lng" : -80.70914979999999
            },
            "location_type" : "ROOFTOP",
            "viewport" : {
               "northeast" : {
                  "lat" : 40.0782703802915,
                  "lng" : -80.7078008197085
               },
               "southwest" : {
                  "lat" : 40.0755724197085,
                  "lng" : -80.7104987802915
               }
            }
         },
         "partial_match" : true,
         "place_id" : "ChIJTS-HPj3aNYgRY3KVhtLYFWw",
         "types" : [ "street_address" ]
      }
   ],
   "status" : "OK"
}
