{
   "results" : [
      {
         "address_components" : [
            {
               "long_name" : "1",
               "short_name" : "1",
               "types" : [ "street_number" ]
            },
            {
               "long_name" : "Beacon Street",
               "short_name" : "Beacon St",
               "types" : [ "route" ]
            },
            {
               "long_name" : "Downtown",
               "short_name" : "Downtown",
               "types" : [ "neighborhood", "political" ]
            },
            {
               "long_name" : "Boston",
               "short_name" : "Boston",
               "types" : [ "locality", "political" ]
            },
            {
               "long_name" : "Suffolk County",
               "short_name" : "Suffolk County",
               "types" : [ "administrative_area_level_2", "political" ]
            },
            {
               "long_name" : "Massachusetts",
               "short_name" : "MA",
               "types" : [ "administrative_area_level_1", "political" ]
            },
            {
               "long_name" : "United States",
               "short_name" : "US",
               "types" : [ "country", "political" ]
            },
            {
               "long_name" : "02108",
               "short_name" : "02108",
               "types" : [ "postal_code" ]
            }
         ],
         "formatted_address" : "1 Beacon St, Boston, MA 02108, USA",
         "geometry" : {
            "location" : {
               "lat" : 42.3584478,
               "lng" : -71.0608489
            },
            "location_type" : "ROOFTOP",
            "viewport" : {
               "northeast" : {
                  "lat" : 42.3597967802915,
                  "lng" : -71.05949991970849
               },
               "southwest" : {
                  "lat" : 42.3570988197085,
                  "lng" : -71.06219788029151
               }
            }
         },
         "partial_match" : true,
         "place_id" : "ChIJlalAuYRw44kRvGH0-SsNylk",
         "types" : [ "street_address" ]
      }
   ],
   "status" : "OK"
}
