{
   "results" : [
      {
         "address_components" : [
            {
               "long_name" : "830",
               "short_name" : "830",
               "types" : [ "subpremise" ]
            },
            {
               "long_name" : "Royal Trust Corporation of Canada",
               "short_name" : "Royal Trust Corporation of Canada",
               "types" : [ "premise" ]
            },
            {
               "long_name" : "505",
               "short_name" : "505",
               "types" : [ "street_number" ]
            },
            {
               "long_name" : "Burrard Street",
               "short_name" : "Burrard St",
               "types" : [ "route" ]
            },
            {
               "long_name" : "Central",
               "short_name" : "Central",
               "types" : [ "neighborhood", "political" ]
            },
            {
               "long_name" : "Vancouver",
               "short_name" : "Vancouver",
               "types" : [ "locality", "political" ]
            },
            {
               "long_name" : "Greater Vancouver",
               "short_name" : "Greater Vancouver",
               "types" : [ "administrative_area_level_2", "political" ]
            },
            {
               "long_name" : "British Columbia",
               "short_name" : "BC",
               "types" : [ "administrative_area_level_1", "political" ]
            },
            {
               "long_name" : "Canada",
               "short_name" : "CA",
               "types" : [ "country", "political" ]
            },
            {
               "long_name" : "V7X",
               "short_name" : "V7X",
               "types" : [ "postal_code_prefix", "postal_code" ]
            }
         ],
         "formatted_address" : "Royal Trust Corporation of Canada, 505 Burrard St #830, Vancouver, BC V7X, Canada",
         "geometry" : {
            "location" : {
               "lat" : 49.2867,
               "lng" : -123.118
            },
            "location_type" : "ROOFTOP",
            "viewport" : {
               "northeast" : {
                  "lat" : 49.2880489802915,
                  "lng" : -123.1166510197085
               },
               "southwest" : {
                  "lat" : 49.2853510197085,
                  "lng" : -123.1193489802915
               }
            }
         },
         "partial_match" : true,
         "place_id" : "ElFSb3lhbCBUcnVzdCBDb3Jwb3JhdGlvbiBvZiBDYW5hZGEsIDUwNSBCdXJyYXJkIFN0ICM4MzAsIFZhbmNvdXZlciwgQkMgVjdYLCBDYW5hZGE",
         "types" : [ "subpremise" ]
      }
   ],
   "status" : "OK"
}
