{
   "results" : [
      {
         "address_components" : [
            {
               "long_name" : "101",
               "short_name" : "101",
               "types" : [ "subpremise" ]
            },
            {
               "long_name" : "1",
               "short_name" : "1",
               "types" : [ "street_number" ]
            },
            {
               "long_name" : "Boars Head Pointe",
               "short_name" : "Boars Head Pointe",
               "types" : [ "route" ]
            },
            {
               "long_name" : "Ednam",
               "short_name" : "Ednam",
               "types" : [ "neighborhood", "political" ]
            },
            {
               "long_name" : "Charlottesville",
               "short_name" : "Charlottesville",
               "types" : [ "locality", "political" ]
            },
            {
               "long_name" : "Samuel Miller",
               "short_name" : "Samuel Miller",
               "types" : [ "administrative_area_level_3", "political" ]
            },
            {
               "long_name" : "Albemarle County",
               "short_name" : "Albemarle County",
               "types" : [ "administrative_area_level_2", "political" ]
            },
            {
               "long_name" : "Virginia",
               "short_name" : "VA",
               "types" : [ "administrative_area_level_1", "political" ]
            },
            {
               "long_name" : "United States",
               "short_name" : "US",
               "types" : [ "country", "political" ]
            },
            {
               "long_name" : "22903",
               "short_name" : "22903",
               "types" : [ "postal_code" ]
            }
         ],
         "formatted_address" : "1 Boars Head Pointe #101, Charlottesville, VA 22903, USA",
         "geometry" : {
            "location" : {
               "lat" : 38.050298,
               "lng" : -78.5442829
            },
            "location_type" : "ROOFTOP",
            "viewport" : {
               "northeast" : {
                  "lat" : 38.0516469802915,
                  "lng" : -78.5429339197085
               },
               "southwest" : {
                  "lat" : 38.0489490197085,
                  "lng" : -78.54563188029151
               }
            }
         },
         "partial_match" : true,
         "place_id" : "EjgxIEJvYXJzIEhlYWQgUG9pbnRlICMxMDEsIENoYXJsb3R0ZXN2aWxsZSwgVkEgMjI5MDMsIFVTQQ",
         "types" : [ "subpremise" ]
      }
   ],
   "status" : "OK"
}
