{
   "results" : [
      {
         "address_components" : [
            {
               "long_name" : "1",
               "short_name" : "1",
               "types" : [ "street_number" ]
            },
            {
               "long_name" : "Boston Medical Center Place",
               "short_name" : "Boston Medical Center Pl",
               "types" : [ "route" ]
            },
            {
               "long_name" : "South End",
               "short_name" : "South End",
               "types" : [ "neighborhood", "political" ]
            },
            {
               "long_name" : "Boston",
               "short_name" : "Boston",
               "types" : [ "locality", "political" ]
            },
            {
               "long_name" : "Suffolk County",
               "short_name" : "Suffolk County",
               "types" : [ "administrative_area_level_2", "political" ]
            },
            {
               "long_name" : "Massachusetts",
               "short_name" : "MA",
               "types" : [ "administrative_area_level_1", "political" ]
            },
            {
               "long_name" : "United States",
               "short_name" : "US",
               "types" : [ "country", "political" ]
            },
            {
               "long_name" : "02118",
               "short_name" : "02118",
               "types" : [ "postal_code" ]
            },
            {
               "long_name" : "2908",
               "short_name" : "2908",
               "types" : [ "postal_code_suffix" ]
            }
         ],
         "formatted_address" : "1 Boston Medical Center Pl, Boston, MA 02118, USA",
         "geometry" : {
            "location" : {
               "lat" : 42.3343392,
               "lng" : -71.0741123
            },
            "location_type" : "ROOFTOP",
            "viewport" : {
               "northeast" : {
                  "lat" : 42.3356881802915,
                  "lng" : -71.0727633197085
               },
               "southwest" : {
                  "lat" : 42.3329902197085,
                  "lng" : -71.07546128029151
               }
            }
         },
         "partial_match" : true,
         "place_id" : "ChIJ53Snjz9644kR4kcylwixXmg",
         "types" : [ "subpremise" ]
      },
      {
         "address_components" : [
            {
               "long_name" : "1",
               "short_name" : "1",
               "types" : [ "street_number" ]
            },
            {
               "long_name" : "Boston Street",
               "short_name" : "Boston St",
               "types" : [ "route" ]
            },
            {
               "long_name" : "Columbus Park / Andrew Square",
               "short_name" : "Columbus Park / Andrew Square",
               "types" : [ "neighborhood", "political" ]
            },
            {
               "long_name" : "Boston",
               "short_name" : "Boston",
               "types" : [ "locality", "political" ]
            },
            {
               "long_name" : "Suffolk County",
               "short_name" : "Suffolk County",
               "types" : [ "administrative_area_level_2", "political" ]
            },
            {
               "long_name" : "Massachusetts",
               "short_name" : "MA",
               "types" : [ "administrative_area_level_1", "political" ]
            },
            {
               "long_name" : "United States",
               "short_name" : "US",
               "types" : [ "country", "political" ]
            },
            {
               "long_name" : "02127",
               "short_name" : "02127",
               "types" : [ "postal_code" ]
            }
         ],
         "formatted_address" : "1 Boston St, Boston, MA 02127, USA",
         "geometry" : {
            "bounds" : {
               "northeast" : {
                  "lat" : 42.3292339,
                  "lng" : -71.0572763
               },
               "southwest" : {
                  "lat" : 42.32922870000001,
                  "lng" : -71.0572937
               }
            },
            "location" : {
               "lat" : 42.3292339,
               "lng" : -71.0572937
            },
            "location_type" : "RANGE_INTERPOLATED",
            "viewport" : {
               "northeast" : {
                  "lat" : 42.33058028029151,
                  "lng" : -71.0559360197085
               },
               "southwest" : {
                  "lat" : 42.32788231970851,
                  "lng" : -71.0586339802915
               }
            }
         },
         "partial_match" : true,
         "place_id" : "EiIxIEJvc3RvbiBTdCwgQm9zdG9uLCBNQSAwMjEyNywgVVNB",
         "types" : [ "street_address" ]
      },
      {
         "address_components" : [
            {
               "long_name" : "1",
               "short_name" : "1",
               "types" : [ "street_number" ]
            },
            {
               "long_name" : "Boston Avenue",
               "short_name" : "Boston Ave",
               "types" : [ "route" ]
            },
            {
               "long_name" : "Powder House Square",
               "short_name" : "Powder House Square",
               "types" : [ "neighborhood", "political" ]
            },
            {
               "long_name" : "Somerville",
               "short_name" : "Somerville",
               "types" : [ "locality", "political" ]
            },
            {
               "long_name" : "Middlesex County",
               "short_name" : "Middlesex County",
               "types" : [ "administrative_area_level_2", "political" ]
            },
            {
               "long_name" : "Massachusetts",
               "short_name" : "MA",
               "types" : [ "administrative_area_level_1", "political" ]
            },
            {
               "long_name" : "United States",
               "short_name" : "US",
               "types" : [ "country", "political" ]
            },
            {
               "long_name" : "02144",
               "short_name" : "02144",
               "types" : [ "postal_code" ]
            },
            {
               "long_name" : "2301",
               "short_name" : "2301",
               "types" : [ "postal_code_suffix" ]
            }
         ],
         "formatted_address" : "1 Boston Ave, Somerville, MA 02144, USA",
         "geometry" : {
            "bounds" : {
               "northeast" : {
                  "lat" : 42.39463689999999,
                  "lng" : -71.11134799999999
               },
               "southwest" : {
                  "lat" : 42.3946306,
                  "lng" : -71.1113647
               }
            },
            "location" : {
               "lat" : 42.3946306,
               "lng" : -71.11134799999999
            },
            "location_type" : "RANGE_INTERPOLATED",
            "viewport" : {
               "northeast" : {
                  "lat" : 42.3959827302915,
                  "lng" : -71.11000736970848
               },
               "southwest" : {
                  "lat" : 42.3932847697085,
                  "lng" : -71.11270533029149
               }
            }
         },
         "partial_match" : true,
         "place_id" : "EicxIEJvc3RvbiBBdmUsIFNvbWVydmlsbGUsIE1BIDAyMTQ0LCBVU0E",
         "types" : [ "street_address" ]
      },
      {
         "address_components" : [
            {
               "long_name" : "1",
               "short_name" : "1",
               "types" : [ "street_number" ]
            },
            {
               "long_name" : "Boston Street",
               "short_name" : "Boston St",
               "types" : [ "route" ]
            },
            {
               "long_name" : "Prospect Hill",
               "short_name" : "Prospect Hill",
               "types" : [ "neighborhood", "political" ]
            },
            {
               "long_name" : "Somerville",
               "short_name" : "Somerville",
               "types" : [ "locality", "political" ]
            },
            {
               "long_name" : "Middlesex County",
               "short_name" : "Middlesex County",
               "types" : [ "administrative_area_level_2", "political" ]
            },
            {
               "long_name" : "Massachusetts",
               "short_name" : "MA",
               "types" : [ "administrative_area_level_1", "political" ]
            },
            {
               "long_name" : "United States",
               "short_name" : "US",
               "types" : [ "country", "political" ]
            },
            {
               "long_name" : "02143",
               "short_name" : "02143",
               "types" : [ "postal_code" ]
            }
         ],
         "formatted_address" : "1 Boston St, Somerville, MA 02143, USA",
         "geometry" : {
            "bounds" : {
               "northeast" : {
                  "lat" : 42.37994260000001,
                  "lng" : -71.09066009999999
               },
               "southwest" : {
                  "lat" : 42.3799404,
                  "lng" : -71.0906787
               }
            },
            "location" : {
               "lat" : 42.37994260000001,
               "lng" : -71.09066009999999
            },
            "location_type" : "RANGE_INTERPOLATED",
            "viewport" : {
               "northeast" : {
                  "lat" : 42.3812904802915,
                  "lng" : -71.08932041970849
               },
               "southwest" : {
                  "lat" : 42.3785925197085,
                  "lng" : -71.09201838029151
               }
            }
         },
         "partial_match" : true,
         "place_id" : "EiYxIEJvc3RvbiBTdCwgU29tZXJ2aWxsZSwgTUEgMDIxNDMsIFVTQQ",
         "types" : [ "street_address" ]
      },
      {
         "address_components" : [
            {
               "long_name" : "1",
               "short_name" : "1",
               "types" : [ "street_number" ]
            },
            {
               "long_name" : "Boston Street",
               "short_name" : "Boston St",
               "types" : [ "route" ]
            },
            {
               "long_name" : "Everett",
               "short_name" : "Everett",
               "types" : [ "locality", "political" ]
            },
            {
               "long_name" : "Middlesex County",
               "short_name" : "Middlesex County",
               "types" : [ "administrative_area_level_2", "political" ]
            },
            {
               "long_name" : "Massachusetts",
               "short_name" : "MA",
               "types" : [ "administrative_area_level_1", "political" ]
            },
            {
               "long_name" : "United States",
               "short_name" : "US",
               "types" : [ "country", "political" ]
            },
            {
               "long_name" : "02149",
               "short_name" : "02149",
               "types" : [ "postal_code" ]
            }
         ],
         "formatted_address" : "1 Boston St, Everett, MA 02149, USA",
         "geometry" : {
            "bounds" : {
               "northeast" : {
                  "lat" : 42.3989365,
                  "lng" : -71.04860959999999
               },
               "southwest" : {
                  "lat" : 42.3989255,
                  "lng" : -71.0486212
               }
            },
            "location" : {
               "lat" : 42.3989365,
               "lng" : -71.0486212
            },
            "location_type" : "RANGE_INTERPOLATED",
            "viewport" : {
               "northeast" : {
                  "lat" : 42.40027998029149,
                  "lng" : -71.04726641970849
               },
               "southwest" : {
                  "lat" : 42.39758201970849,
                  "lng" : -71.0499643802915
               }
            }
         },
         "partial_match" : true,
         "place_id" : "EiMxIEJvc3RvbiBTdCwgRXZlcmV0dCwgTUEgMDIxNDksIFVTQQ",
         "types" : [ "street_address" ]
      },
      {
         "address_components" : [
            {
               "long_name" : "1",
               "short_name" : "1",
               "types" : [ "street_number" ]
            },
            {
               "long_name" : "Boston Street",
               "short_name" : "Boston St",
               "types" : [ "route" ]
            },
            {
               "long_name" : "Malden",
               "short_name" : "Malden",
               "types" : [ "locality", "political" ]
            },
            {
               "long_name" : "Middlesex County",
               "short_name" : "Middlesex County",
               "types" : [ "administrative_area_level_2", "political" ]
            },
            {
               "long_name" : "Massachusetts",
               "short_name" : "MA",
               "types" : [ "administrative_area_level_1", "political" ]
            },
            {
               "long_name" : "United States",
               "short_name" : "US",
               "types" : [ "country", "political" ]
            },
            {
               "long_name" : "02148",
               "short_name" : "02148",
               "types" : [ "postal_code" ]
            },
            {
               "long_name" : "7720",
               "short_name" : "7720",
               "types" : [ "postal_code_suffix" ]
            }
         ],
         "formatted_address" : "1 Boston St, Malden, MA 02148, USA",
         "geometry" : {
            "bounds" : {
               "northeast" : {
                  "lat" : 42.4182943,
                  "lng" : -71.060991
               },
               "southwest" : {
                  "lat" : 42.4182846,
                  "lng" : -71.0610044
               }
            },
            "location" : {
               "lat" : 42.4182846,
               "lng" : -71.0610044
            },
            "location_type" : "RANGE_INTERPOLATED",
            "viewport" : {
               "northeast" : {
                  "lat" : 42.4196384302915,
                  "lng" : -71.05964871970849
               },
               "southwest" : {
                  "lat" : 42.4169404697085,
                  "lng" : -71.06234668029151
               }
            }
         },
         "partial_match" : true,
         "place_id" : "EiIxIEJvc3RvbiBTdCwgTWFsZGVuLCBNQSAwMjE0OCwgVVNB",
         "types" : [ "street_address" ]
      },
      {
         "address_components" : [
            {
               "long_name" : "One Devonshire Place",
               "short_name" : "One Devonshire Place",
               "types" : [ "premise" ]
            },
            {
               "long_name" : "Downtown",
               "short_name" : "Downtown",
               "types" : [ "neighborhood", "political" ]
            },
            {
               "long_name" : "Boston",
               "short_name" : "Boston",
               "types" : [ "locality", "political" ]
            },
            {
               "long_name" : "Suffolk County",
               "short_name" : "Suffolk County",
               "types" : [ "administrative_area_level_2", "political" ]
            },
            {
               "long_name" : "Massachusetts",
               "short_name" : "MA",
               "types" : [ "administrative_area_level_1", "political" ]
            },
            {
               "long_name" : "United States",
               "short_name" : "US",
               "types" : [ "country", "political" ]
            },
            {
               "long_name" : "02109",
               "short_name" : "02109",
               "types" : [ "postal_code" ]
            }
         ],
         "formatted_address" : "One Devonshire Place, Boston, MA 02109, USA",
         "geometry" : {
            "bounds" : {
               "northeast" : {
                  "lat" : 42.3583459,
                  "lng" : -71.0573452
               },
               "southwest" : {
                  "lat" : 42.3578146,
                  "lng" : -71.057795
               }
            },
            "location" : {
               "lat" : 42.3582062,
               "lng" : -71.05748389999999
            },
            "location_type" : "ROOFTOP",
            "viewport" : {
               "northeast" : {
                  "lat" : 42.3594292302915,
                  "lng" : -71.0562211197085
               },
               "southwest" : {
                  "lat" : 42.3567312697085,
                  "lng" : -71.0589190802915
               }
            }
         },
         "partial_match" : true,
         "place_id" : "ChIJ45d8aYRw44kRGkm1UxaRJV8",
         "types" : [ "premise" ]
      }
   ],
   "status" : "OK"
}
