{
   "results" : [
      {
         "address_components" : [
            {
               "long_name" : "1",
               "short_name" : "1",
               "types" : [ "street_number" ]
            },
            {
               "long_name" : "Boston Street",
               "short_name" : "Boston St",
               "types" : [ "route" ]
            },
            {
               "long_name" : "Columbus Park / Andrew Square",
               "short_name" : "Columbus Park / Andrew Square",
               "types" : [ "neighborhood", "political" ]
            },
            {
               "long_name" : "Boston",
               "short_name" : "Boston",
               "types" : [ "locality", "political" ]
            },
            {
               "long_name" : "Suffolk County",
               "short_name" : "Suffolk County",
               "types" : [ "administrative_area_level_2", "political" ]
            },
            {
               "long_name" : "Massachusetts",
               "short_name" : "MA",
               "types" : [ "administrative_area_level_1", "political" ]
            },
            {
               "long_name" : "United States",
               "short_name" : "US",
               "types" : [ "country", "political" ]
            },
            {
               "long_name" : "02127",
               "short_name" : "02127",
               "types" : [ "postal_code" ]
            }
         ],
         "formatted_address" : "1 Boston St, Boston, MA 02127, USA",
         "geometry" : {
            "bounds" : {
               "northeast" : {
                  "lat" : 42.3292339,
                  "lng" : -71.0572763
               },
               "southwest" : {
                  "lat" : 42.32922870000001,
                  "lng" : -71.0572937
               }
            },
            "location" : {
               "lat" : 42.3292339,
               "lng" : -71.0572937
            },
            "location_type" : "RANGE_INTERPOLATED",
            "viewport" : {
               "northeast" : {
                  "lat" : 42.33058028029151,
                  "lng" : -71.0559360197085
               },
               "southwest" : {
                  "lat" : 42.32788231970851,
                  "lng" : -71.0586339802915
               }
            }
         },
         "partial_match" : true,
         "place_id" : "EiIxIEJvc3RvbiBTdCwgQm9zdG9uLCBNQSAwMjEyNywgVVNB",
         "types" : [ "street_address" ]
      }
   ],
   "status" : "OK"
}
