{
   "results" : [
      {
         "address_components" : [
            {
               "long_name" : "695",
               "short_name" : "695",
               "types" : [ "subpremise" ]
            },
            {
               "long_name" : "",
               "short_name" : "",
               "types" : [ "premise" ]
            },
            {
               "long_name" : "1",
               "short_name" : "1",
               "types" : [ "street_number" ]
            },
            {
               "long_name" : "Bridge Plaza North",
               "short_name" : "Bridge Plaza N",
               "types" : [ "route" ]
            },
            {
               "long_name" : "Fort Lee",
               "short_name" : "Fort Lee",
               "types" : [ "locality", "political" ]
            },
            {
               "long_name" : "Bergen County",
               "short_name" : "Bergen County",
               "types" : [ "administrative_area_level_2", "political" ]
            },
            {
               "long_name" : "New Jersey",
               "short_name" : "NJ",
               "types" : [ "administrative_area_level_1", "political" ]
            },
            {
               "long_name" : "United States",
               "short_name" : "US",
               "types" : [ "country", "political" ]
            },
            {
               "long_name" : "07024",
               "short_name" : "07024",
               "types" : [ "postal_code" ]
            }
         ],
         "formatted_address" : "1 Bridge Plaza N #695, Fort Lee, NJ 07024, USA",
         "geometry" : {
            "location" : {
               "lat" : 40.8554874,
               "lng" : -73.96467029999999
            },
            "location_type" : "ROOFTOP",
            "viewport" : {
               "northeast" : {
                  "lat" : 40.8568363802915,
                  "lng" : -73.96332131970848
               },
               "southwest" : {
                  "lat" : 40.8541384197085,
                  "lng" : -73.96601928029149
               }
            }
         },
         "partial_match" : true,
         "place_id" : "Ei4xIEJyaWRnZSBQbGF6YSBOICM2OTUsIEZvcnQgTGVlLCBOSiAwNzAyNCwgVVNB",
         "types" : [ "subpremise" ]
      }
   ],
   "status" : "OK"
}
