{
   "results" : [
      {
         "address_components" : [
            {
               "long_name" : "140",
               "short_name" : "140",
               "types" : [ "street_number" ]
            },
            {
               "long_name" : "Broadway",
               "short_name" : "Broadway",
               "types" : [ "route" ]
            },
            {
               "long_name" : "Lower Manhattan",
               "short_name" : "Lower Manhattan",
               "types" : [ "neighborhood", "political" ]
            },
            {
               "long_name" : "Manhattan",
               "short_name" : "Manhattan",
               "types" : [ "sublocality_level_1", "sublocality", "political" ]
            },
            {
               "long_name" : "New York",
               "short_name" : "New York",
               "types" : [ "locality", "political" ]
            },
            {
               "long_name" : "New York County",
               "short_name" : "New York County",
               "types" : [ "administrative_area_level_2", "political" ]
            },
            {
               "long_name" : "New York",
               "short_name" : "NY",
               "types" : [ "administrative_area_level_1", "political" ]
            },
            {
               "long_name" : "United States",
               "short_name" : "US",
               "types" : [ "country", "political" ]
            },
            {
               "long_name" : "10005",
               "short_name" : "10005",
               "types" : [ "postal_code" ]
            },
            {
               "long_name" : "1108",
               "short_name" : "1108",
               "types" : [ "postal_code_suffix" ]
            }
         ],
         "formatted_address" : "140 Broadway, New York, NY 10005, USA",
         "geometry" : {
            "bounds" : {
               "northeast" : {
                  "lat" : 40.7088823,
                  "lng" : -74.0095984
               },
               "southwest" : {
                  "lat" : 40.7083178,
                  "lng" : -74.0104247
               }
            },
            "location" : {
               "lat" : 40.7086001,
               "lng" : -74.0100116
            },
            "location_type" : "ROOFTOP",
            "viewport" : {
               "northeast" : {
                  "lat" : 40.7099490302915,
                  "lng" : -74.00866256970851
               },
               "southwest" : {
                  "lat" : 40.7072510697085,
                  "lng" : -74.01136053029151
               }
            }
         },
         "place_id" : "ChIJ54yDcRdawokRPCJhT6RcYqs",
         "types" : [ "premise" ]
      }
   ],
   "status" : "OK"
}
