{
   "results" : [
      {
         "address_components" : [
            {
               "long_name" : "830",
               "short_name" : "830",
               "types" : [ "subpremise" ]
            },
            {
               "long_name" : "Two Buckhead Plaza",
               "short_name" : "Two Buckhead Plaza",
               "types" : [ "premise" ]
            },
            {
               "long_name" : "3050",
               "short_name" : "3050",
               "types" : [ "street_number" ]
            },
            {
               "long_name" : "Peachtree Road Northwest",
               "short_name" : "Peachtree Rd NW",
               "types" : [ "route" ]
            },
            {
               "long_name" : "Peachtree Heights West",
               "short_name" : "Peachtree Heights West",
               "types" : [ "neighborhood", "political" ]
            },
            {
               "long_name" : "Atlanta",
               "short_name" : "Atlanta",
               "types" : [ "locality", "political" ]
            },
            {
               "long_name" : "Fulton County",
               "short_name" : "Fulton County",
               "types" : [ "administrative_area_level_2", "political" ]
            },
            {
               "long_name" : "Georgia",
               "short_name" : "GA",
               "types" : [ "administrative_area_level_1", "political" ]
            },
            {
               "long_name" : "United States",
               "short_name" : "US",
               "types" : [ "country", "political" ]
            },
            {
               "long_name" : "30305",
               "short_name" : "30305",
               "types" : [ "postal_code" ]
            }
         ],
         "formatted_address" : "Two Buckhead Plaza, 3050 Peachtree Rd NW #830, Atlanta, GA 30305, USA",
         "geometry" : {
            "location" : {
               "lat" : 33.8387753,
               "lng" : -84.3810665
            },
            "location_type" : "ROOFTOP",
            "viewport" : {
               "northeast" : {
                  "lat" : 33.8401242802915,
                  "lng" : -84.37971751970849
               },
               "southwest" : {
                  "lat" : 33.83742631970851,
                  "lng" : -84.3824154802915
               }
            }
         },
         "partial_match" : true,
         "place_id" : "EkVUd28gQnVja2hlYWQgUGxhemEsIDMwNTAgUGVhY2h0cmVlIFJkIE5XICM4MzAsIEF0bGFudGEsIEdBIDMwMzA1LCBVU0E",
         "types" : [ "subpremise" ]
      }
   ],
   "status" : "OK"
}
