{
   "results" : [
      {
         "address_components" : [
            {
               "long_name" : "One Bush Plaza",
               "short_name" : "One Bush Plaza",
               "types" : [ "premise" ]
            },
            {
               "long_name" : "1",
               "short_name" : "1",
               "types" : [ "street_number" ]
            },
            {
               "long_name" : "Bush Street",
               "short_name" : "Bush St",
               "types" : [ "route" ]
            },
            {
               "long_name" : "Financial District",
               "short_name" : "Financial District",
               "types" : [ "neighborhood", "political" ]
            },
            {
               "long_name" : "San Francisco",
               "short_name" : "SF",
               "types" : [ "locality", "political" ]
            },
            {
               "long_name" : "San Francisco County",
               "short_name" : "San Francisco County",
               "types" : [ "administrative_area_level_2", "political" ]
            },
            {
               "long_name" : "California",
               "short_name" : "CA",
               "types" : [ "administrative_area_level_1", "political" ]
            },
            {
               "long_name" : "United States",
               "short_name" : "US",
               "types" : [ "country", "political" ]
            },
            {
               "long_name" : "94104",
               "short_name" : "94104",
               "types" : [ "postal_code" ]
            }
         ],
         "formatted_address" : "One Bush Plaza, 1 Bush St, San Francisco, CA 94104, USA",
         "geometry" : {
            "bounds" : {
               "northeast" : {
                  "lat" : 37.791158,
                  "lng" : -122.399651
               },
               "southwest" : {
                  "lat" : 37.7907663,
                  "lng" : -122.4003794
               }
            },
            "location" : {
               "lat" : 37.7909622,
               "lng" : -122.4000152
            },
            "location_type" : "ROOFTOP",
            "viewport" : {
               "northeast" : {
                  "lat" : 37.7923111302915,
                  "lng" : -122.3986662197085
               },
               "southwest" : {
                  "lat" : 37.7896131697085,
                  "lng" : -122.4013641802915
               }
            }
         },
         "partial_match" : true,
         "place_id" : "ChIJiyt0amKAhYAR7thq2rVj8w4",
         "types" : [ "premise" ]
      }
   ],
   "status" : "OK"
}
