{
   "results" : [
      {
         "address_components" : [
            {
               "long_name" : "One Canada Centre",
               "short_name" : "One Canada Centre",
               "types" : [ "premise" ]
            },
            {
               "long_name" : "447",
               "short_name" : "447",
               "types" : [ "street_number" ]
            },
            {
               "long_name" : "Portage Avenue",
               "short_name" : "Portage Ave",
               "types" : [ "route" ]
            },
            {
               "long_name" : "Downtown",
               "short_name" : "Downtown",
               "types" : [ "neighborhood", "political" ]
            },
            {
               "long_name" : "Winnipeg",
               "short_name" : "Winnipeg",
               "types" : [ "locality", "political" ]
            },
            {
               "long_name" : "Division No. 11",
               "short_name" : "Division No. 11",
               "types" : [ "administrative_area_level_2", "political" ]
            },
            {
               "long_name" : "Manitoba",
               "short_name" : "MB",
               "types" : [ "administrative_area_level_1", "political" ]
            },
            {
               "long_name" : "Canada",
               "short_name" : "CA",
               "types" : [ "country", "political" ]
            },
            {
               "long_name" : "R3B 3H5",
               "short_name" : "R3B 3H5",
               "types" : [ "postal_code" ]
            }
         ],
         "formatted_address" : "One Canada Centre, 447 Portage Ave, Winnipeg, MB R3B 3H5, Canada",
         "geometry" : {
            "location" : {
               "lat" : 49.8914153,
               "lng" : -97.1503374
            },
            "location_type" : "ROOFTOP",
            "viewport" : {
               "northeast" : {
                  "lat" : 49.89276428029149,
                  "lng" : -97.1489884197085
               },
               "southwest" : {
                  "lat" : 49.8900663197085,
                  "lng" : -97.15168638029151
               }
            }
         },
         "partial_match" : true,
         "place_id" : "ChIJk2oY0eJz6lIRCvnPGuUK9r0",
         "types" : [ "premise" ]
      }
   ],
   "status" : "OK"
}
