{
   "results" : [
      {
         "address_components" : [
            {
               "long_name" : "1",
               "short_name" : "1",
               "types" : [ "street_number" ]
            },
            {
               "long_name" : "Carey Lane",
               "short_name" : "Carey Ln",
               "types" : [ "route" ]
            },
            {
               "long_name" : "London",
               "short_name" : "London",
               "types" : [ "locality", "political" ]
            },
            {
               "long_name" : "London",
               "short_name" : "London",
               "types" : [ "postal_town" ]
            },
            {
               "long_name" : "Greater London",
               "short_name" : "Greater London",
               "types" : [ "administrative_area_level_2", "political" ]
            },
            {
               "long_name" : "United Kingdom",
               "short_name" : "GB",
               "types" : [ "country", "political" ]
            },
            {
               "long_name" : "EC2V 8AE",
               "short_name" : "EC2V 8AE",
               "types" : [ "postal_code" ]
            }
         ],
         "formatted_address" : "1 Carey Ln, London EC2V 8AE, UK",
         "geometry" : {
            "location" : {
               "lat" : 51.515403,
               "lng" : -0.09613250000000001
            },
            "location_type" : "ROOFTOP",
            "viewport" : {
               "northeast" : {
                  "lat" : 51.5167519802915,
                  "lng" : -0.09478351970849798
               },
               "southwest" : {
                  "lat" : 51.5140540197085,
                  "lng" : -0.09748148029150205
               }
            }
         },
         "partial_match" : true,
         "place_id" : "ChIJJXG1L1UbdkgROslzLmSyU9U",
         "types" : [ "street_address" ]
      }
   ],
   "status" : "OK"
}
