{
   "results" : [
      {
         "address_components" : [
            {
               "long_name" : "Canal Street",
               "short_name" : "Canal St",
               "types" : [ "route" ]
            },
            {
               "long_name" : "Elmira",
               "short_name" : "Elmira",
               "types" : [ "locality", "political" ]
            },
            {
               "long_name" : "Chemung County",
               "short_name" : "Chemung County",
               "types" : [ "administrative_area_level_2", "political" ]
            },
            {
               "long_name" : "New York",
               "short_name" : "NY",
               "types" : [ "administrative_area_level_1", "political" ]
            },
            {
               "long_name" : "United States",
               "short_name" : "US",
               "types" : [ "country", "political" ]
            },
            {
               "long_name" : "14901",
               "short_name" : "14901",
               "types" : [ "postal_code" ]
            }
         ],
         "formatted_address" : "Canal St, Elmira, NY 14901, USA",
         "geometry" : {
            "bounds" : {
               "northeast" : {
                  "lat" : 42.1002486,
                  "lng" : -76.80852
               },
               "southwest" : {
                  "lat" : 42.09885999999999,
                  "lng" : -76.8097499
               }
            },
            "location" : {
               "lat" : 42.09885999999999,
               "lng" : -76.808959
            },
            "location_type" : "GEOMETRIC_CENTER",
            "viewport" : {
               "northeast" : {
                  "lat" : 42.1009032802915,
                  "lng" : -76.80778596970849
               },
               "southwest" : {
                  "lat" : 42.0982053197085,
                  "lng" : -76.8104839302915
               }
            }
         },
         "partial_match" : true,
         "place_id" : "ChIJbegHmEwV0IkRnitS0mYX4lw",
         "types" : [ "route" ]
      }
   ],
   "status" : "OK"
}
