{
   "results" : [
      {
         "address_components" : [
            {
               "long_name" : "1",
               "short_name" : "1",
               "types" : [ "street_number" ]
            },
            {
               "long_name" : "Churchill Place",
               "short_name" : "Churchill Pl",
               "types" : [ "route" ]
            },
            {
               "long_name" : "Canary Wharf",
               "short_name" : "Canary Wharf",
               "types" : [ "neighborhood", "political" ]
            },
            {
               "long_name" : "London",
               "short_name" : "London",
               "types" : [ "locality", "political" ]
            },
            {
               "long_name" : "London",
               "short_name" : "London",
               "types" : [ "postal_town" ]
            },
            {
               "long_name" : "Greater London",
               "short_name" : "Greater London",
               "types" : [ "administrative_area_level_2", "political" ]
            },
            {
               "long_name" : "United Kingdom",
               "short_name" : "GB",
               "types" : [ "country", "political" ]
            },
            {
               "long_name" : "E14",
               "short_name" : "E14",
               "types" : [ "postal_code_prefix", "postal_code" ]
            }
         ],
         "formatted_address" : "1 Churchill Pl, Canary Wharf, London E14, UK",
         "geometry" : {
            "location" : {
               "lat" : 51.5051715,
               "lng" : -0.0143441
            },
            "location_type" : "ROOFTOP",
            "viewport" : {
               "northeast" : {
                  "lat" : 51.50652048029151,
                  "lng" : -0.01299511970849797
               },
               "southwest" : {
                  "lat" : 51.50382251970851,
                  "lng" : -0.01569308029150203
               }
            }
         },
         "partial_match" : true,
         "place_id" : "ChIJM4PbZbACdkgRcgHXhZLGW64",
         "types" : [ "street_address" ]
      },
      {
         "address_components" : [
            {
               "long_name" : "One Churchill Place",
               "short_name" : "One Churchill Place",
               "types" : [ "premise" ]
            },
            {
               "long_name" : "Canary Wharf",
               "short_name" : "Canary Wharf",
               "types" : [ "neighborhood", "political" ]
            },
            {
               "long_name" : "London",
               "short_name" : "London",
               "types" : [ "locality", "political" ]
            },
            {
               "long_name" : "London",
               "short_name" : "London",
               "types" : [ "postal_town" ]
            },
            {
               "long_name" : "Greater London",
               "short_name" : "Greater London",
               "types" : [ "administrative_area_level_2", "political" ]
            },
            {
               "long_name" : "United Kingdom",
               "short_name" : "GB",
               "types" : [ "country", "political" ]
            },
            {
               "long_name" : "E14",
               "short_name" : "E14",
               "types" : [ "postal_code_prefix", "postal_code" ]
            }
         ],
         "formatted_address" : "One Churchill Place, Canary Wharf, London E14, UK",
         "geometry" : {
            "location" : {
               "lat" : 51.5052192,
               "lng" : -0.0140332
            },
            "location_type" : "ROOFTOP",
            "viewport" : {
               "northeast" : {
                  "lat" : 51.5065681802915,
                  "lng" : -0.01268421970849797
               },
               "southwest" : {
                  "lat" : 51.5038702197085,
                  "lng" : -0.01538218029150203
               }
            }
         },
         "partial_match" : true,
         "place_id" : "ChIJN_QLZrACdkgRcDYYglUP4u0",
         "types" : [ "premise" ]
      }
   ],
   "status" : "OK"
}
