{
   "results" : [
      {
         "address_components" : [
            {
               "long_name" : "1",
               "short_name" : "1",
               "types" : [ "street_number" ]
            },
            {
               "long_name" : "Churchill Place",
               "short_name" : "Churchill Pl",
               "types" : [ "route" ]
            },
            {
               "long_name" : "Canary Wharf",
               "short_name" : "Canary Wharf",
               "types" : [ "neighborhood", "political" ]
            },
            {
               "long_name" : "London",
               "short_name" : "London",
               "types" : [ "locality", "political" ]
            },
            {
               "long_name" : "London",
               "short_name" : "London",
               "types" : [ "postal_town" ]
            },
            {
               "long_name" : "Greater London",
               "short_name" : "Greater London",
               "types" : [ "administrative_area_level_2", "political" ]
            },
            {
               "long_name" : "United Kingdom",
               "short_name" : "GB",
               "types" : [ "country", "political" ]
            },
            {
               "long_name" : "E14",
               "short_name" : "E14",
               "types" : [ "postal_code_prefix", "postal_code" ]
            }
         ],
         "formatted_address" : "1 Churchill Pl, Canary Wharf, London E14, UK",
         "geometry" : {
            "bounds" : {
               "northeast" : {
                  "lat" : 51.50426909999999,
                  "lng" : -0.0137559
               },
               "southwest" : {
                  "lat" : 51.5042576,
                  "lng" : -0.0137592
               }
            },
            "location" : {
               "lat" : 51.5042576,
               "lng" : -0.0137592
            },
            "location_type" : "RANGE_INTERPOLATED",
            "viewport" : {
               "northeast" : {
                  "lat" : 51.50561233029149,
                  "lng" : -0.01240856970849797
               },
               "southwest" : {
                  "lat" : 51.50291436970849,
                  "lng" : -0.01510653029150203
               }
            }
         },
         "partial_match" : true,
         "place_id" : "EiwxIENodXJjaGlsbCBQbCwgQ2FuYXJ5IFdoYXJmLCBMb25kb24gRTE0LCBVSw",
         "types" : [ "street_address" ]
      },
      {
         "address_components" : [
            {
               "long_name" : "One Churchill Place",
               "short_name" : "One Churchill Place",
               "types" : [ "premise" ]
            },
            {
               "long_name" : "Canary Wharf",
               "short_name" : "Canary Wharf",
               "types" : [ "neighborhood", "political" ]
            },
            {
               "long_name" : "London",
               "short_name" : "London",
               "types" : [ "locality", "political" ]
            },
            {
               "long_name" : "London",
               "short_name" : "London",
               "types" : [ "postal_town" ]
            },
            {
               "long_name" : "Greater London",
               "short_name" : "Greater London",
               "types" : [ "administrative_area_level_2", "political" ]
            },
            {
               "long_name" : "United Kingdom",
               "short_name" : "GB",
               "types" : [ "country", "political" ]
            },
            {
               "long_name" : "E14",
               "short_name" : "E14",
               "types" : [ "postal_code_prefix", "postal_code" ]
            }
         ],
         "formatted_address" : "One Churchill Place, Canary Wharf, London E14, UK",
         "geometry" : {
            "location" : {
               "lat" : 51.5052192,
               "lng" : -0.0140332
            },
            "location_type" : "ROOFTOP",
            "viewport" : {
               "northeast" : {
                  "lat" : 51.5065681802915,
                  "lng" : -0.01268421970849797
               },
               "southwest" : {
                  "lat" : 51.5038702197085,
                  "lng" : -0.01538218029150203
               }
            }
         },
         "partial_match" : true,
         "place_id" : "ChIJN_QLZrACdkgRcDYYglUP4u0",
         "types" : [ "premise" ]
      },
      {
         "address_components" : [
            {
               "long_name" : "Canary Wharf",
               "short_name" : "Canary Wharf",
               "types" : [ "premise" ]
            },
            {
               "long_name" : "Churchill Place",
               "short_name" : "Churchill Pl",
               "types" : [ "route" ]
            },
            {
               "long_name" : "Canary Wharf",
               "short_name" : "Canary Wharf",
               "types" : [ "neighborhood", "political" ]
            },
            {
               "long_name" : "London",
               "short_name" : "London",
               "types" : [ "locality", "political" ]
            },
            {
               "long_name" : "London",
               "short_name" : "London",
               "types" : [ "postal_town" ]
            },
            {
               "long_name" : "Greater London",
               "short_name" : "Greater London",
               "types" : [ "administrative_area_level_2", "political" ]
            },
            {
               "long_name" : "United Kingdom",
               "short_name" : "GB",
               "types" : [ "country", "political" ]
            },
            {
               "long_name" : "E14 5RB",
               "short_name" : "E14 5RB",
               "types" : [ "postal_code" ]
            }
         ],
         "formatted_address" : "Canary Wharf, Churchill Pl, Canary Wharf, London E14 5RB, UK",
         "geometry" : {
            "location" : {
               "lat" : 51.5044126,
               "lng" : -0.0147509
            },
            "location_type" : "ROOFTOP",
            "viewport" : {
               "northeast" : {
                  "lat" : 51.50576158029151,
                  "lng" : -0.01340191970849797
               },
               "southwest" : {
                  "lat" : 51.50306361970851,
                  "lng" : -0.01609988029150203
               }
            }
         },
         "partial_match" : true,
         "place_id" : "ChIJAwUUgLoCdkgROxcBVOnm4IM",
         "types" : [ "premise" ]
      },
      {
         "address_components" : [
            {
               "long_name" : "25 Churchill Place",
               "short_name" : "25 Churchill Place",
               "types" : [ "premise" ]
            },
            {
               "long_name" : "Canary Wharf",
               "short_name" : "Canary Wharf",
               "types" : [ "neighborhood", "political" ]
            },
            {
               "long_name" : "London",
               "short_name" : "London",
               "types" : [ "locality", "political" ]
            },
            {
               "long_name" : "London",
               "short_name" : "London",
               "types" : [ "postal_town" ]
            },
            {
               "long_name" : "Greater London",
               "short_name" : "Greater London",
               "types" : [ "administrative_area_level_2", "political" ]
            },
            {
               "long_name" : "United Kingdom",
               "short_name" : "GB",
               "types" : [ "country", "political" ]
            },
            {
               "long_name" : "E14",
               "short_name" : "E14",
               "types" : [ "postal_code_prefix", "postal_code" ]
            }
         ],
         "formatted_address" : "25 Churchill Place, Canary Wharf, London E14, UK",
         "geometry" : {
            "location" : {
               "lat" : 51.503611,
               "lng" : -0.014722
            },
            "location_type" : "ROOFTOP",
            "viewport" : {
               "northeast" : {
                  "lat" : 51.5049599802915,
                  "lng" : -0.01337301970849797
               },
               "southwest" : {
                  "lat" : 51.5022620197085,
                  "lng" : -0.01607098029150203
               }
            }
         },
         "partial_match" : true,
         "place_id" : "ChIJaR9sYroCdkgRayV5QGQ68SY",
         "types" : [ "premise" ]
      }
   ],
   "status" : "OK"
}
