{
   "results" : [
      {
         "address_components" : [
            {
               "long_name" : "2020",
               "short_name" : "2020",
               "types" : [ "subpremise" ]
            },
            {
               "long_name" : "2005",
               "short_name" : "2005",
               "types" : [ "street_number" ]
            },
            {
               "long_name" : "Market Street",
               "short_name" : "Market St",
               "types" : [ "route" ]
            },
            {
               "long_name" : "Center City",
               "short_name" : "Center City",
               "types" : [ "neighborhood", "political" ]
            },
            {
               "long_name" : "Philadelphia",
               "short_name" : "Philadelphia",
               "types" : [ "locality", "political" ]
            },
            {
               "long_name" : "Philadelphia County",
               "short_name" : "Philadelphia County",
               "types" : [ "administrative_area_level_2", "political" ]
            },
            {
               "long_name" : "Pennsylvania",
               "short_name" : "PA",
               "types" : [ "administrative_area_level_1", "political" ]
            },
            {
               "long_name" : "United States",
               "short_name" : "US",
               "types" : [ "country", "political" ]
            },
            {
               "long_name" : "19103",
               "short_name" : "19103",
               "types" : [ "postal_code" ]
            }
         ],
         "formatted_address" : "2005 Market St #2020, Philadelphia, PA 19103, USA",
         "geometry" : {
            "location" : {
               "lat" : 39.9539477,
               "lng" : -75.1747192
            },
            "location_type" : "ROOFTOP",
            "viewport" : {
               "northeast" : {
                  "lat" : 39.9552966802915,
                  "lng" : -75.17337021970849
               },
               "southwest" : {
                  "lat" : 39.9525987197085,
                  "lng" : -75.17606818029151
               }
            }
         },
         "partial_match" : true,
         "place_id" : "EjEyMDA1IE1hcmtldCBTdCAjMjAyMCwgUGhpbGFkZWxwaGlhLCBQQSAxOTEwMywgVVNB",
         "types" : [ "subpremise" ]
      }
   ],
   "status" : "OK"
}
