{
   "results" : [
      {
         "address_components" : [
            {
               "long_name" : "140",
               "short_name" : "140",
               "types" : [ "street_number" ]
            },
            {
               "long_name" : "Calvin Chambers Road",
               "short_name" : "Calvin Chambers Rd",
               "types" : [ "route" ]
            },
            {
               "long_name" : "Thornhill",
               "short_name" : "Thornhill",
               "types" : [ "neighborhood", "political" ]
            },
            {
               "long_name" : "Vaughan",
               "short_name" : "Vaughan",
               "types" : [ "locality", "political" ]
            },
            {
               "long_name" : "York Regional Municipality",
               "short_name" : "York Regional Municipality",
               "types" : [ "administrative_area_level_2", "political" ]
            },
            {
               "long_name" : "Ontario",
               "short_name" : "ON",
               "types" : [ "administrative_area_level_1", "political" ]
            },
            {
               "long_name" : "Canada",
               "short_name" : "CA",
               "types" : [ "country", "political" ]
            },
            {
               "long_name" : "L4J 1E7",
               "short_name" : "L4J 1E7",
               "types" : [ "postal_code" ]
            }
         ],
         "formatted_address" : "140 Calvin Chambers Rd, Thornhill, ON L4J 1E7, Canada",
         "geometry" : {
            "location" : {
               "lat" : 43.8132741,
               "lng" : -79.4344771
            },
            "location_type" : "ROOFTOP",
            "viewport" : {
               "northeast" : {
                  "lat" : 43.8146230802915,
                  "lng" : -79.4331281197085
               },
               "southwest" : {
                  "lat" : 43.8119251197085,
                  "lng" : -79.43582608029151
               }
            }
         },
         "place_id" : "ChIJ49k5BV0sK4gR-9YoQgtpve8",
         "types" : [ "street_address" ]
      }
   ],
   "status" : "OK"
}
