{
   "results" : [
      {
         "address_components" : [
            {
               "long_name" : "Constitution Plaza",
               "short_name" : "Constitution Plaza",
               "types" : [ "route" ]
            },
            {
               "long_name" : "Downtown",
               "short_name" : "Downtown",
               "types" : [ "neighborhood", "political" ]
            },
            {
               "long_name" : "Hartford",
               "short_name" : "Hartford",
               "types" : [ "locality", "political" ]
            },
            {
               "long_name" : "Hartford County",
               "short_name" : "Hartford County",
               "types" : [ "administrative_area_level_2", "political" ]
            },
            {
               "long_name" : "Connecticut",
               "short_name" : "CT",
               "types" : [ "administrative_area_level_1", "political" ]
            },
            {
               "long_name" : "United States",
               "short_name" : "US",
               "types" : [ "country", "political" ]
            },
            {
               "long_name" : "06103",
               "short_name" : "06103",
               "types" : [ "postal_code" ]
            }
         ],
         "formatted_address" : "Constitution Plaza, Hartford, CT 06103, USA",
         "geometry" : {
            "location" : {
               "lat" : 41.76688170000001,
               "lng" : -72.67035179999999
            },
            "location_type" : "GEOMETRIC_CENTER",
            "viewport" : {
               "northeast" : {
                  "lat" : 41.76823068029151,
                  "lng" : -72.66900281970848
               },
               "southwest" : {
                  "lat" : 41.76553271970851,
                  "lng" : -72.6717007802915
               }
            }
         },
         "partial_match" : true,
         "place_id" : "ChIJi1qyiXtT5okRPImV_WqmttQ",
         "types" : [ "route" ]
      }
   ],
   "status" : "OK"
}
