{
   "results" : [
      {
         "address_components" : [
            {
               "long_name" : "1",
               "short_name" : "1",
               "types" : [ "street_number" ]
            },
            {
               "long_name" : "Corporate Center",
               "short_name" : "Corporate Center",
               "types" : [ "route" ]
            },
            {
               "long_name" : "Rye",
               "short_name" : "Rye",
               "types" : [ "locality", "political" ]
            },
            {
               "long_name" : "Westchester County",
               "short_name" : "Westchester County",
               "types" : [ "administrative_area_level_2", "political" ]
            },
            {
               "long_name" : "New York",
               "short_name" : "NY",
               "types" : [ "administrative_area_level_1", "political" ]
            },
            {
               "long_name" : "United States",
               "short_name" : "US",
               "types" : [ "country", "political" ]
            },
            {
               "long_name" : "10580",
               "short_name" : "10580",
               "types" : [ "postal_code" ]
            }
         ],
         "formatted_address" : "1 Corporate Center, Rye, NY 10580, USA",
         "geometry" : {
            "location" : {
               "lat" : 40.9699317,
               "lng" : -73.69860969999999
            },
            "location_type" : "ROOFTOP",
            "viewport" : {
               "northeast" : {
                  "lat" : 40.97128068029149,
                  "lng" : -73.69726071970848
               },
               "southwest" : {
                  "lat" : 40.96858271970849,
                  "lng" : -73.6999586802915
               }
            }
         },
         "partial_match" : true,
         "place_id" : "ChIJFTr0ht-QwokR5kGRaSKIFnY",
         "types" : [ "street_address" ]
      }
   ],
   "status" : "OK"
}
