{
   "results" : [
      {
         "address_components" : [
            {
               "long_name" : "401",
               "short_name" : "401",
               "types" : [ "street_number" ]
            },
            {
               "long_name" : "Theodore Fremd Avenue",
               "short_name" : "Theodore Fremd Ave",
               "types" : [ "route" ]
            },
            {
               "long_name" : "Rye",
               "short_name" : "Rye",
               "types" : [ "locality", "political" ]
            },
            {
               "long_name" : "Westchester County",
               "short_name" : "Westchester County",
               "types" : [ "administrative_area_level_2", "political" ]
            },
            {
               "long_name" : "New York",
               "short_name" : "NY",
               "types" : [ "administrative_area_level_1", "political" ]
            },
            {
               "long_name" : "United States",
               "short_name" : "US",
               "types" : [ "country", "political" ]
            },
            {
               "long_name" : "10580",
               "short_name" : "10580",
               "types" : [ "postal_code" ]
            },
            {
               "long_name" : "1422",
               "short_name" : "1422",
               "types" : [ "postal_code_suffix" ]
            }
         ],
         "formatted_address" : "401 Theodore Fremd Ave, Rye, NY 10580, USA",
         "geometry" : {
            "bounds" : {
               "northeast" : {
                  "lat" : 40.9754648,
                  "lng" : -73.6984952
               },
               "southwest" : {
                  "lat" : 40.97472020000001,
                  "lng" : -73.6995204
               }
            },
            "location" : {
               "lat" : 40.9750925,
               "lng" : -73.69900779999999
            },
            "location_type" : "ROOFTOP",
            "viewport" : {
               "northeast" : {
                  "lat" : 40.97644148029151,
                  "lng" : -73.69765881970849
               },
               "southwest" : {
                  "lat" : 40.97374351970851,
                  "lng" : -73.7003567802915
               }
            }
         },
         "partial_match" : true,
         "place_id" : "ChIJpYAn3t6QwokRI9HFATkY_IY",
         "types" : [ "premise" ]
      }
   ],
   "status" : "OK"
}
