{
   "results" : [
      {
         "address_components" : [
            {
               "long_name" : "350",
               "short_name" : "350",
               "types" : [ "subpremise" ]
            },
            {
               "long_name" : "",
               "short_name" : "",
               "types" : [ "premise" ]
            },
            {
               "long_name" : "1",
               "short_name" : "1",
               "types" : [ "street_number" ]
            },
            {
               "long_name" : "Court Street",
               "short_name" : "Court St",
               "types" : [ "route" ]
            },
            {
               "long_name" : "Lebanon",
               "short_name" : "Lebanon",
               "types" : [ "locality", "political" ]
            },
            {
               "long_name" : "Grafton County",
               "short_name" : "Grafton County",
               "types" : [ "administrative_area_level_2", "political" ]
            },
            {
               "long_name" : "New Hampshire",
               "short_name" : "NH",
               "types" : [ "administrative_area_level_1", "political" ]
            },
            {
               "long_name" : "United States",
               "short_name" : "US",
               "types" : [ "country", "political" ]
            },
            {
               "long_name" : "03766",
               "short_name" : "03766",
               "types" : [ "postal_code" ]
            }
         ],
         "formatted_address" : "1 Court St #350, Lebanon, NH 03766, USA",
         "geometry" : {
            "location" : {
               "lat" : 43.6431094,
               "lng" : -72.25285529999999
            },
            "location_type" : "ROOFTOP",
            "viewport" : {
               "northeast" : {
                  "lat" : 43.6444583802915,
                  "lng" : -72.25150631970848
               },
               "southwest" : {
                  "lat" : 43.6417604197085,
                  "lng" : -72.2542042802915
               }
            }
         },
         "partial_match" : true,
         "place_id" : "EicxIENvdXJ0IFN0ICMzNTAsIExlYmFub24sIE5IIDAzNzY2LCBVU0E",
         "types" : [ "subpremise" ]
      }
   ],
   "status" : "OK"
}
