{
   "results" : [
      {
         "address_components" : [
            {
               "long_name" : "1",
               "short_name" : "1",
               "types" : [ "street_number" ]
            },
            {
               "long_name" : "Curzon Street",
               "short_name" : "Curzon St",
               "types" : [ "route" ]
            },
            {
               "long_name" : "Mayfair",
               "short_name" : "Mayfair",
               "types" : [ "neighborhood", "political" ]
            },
            {
               "long_name" : "London",
               "short_name" : "London",
               "types" : [ "locality", "political" ]
            },
            {
               "long_name" : "London",
               "short_name" : "London",
               "types" : [ "postal_town" ]
            },
            {
               "long_name" : "Greater London",
               "short_name" : "Greater London",
               "types" : [ "administrative_area_level_2", "political" ]
            },
            {
               "long_name" : "United Kingdom",
               "short_name" : "GB",
               "types" : [ "country", "political" ]
            },
            {
               "long_name" : "W1J 5HD",
               "short_name" : "W1J 5HD",
               "types" : [ "postal_code" ]
            }
         ],
         "formatted_address" : "1 Curzon St, Mayfair, London W1J 5HD, UK",
         "geometry" : {
            "bounds" : {
               "northeast" : {
                  "lat" : 51.5081893,
                  "lng" : -0.1449087
               },
               "southwest" : {
                  "lat" : 51.5073119,
                  "lng" : -0.1461929
               }
            },
            "location" : {
               "lat" : 51.5077506,
               "lng" : -0.1455508
            },
            "location_type" : "ROOFTOP",
            "viewport" : {
               "northeast" : {
                  "lat" : 51.5090995802915,
                  "lng" : -0.144201819708498
               },
               "southwest" : {
                  "lat" : 51.5064016197085,
                  "lng" : -0.146899780291502
               }
            }
         },
         "partial_match" : true,
         "place_id" : "ChIJ9ctrPSkFdkgRFXn2DfT2RmU",
         "types" : [ "premise" ]
      },
      {
         "address_components" : [
            {
               "long_name" : "1",
               "short_name" : "1",
               "types" : [ "street_number" ]
            },
            {
               "long_name" : "Curzon Square",
               "short_name" : "Curzon Square",
               "types" : [ "route" ]
            },
            {
               "long_name" : "Mayfair",
               "short_name" : "Mayfair",
               "types" : [ "neighborhood", "political" ]
            },
            {
               "long_name" : "London",
               "short_name" : "London",
               "types" : [ "locality", "political" ]
            },
            {
               "long_name" : "London",
               "short_name" : "London",
               "types" : [ "postal_town" ]
            },
            {
               "long_name" : "Greater London",
               "short_name" : "Greater London",
               "types" : [ "administrative_area_level_2", "political" ]
            },
            {
               "long_name" : "United Kingdom",
               "short_name" : "GB",
               "types" : [ "country", "political" ]
            },
            {
               "long_name" : "W1J 7FZ",
               "short_name" : "W1J 7FZ",
               "types" : [ "postal_code" ]
            }
         ],
         "formatted_address" : "1 Curzon Square, Mayfair, London W1J 7FZ, UK",
         "geometry" : {
            "location" : {
               "lat" : 51.506072,
               "lng" : -0.1505665
            },
            "location_type" : "ROOFTOP",
            "viewport" : {
               "northeast" : {
                  "lat" : 51.5074209802915,
                  "lng" : -0.149217519708498
               },
               "southwest" : {
                  "lat" : 51.5047230197085,
                  "lng" : -0.151915480291502
               }
            }
         },
         "partial_match" : true,
         "place_id" : "ChIJoVoBuy8FdkgRcZMvjfI0i8k",
         "types" : [ "street_address" ]
      }
   ],
   "status" : "OK"
}
