{
   "results" : [
      {
         "address_components" : [
            {
               "long_name" : "1",
               "short_name" : "1",
               "types" : [ "street_number" ]
            },
            {
               "long_name" : "Curzon Street",
               "short_name" : "Curzon St",
               "types" : [ "route" ]
            },
            {
               "long_name" : "Mayfair",
               "short_name" : "Mayfair",
               "types" : [ "neighborhood", "political" ]
            },
            {
               "long_name" : "London",
               "short_name" : "London",
               "types" : [ "locality", "political" ]
            },
            {
               "long_name" : "London",
               "short_name" : "London",
               "types" : [ "postal_town" ]
            },
            {
               "long_name" : "Greater London",
               "short_name" : "Greater London",
               "types" : [ "administrative_area_level_2", "political" ]
            },
            {
               "long_name" : "United Kingdom",
               "short_name" : "GB",
               "types" : [ "country", "political" ]
            },
            {
               "long_name" : "W1J 5HB",
               "short_name" : "W1J 5HB",
               "types" : [ "postal_code" ]
            }
         ],
         "formatted_address" : "1 Curzon St, Mayfair, London W1J 5HB, UK",
         "geometry" : {
            "location" : {
               "lat" : 51.5075744,
               "lng" : -0.1455286
            },
            "location_type" : "ROOFTOP",
            "viewport" : {
               "northeast" : {
                  "lat" : 51.50892338029149,
                  "lng" : -0.144179619708498
               },
               "southwest" : {
                  "lat" : 51.50622541970849,
                  "lng" : -0.146877580291502
               }
            }
         },
         "partial_match" : true,
         "place_id" : "ChIJ5zVxIykFdkgRO-6m8RCvb8w",
         "types" : [ "street_address" ]
      }
   ],
   "status" : "OK"
}
