{
   "results" : [
      {
         "address_components" : [
            {
               "long_name" : "320",
               "short_name" : "320",
               "types" : [ "subpremise" ]
            },
            {
               "long_name" : "",
               "short_name" : "",
               "types" : [ "premise" ]
            },
            {
               "long_name" : "1",
               "short_name" : "1",
               "types" : [ "street_number" ]
            },
            {
               "long_name" : "Dock Street",
               "short_name" : "Dock St",
               "types" : [ "route" ]
            },
            {
               "long_name" : "West Side - Waterside - South End",
               "short_name" : "West Side - Waterside - South End",
               "types" : [ "neighborhood", "political" ]
            },
            {
               "long_name" : "Stamford",
               "short_name" : "Stamford",
               "types" : [ "locality", "political" ]
            },
            {
               "long_name" : "Fairfield County",
               "short_name" : "Fairfield County",
               "types" : [ "administrative_area_level_2", "political" ]
            },
            {
               "long_name" : "Connecticut",
               "short_name" : "CT",
               "types" : [ "administrative_area_level_1", "political" ]
            },
            {
               "long_name" : "United States",
               "short_name" : "US",
               "types" : [ "country", "political" ]
            },
            {
               "long_name" : "06902",
               "short_name" : "06902",
               "types" : [ "postal_code" ]
            }
         ],
         "formatted_address" : "1 Dock St #320, Stamford, CT 06902, USA",
         "geometry" : {
            "location" : {
               "lat" : 41.0478177,
               "lng" : -73.5369683
            },
            "location_type" : "ROOFTOP",
            "viewport" : {
               "northeast" : {
                  "lat" : 41.04916668029149,
                  "lng" : -73.53561931970849
               },
               "southwest" : {
                  "lat" : 41.0464687197085,
                  "lng" : -73.53831728029149
               }
            }
         },
         "partial_match" : true,
         "place_id" : "EicxIERvY2sgU3QgIzMyMCwgU3RhbWZvcmQsIENUIDA2OTAyLCBVU0E",
         "types" : [ "subpremise" ]
      }
   ],
   "status" : "OK"
}
