{
   "results" : [
      {
         "address_components" : [
            {
               "long_name" : "1",
               "short_name" : "1",
               "types" : [ "street_number" ]
            },
            {
               "long_name" : "East 4th Street",
               "short_name" : "E 4th St",
               "types" : [ "route" ]
            },
            {
               "long_name" : "Central Business District",
               "short_name" : "Central Business District",
               "types" : [ "neighborhood", "political" ]
            },
            {
               "long_name" : "Cincinnati",
               "short_name" : "Cincinnati",
               "types" : [ "locality", "political" ]
            },
            {
               "long_name" : "Hamilton County",
               "short_name" : "Hamilton County",
               "types" : [ "administrative_area_level_2", "political" ]
            },
            {
               "long_name" : "Ohio",
               "short_name" : "OH",
               "types" : [ "administrative_area_level_1", "political" ]
            },
            {
               "long_name" : "United States",
               "short_name" : "US",
               "types" : [ "country", "political" ]
            },
            {
               "long_name" : "45202",
               "short_name" : "45202",
               "types" : [ "postal_code" ]
            }
         ],
         "formatted_address" : "1 E 4th St, Cincinnati, OH 45202, USA",
         "geometry" : {
            "bounds" : {
               "northeast" : {
                  "lat" : 39.0999138,
                  "lng" : -84.5119988
               },
               "southwest" : {
                  "lat" : 39.0993753,
                  "lng" : -84.512512
               }
            },
            "location" : {
               "lat" : 39.0996445,
               "lng" : -84.5122554
            },
            "location_type" : "ROOFTOP",
            "viewport" : {
               "northeast" : {
                  "lat" : 39.1009935302915,
                  "lng" : -84.5109064197085
               },
               "southwest" : {
                  "lat" : 39.0982955697085,
                  "lng" : -84.51360438029151
               }
            }
         },
         "partial_match" : true,
         "place_id" : "ChIJ5zhpc1CxQYgR_7ic8mczOAA",
         "types" : [ "premise" ]
      }
   ],
   "status" : "OK"
}
