{
   "results" : [
      {
         "address_components" : [
            {
               "long_name" : "504",
               "short_name" : "504",
               "types" : [ "subpremise" ]
            },
            {
               "long_name" : "",
               "short_name" : "",
               "types" : [ "premise" ]
            },
            {
               "long_name" : "1",
               "short_name" : "1",
               "types" : [ "street_number" ]
            },
            {
               "long_name" : "East Liberty Street",
               "short_name" : "E Liberty St",
               "types" : [ "route" ]
            },
            {
               "long_name" : "Reno",
               "short_name" : "Reno",
               "types" : [ "locality", "political" ]
            },
            {
               "long_name" : "Washoe County",
               "short_name" : "Washoe County",
               "types" : [ "administrative_area_level_2", "political" ]
            },
            {
               "long_name" : "Nevada",
               "short_name" : "NV",
               "types" : [ "administrative_area_level_1", "political" ]
            },
            {
               "long_name" : "United States",
               "short_name" : "US",
               "types" : [ "country", "political" ]
            },
            {
               "long_name" : "89501",
               "short_name" : "89501",
               "types" : [ "postal_code" ]
            },
            {
               "long_name" : "1925",
               "short_name" : "1925",
               "types" : [ "postal_code_suffix" ]
            }
         ],
         "formatted_address" : "1 E Liberty St #504, Reno, NV 89501, USA",
         "geometry" : {
            "location" : {
               "lat" : 39.5222077,
               "lng" : -119.8108844
            },
            "location_type" : "ROOFTOP",
            "viewport" : {
               "northeast" : {
                  "lat" : 39.52355668029149,
                  "lng" : -119.8095354197085
               },
               "southwest" : {
                  "lat" : 39.52085871970849,
                  "lng" : -119.8122333802915
               }
            }
         },
         "partial_match" : true,
         "place_id" : "EigxIEUgTGliZXJ0eSBTdCAjNTA0LCBSZW5vLCBOViA4OTUwMSwgVVNB",
         "types" : [ "subpremise" ]
      }
   ],
   "status" : "OK"
}
