{
   "results" : [
      {
         "address_components" : [
            {
               "long_name" : "1405",
               "short_name" : "1405",
               "types" : [ "street_number" ]
            },
            {
               "long_name" : "Oak Tree Court",
               "short_name" : "Oak Tree Ct",
               "types" : [ "route" ]
            },
            {
               "long_name" : "Malibar Heights",
               "short_name" : "Malibar Heights",
               "types" : [ "neighborhood", "political" ]
            },
            {
               "long_name" : "Mobile",
               "short_name" : "Mobile",
               "types" : [ "locality", "political" ]
            },
            {
               "long_name" : "Mobile County",
               "short_name" : "Mobile County",
               "types" : [ "administrative_area_level_2", "political" ]
            },
            {
               "long_name" : "Alabama",
               "short_name" : "AL",
               "types" : [ "administrative_area_level_1", "political" ]
            },
            {
               "long_name" : "United States",
               "short_name" : "US",
               "types" : [ "country", "political" ]
            },
            {
               "long_name" : "36609",
               "short_name" : "36609",
               "types" : [ "postal_code" ]
            },
            {
               "long_name" : "2205",
               "short_name" : "2205",
               "types" : [ "postal_code_suffix" ]
            }
         ],
         "formatted_address" : "1405 Oak Tree Ct, Mobile, AL 36609, USA",
         "geometry" : {
            "location" : {
               "lat" : 30.66131,
               "lng" : -88.1679769
            },
            "location_type" : "ROOFTOP",
            "viewport" : {
               "northeast" : {
                  "lat" : 30.6626589802915,
                  "lng" : -88.1666279197085
               },
               "southwest" : {
                  "lat" : 30.6599610197085,
                  "lng" : -88.16932588029151
               }
            }
         },
         "place_id" : "ChIJs02j0yxNmogR9IZ7nn9CY08",
         "types" : [ "street_address" ]
      }
   ],
   "status" : "OK"
}
