{
   "results" : [
      {
         "address_components" : [
            {
               "long_name" : "1",
               "short_name" : "1",
               "types" : [ "street_number" ]
            },
            {
               "long_name" : "East Pratt Street",
               "short_name" : "E Pratt St",
               "types" : [ "route" ]
            },
            {
               "long_name" : "Inner Harbor",
               "short_name" : "Inner Harbor",
               "types" : [ "neighborhood", "political" ]
            },
            {
               "long_name" : "Baltimore",
               "short_name" : "Baltimore",
               "types" : [ "locality", "political" ]
            },
            {
               "long_name" : "Maryland",
               "short_name" : "MD",
               "types" : [ "administrative_area_level_1", "political" ]
            },
            {
               "long_name" : "United States",
               "short_name" : "US",
               "types" : [ "country", "political" ]
            },
            {
               "long_name" : "21202",
               "short_name" : "21202",
               "types" : [ "postal_code" ]
            },
            {
               "long_name" : "2037",
               "short_name" : "2037",
               "types" : [ "postal_code_suffix" ]
            }
         ],
         "formatted_address" : "1 E Pratt St, Baltimore, MD 21202, USA",
         "geometry" : {
            "bounds" : {
               "northeast" : {
                  "lat" : 39.2863258,
                  "lng" : -76.61368109999999
               },
               "southwest" : {
                  "lat" : 39.2856004,
                  "lng" : -76.6147321
               }
            },
            "location" : {
               "lat" : 39.2859631,
               "lng" : -76.6142066
            },
            "location_type" : "ROOFTOP",
            "viewport" : {
               "northeast" : {
                  "lat" : 39.2873120802915,
                  "lng" : -76.61285761970849
               },
               "southwest" : {
                  "lat" : 39.2846141197085,
                  "lng" : -76.6155555802915
               }
            }
         },
         "partial_match" : true,
         "place_id" : "ChIJg3fKn2EDyIkRvz60YW9Bk0Q",
         "types" : [ "premise" ]
      }
   ],
   "status" : "OK"
}
