{
   "results" : [
      {
         "address_components" : [
            {
               "long_name" : "1",
               "short_name" : "1",
               "types" : [ "street_number" ]
            },
            {
               "long_name" : "East Upper Wacker Drive",
               "short_name" : "E Upper Wacker Dr",
               "types" : [ "route" ]
            },
            {
               "long_name" : "Central",
               "short_name" : "Central",
               "types" : [ "neighborhood", "political" ]
            },
            {
               "long_name" : "Chicago",
               "short_name" : "Chicago",
               "types" : [ "locality", "political" ]
            },
            {
               "long_name" : "Cook County",
               "short_name" : "Cook County",
               "types" : [ "administrative_area_level_2", "political" ]
            },
            {
               "long_name" : "Illinois",
               "short_name" : "IL",
               "types" : [ "administrative_area_level_1", "political" ]
            },
            {
               "long_name" : "United States",
               "short_name" : "US",
               "types" : [ "country", "political" ]
            },
            {
               "long_name" : "60601",
               "short_name" : "60601",
               "types" : [ "postal_code" ]
            }
         ],
         "formatted_address" : "1 E Upper Wacker Dr, Chicago, IL 60601, USA",
         "geometry" : {
            "bounds" : {
               "northeast" : {
                  "lat" : 41.8867137,
                  "lng" : -87.6273178
               },
               "southwest" : {
                  "lat" : 41.88632399999999,
                  "lng" : -87.62775110000001
               }
            },
            "location" : {
               "lat" : 41.8865189,
               "lng" : -87.6275344
            },
            "location_type" : "ROOFTOP",
            "viewport" : {
               "northeast" : {
                  "lat" : 41.88786783029149,
                  "lng" : -87.6261854697085
               },
               "southwest" : {
                  "lat" : 41.8851698697085,
                  "lng" : -87.62888343029151
               }
            }
         },
         "partial_match" : true,
         "place_id" : "ChIJAdsO6q8sDogRYoPhOz8ZyDk",
         "types" : [ "premise" ]
      }
   ],
   "status" : "OK"
}
