{
   "results" : [
      {
         "address_components" : [
            {
               "long_name" : "1",
               "short_name" : "1",
               "types" : [ "street_number" ]
            },
            {
               "long_name" : "Ely Place",
               "short_name" : "Ely Pl",
               "types" : [ "route" ]
            },
            {
               "long_name" : "London",
               "short_name" : "London",
               "types" : [ "locality", "political" ]
            },
            {
               "long_name" : "London",
               "short_name" : "London",
               "types" : [ "postal_town" ]
            },
            {
               "long_name" : "Greater London",
               "short_name" : "Greater London",
               "types" : [ "administrative_area_level_2", "political" ]
            },
            {
               "long_name" : "United Kingdom",
               "short_name" : "GB",
               "types" : [ "country", "political" ]
            },
            {
               "long_name" : "EC1N 6RY",
               "short_name" : "EC1N 6RY",
               "types" : [ "postal_code" ]
            }
         ],
         "formatted_address" : "1 Ely Pl, London EC1N 6RY, UK",
         "geometry" : {
            "location" : {
               "lat" : 51.518234,
               "lng" : -0.1072256
            },
            "location_type" : "ROOFTOP",
            "viewport" : {
               "northeast" : {
                  "lat" : 51.5195829802915,
                  "lng" : -0.105876619708498
               },
               "southwest" : {
                  "lat" : 51.5168850197085,
                  "lng" : -0.108574580291502
               }
            }
         },
         "partial_match" : true,
         "place_id" : "ChIJt9JamE0bdkgRAgNKN0lis-o",
         "types" : [ "street_address" ]
      }
   ],
   "status" : "OK"
}
