{
   "results" : [
      {
         "address_components" : [
            {
               "long_name" : "200",
               "short_name" : "200",
               "types" : [ "subpremise" ]
            },
            {
               "long_name" : "1",
               "short_name" : "1",
               "types" : [ "street_number" ]
            },
            {
               "long_name" : "Expressway Plaza",
               "short_name" : "Expy Plaza",
               "types" : [ "route" ]
            },
            {
               "long_name" : "Roslyn Heights",
               "short_name" : "Roslyn Heights",
               "types" : [ "locality", "political" ]
            },
            {
               "long_name" : "North Hempstead",
               "short_name" : "North Hempstead",
               "types" : [ "administrative_area_level_3", "political" ]
            },
            {
               "long_name" : "Nassau County",
               "short_name" : "Nassau County",
               "types" : [ "administrative_area_level_2", "political" ]
            },
            {
               "long_name" : "New York",
               "short_name" : "NY",
               "types" : [ "administrative_area_level_1", "political" ]
            },
            {
               "long_name" : "United States",
               "short_name" : "US",
               "types" : [ "country", "political" ]
            },
            {
               "long_name" : "11577",
               "short_name" : "11577",
               "types" : [ "postal_code" ]
            }
         ],
         "formatted_address" : "1 Expy Plaza #200, Roslyn Heights, NY 11577, USA",
         "geometry" : {
            "location" : {
               "lat" : 40.78578280000001,
               "lng" : -73.6437385
            },
            "location_type" : "ROOFTOP",
            "viewport" : {
               "northeast" : {
                  "lat" : 40.78713178029151,
                  "lng" : -73.64238951970849
               },
               "southwest" : {
                  "lat" : 40.78443381970851,
                  "lng" : -73.64508748029151
               }
            }
         },
         "partial_match" : true,
         "place_id" : "EjAxIEV4cHkgUGxhemEgIzIwMCwgUm9zbHluIEhlaWdodHMsIE5ZIDExNTc3LCBVU0E",
         "types" : [ "subpremise" ]
      }
   ],
   "status" : "OK"
}
