{
   "results" : [
      {
         "address_components" : [
            {
               "long_name" : "1",
               "short_name" : "1",
               "types" : [ "street_number" ]
            },
            {
               "long_name" : "Fawcett Place",
               "short_name" : "Fawcett Pl",
               "types" : [ "route" ]
            },
            {
               "long_name" : "Greenwich",
               "short_name" : "Greenwich",
               "types" : [ "locality", "political" ]
            },
            {
               "long_name" : "Fairfield County",
               "short_name" : "Fairfield County",
               "types" : [ "administrative_area_level_2", "political" ]
            },
            {
               "long_name" : "Connecticut",
               "short_name" : "CT",
               "types" : [ "administrative_area_level_1", "political" ]
            },
            {
               "long_name" : "United States",
               "short_name" : "US",
               "types" : [ "country", "political" ]
            },
            {
               "long_name" : "06830",
               "short_name" : "06830",
               "types" : [ "postal_code" ]
            },
            {
               "long_name" : "6553",
               "short_name" : "6553",
               "types" : [ "postal_code_suffix" ]
            }
         ],
         "formatted_address" : "1 Fawcett Pl, Greenwich, CT 06830, USA",
         "geometry" : {
            "location" : {
               "lat" : 41.02315189999999,
               "lng" : -73.6243932
            },
            "location_type" : "ROOFTOP",
            "viewport" : {
               "northeast" : {
                  "lat" : 41.0245008802915,
                  "lng" : -73.62304421970849
               },
               "southwest" : {
                  "lat" : 41.0218029197085,
                  "lng" : -73.62574218029151
               }
            }
         },
         "partial_match" : true,
         "place_id" : "ChIJH5bT-UuYwokRqEyJdZejZEM",
         "types" : [ "street_address" ]
      }
   ],
   "status" : "OK"
}
