{
   "results" : [
      {
         "address_components" : [
            {
               "long_name" : "1",
               "short_name" : "1",
               "types" : [ "street_number" ]
            },
            {
               "long_name" : "Federal Street",
               "short_name" : "Federal St",
               "types" : [ "route" ]
            },
            {
               "long_name" : "Financial District",
               "short_name" : "Financial District",
               "types" : [ "neighborhood", "political" ]
            },
            {
               "long_name" : "Boston",
               "short_name" : "Boston",
               "types" : [ "locality", "political" ]
            },
            {
               "long_name" : "Suffolk County",
               "short_name" : "Suffolk County",
               "types" : [ "administrative_area_level_2", "political" ]
            },
            {
               "long_name" : "Massachusetts",
               "short_name" : "MA",
               "types" : [ "administrative_area_level_1", "political" ]
            },
            {
               "long_name" : "United States",
               "short_name" : "US",
               "types" : [ "country", "political" ]
            },
            {
               "long_name" : "02110",
               "short_name" : "02110",
               "types" : [ "postal_code" ]
            }
         ],
         "formatted_address" : "1 Federal St, Boston, MA 02110, USA",
         "geometry" : {
            "location" : {
               "lat" : 42.3561065,
               "lng" : -71.05683359999999
            },
            "location_type" : "ROOFTOP",
            "viewport" : {
               "northeast" : {
                  "lat" : 42.3574554802915,
                  "lng" : -71.05548461970848
               },
               "southwest" : {
                  "lat" : 42.3547575197085,
                  "lng" : -71.0581825802915
               }
            }
         },
         "partial_match" : true,
         "place_id" : "ChIJB4dZ7INw44kRJsIlPM62GtM",
         "types" : [ "street_address" ]
      }
   ],
   "status" : "OK"
}
