{
   "results" : [
      {
         "address_components" : [
            {
               "long_name" : "1",
               "short_name" : "1",
               "types" : [ "street_number" ]
            },
            {
               "long_name" : "Financial Center",
               "short_name" : "Financial Center",
               "types" : [ "route" ]
            },
            {
               "long_name" : "Financial District",
               "short_name" : "Financial District",
               "types" : [ "neighborhood", "political" ]
            },
            {
               "long_name" : "Boston",
               "short_name" : "Boston",
               "types" : [ "locality", "political" ]
            },
            {
               "long_name" : "Suffolk County",
               "short_name" : "Suffolk County",
               "types" : [ "administrative_area_level_2", "political" ]
            },
            {
               "long_name" : "Massachusetts",
               "short_name" : "MA",
               "types" : [ "administrative_area_level_1", "political" ]
            },
            {
               "long_name" : "United States",
               "short_name" : "US",
               "types" : [ "country", "political" ]
            },
            {
               "long_name" : "02111",
               "short_name" : "02111",
               "types" : [ "postal_code" ]
            }
         ],
         "formatted_address" : "1 Financial Center, Boston, MA 02111, USA",
         "geometry" : {
            "location" : {
               "lat" : 42.3522067,
               "lng" : -71.05640939999999
            },
            "location_type" : "ROOFTOP",
            "viewport" : {
               "northeast" : {
                  "lat" : 42.3535556802915,
                  "lng" : -71.0550604197085
               },
               "southwest" : {
                  "lat" : 42.3508577197085,
                  "lng" : -71.0577583802915
               }
            }
         },
         "partial_match" : true,
         "place_id" : "ChIJ-SRPBoJw44kRxZs-adEWc_g",
         "types" : [ "street_address" ]
      }
   ],
   "status" : "OK"
}
