{
   "results" : [
      {
         "address_components" : [
            {
               "long_name" : "755",
               "short_name" : "755",
               "types" : [ "street_number" ]
            },
            {
               "long_name" : "Main Street",
               "short_name" : "Main St",
               "types" : [ "route" ]
            },
            {
               "long_name" : "Downtown",
               "short_name" : "Downtown",
               "types" : [ "neighborhood", "political" ]
            },
            {
               "long_name" : "Hartford",
               "short_name" : "Hartford",
               "types" : [ "locality", "political" ]
            },
            {
               "long_name" : "Hartford County",
               "short_name" : "Hartford County",
               "types" : [ "administrative_area_level_2", "political" ]
            },
            {
               "long_name" : "Connecticut",
               "short_name" : "CT",
               "types" : [ "administrative_area_level_1", "political" ]
            },
            {
               "long_name" : "United States",
               "short_name" : "US",
               "types" : [ "country", "political" ]
            },
            {
               "long_name" : "06103",
               "short_name" : "06103",
               "types" : [ "postal_code" ]
            }
         ],
         "formatted_address" : "755 Main St, Hartford, CT 06103, USA",
         "geometry" : {
            "location" : {
               "lat" : 41.7654493,
               "lng" : -72.67382189999999
            },
            "location_type" : "ROOFTOP",
            "viewport" : {
               "northeast" : {
                  "lat" : 41.7667982802915,
                  "lng" : -72.6724729197085
               },
               "southwest" : {
                  "lat" : 41.7641003197085,
                  "lng" : -72.6751708802915
               }
            }
         },
         "partial_match" : true,
         "place_id" : "ChIJSX0ZL3tT5okRXkTZPsb4qO8",
         "types" : [ "street_address" ]
      }
   ],
   "status" : "OK"
}
