{
   "results" : [
      {
         "address_components" : [
            {
               "long_name" : "3800",
               "short_name" : "3800",
               "types" : [ "subpremise" ]
            },
            {
               "long_name" : "100",
               "short_name" : "100",
               "types" : [ "street_number" ]
            },
            {
               "long_name" : "King Street West",
               "short_name" : "King St W",
               "types" : [ "route" ]
            },
            {
               "long_name" : "Financial District",
               "short_name" : "Financial District",
               "types" : [ "neighborhood", "political" ]
            },
            {
               "long_name" : "Old Toronto",
               "short_name" : "Old Toronto",
               "types" : [ "sublocality_level_1", "sublocality", "political" ]
            },
            {
               "long_name" : "Toronto",
               "short_name" : "Toronto",
               "types" : [ "locality", "political" ]
            },
            {
               "long_name" : "Toronto Division",
               "short_name" : "Toronto Division",
               "types" : [ "administrative_area_level_2", "political" ]
            },
            {
               "long_name" : "Ontario",
               "short_name" : "ON",
               "types" : [ "administrative_area_level_1", "political" ]
            },
            {
               "long_name" : "Canada",
               "short_name" : "CA",
               "types" : [ "country", "political" ]
            },
            {
               "long_name" : "M5X 2A2",
               "short_name" : "M5X 2A2",
               "types" : [ "postal_code" ]
            }
         ],
         "formatted_address" : "100 King St W #3800, Toronto, ON M5X 2A2, Canada",
         "geometry" : {
            "location" : {
               "lat" : 43.6486362,
               "lng" : -79.38174389999999
            },
            "location_type" : "ROOFTOP",
            "viewport" : {
               "northeast" : {
                  "lat" : 43.64998518029149,
                  "lng" : -79.38039491970848
               },
               "southwest" : {
                  "lat" : 43.6472872197085,
                  "lng" : -79.3830928802915
               }
            }
         },
         "partial_match" : true,
         "place_id" : "EjAxMDAgS2luZyBTdCBXICMzODAwLCBUb3JvbnRvLCBPTiBNNVggMkEyLCBDYW5hZGE",
         "types" : [ "subpremise" ]
      }
   ],
   "status" : "OK"
}
