{
   "results" : [
      {
         "address_components" : [
            {
               "long_name" : "146",
               "short_name" : "146",
               "types" : [ "street_number" ]
            },
            {
               "long_name" : "Arista Gate",
               "short_name" : "Arista Gate",
               "types" : [ "route" ]
            },
            {
               "long_name" : "Woodbridge",
               "short_name" : "Woodbridge",
               "types" : [ "sublocality_level_1", "sublocality", "political" ]
            },
            {
               "long_name" : "Vaughan",
               "short_name" : "Vaughan",
               "types" : [ "locality", "political" ]
            },
            {
               "long_name" : "York Regional Municipality",
               "short_name" : "York Regional Municipality",
               "types" : [ "administrative_area_level_2", "political" ]
            },
            {
               "long_name" : "Ontario",
               "short_name" : "ON",
               "types" : [ "administrative_area_level_1", "political" ]
            },
            {
               "long_name" : "Canada",
               "short_name" : "CA",
               "types" : [ "country", "political" ]
            },
            {
               "long_name" : "L4L 9H7",
               "short_name" : "L4L 9H7",
               "types" : [ "postal_code" ]
            }
         ],
         "formatted_address" : "146 Arista Gate, Woodbridge, ON L4L 9H7, Canada",
         "geometry" : {
            "location" : {
               "lat" : 43.8166504,
               "lng" : -79.5909834
            },
            "location_type" : "ROOFTOP",
            "viewport" : {
               "northeast" : {
                  "lat" : 43.8179993802915,
                  "lng" : -79.58963441970849
               },
               "southwest" : {
                  "lat" : 43.8153014197085,
                  "lng" : -79.5923323802915
               }
            }
         },
         "partial_match" : true,
         "place_id" : "ChIJya1sSqQlK4gReyoktwnl4ys",
         "types" : [ "street_address" ]
      }
   ],
   "status" : "OK"
}
