{
   "results" : [
      {
         "address_components" : [
            {
               "long_name" : "1",
               "short_name" : "1",
               "types" : [ "street_number" ]
            },
            {
               "long_name" : "Financial Way",
               "short_name" : "Financial Way",
               "types" : [ "route" ]
            },
            {
               "long_name" : "Cincinnati",
               "short_name" : "Cincinnati",
               "types" : [ "locality", "political" ]
            },
            {
               "long_name" : "Hamilton County",
               "short_name" : "Hamilton County",
               "types" : [ "administrative_area_level_2", "political" ]
            },
            {
               "long_name" : "Ohio",
               "short_name" : "OH",
               "types" : [ "administrative_area_level_1", "political" ]
            },
            {
               "long_name" : "United States",
               "short_name" : "US",
               "types" : [ "country", "political" ]
            },
            {
               "long_name" : "45242",
               "short_name" : "45242",
               "types" : [ "postal_code" ]
            }
         ],
         "formatted_address" : "1 Financial Way, Cincinnati, OH 45242, USA",
         "geometry" : {
            "bounds" : {
               "northeast" : {
                  "lat" : 39.2484931,
                  "lng" : -84.36293999999999
               },
               "southwest" : {
                  "lat" : 39.2472037,
                  "lng" : -84.3645894
               }
            },
            "location" : {
               "lat" : 39.2478484,
               "lng" : -84.36376469999999
            },
            "location_type" : "ROOFTOP",
            "viewport" : {
               "northeast" : {
                  "lat" : 39.2491973802915,
                  "lng" : -84.36241571970849
               },
               "southwest" : {
                  "lat" : 39.2464994197085,
                  "lng" : -84.36511368029151
               }
            }
         },
         "partial_match" : true,
         "place_id" : "ChIJB8-yvPJTQIgRoEOd6FADa4k",
         "types" : [ "premise" ]
      }
   ],
   "status" : "OK"
}
