{
   "results" : [
      {
         "address_components" : [
            {
               "long_name" : "47807",
               "short_name" : "47807",
               "types" : [ "postal_code" ]
            },
            {
               "long_name" : "Terre Haute",
               "short_name" : "Terre Haute",
               "types" : [ "locality", "political" ]
            },
            {
               "long_name" : "Vigo County",
               "short_name" : "Vigo County",
               "types" : [ "administrative_area_level_2", "political" ]
            },
            {
               "long_name" : "Indiana",
               "short_name" : "IN",
               "types" : [ "administrative_area_level_1", "political" ]
            },
            {
               "long_name" : "United States",
               "short_name" : "US",
               "types" : [ "country", "political" ]
            }
         ],
         "formatted_address" : "Terre Haute, IN 47807, USA",
         "geometry" : {
            "bounds" : {
               "northeast" : {
                  "lat" : 39.4848081,
                  "lng" : -87.37888989999999
               },
               "southwest" : {
                  "lat" : 39.4482359,
                  "lng" : -87.4464639
               }
            },
            "location" : {
               "lat" : 39.472912,
               "lng" : -87.3959564
            },
            "location_type" : "APPROXIMATE",
            "viewport" : {
               "northeast" : {
                  "lat" : 39.4848081,
                  "lng" : -87.37888989999999
               },
               "southwest" : {
                  "lat" : 39.4482359,
                  "lng" : -87.4265199
               }
            }
         },
         "partial_match" : true,
         "place_id" : "ChIJMTFcfkdlbYgRhG-gHy86xcc",
         "types" : [ "postal_code" ]
      }
   ],
   "status" : "OK"
}
