{
   "results" : [
      {
         "address_components" : [
            {
               "long_name" : "1",
               "short_name" : "1",
               "types" : [ "street_number" ]
            },
            {
               "long_name" : "Fnb Boulevard",
               "short_name" : "Fnb Blvd",
               "types" : [ "route" ]
            },
            {
               "long_name" : "Hermitage",
               "short_name" : "Hermitage",
               "types" : [ "locality", "political" ]
            },
            {
               "long_name" : "Mercer County",
               "short_name" : "Mercer County",
               "types" : [ "administrative_area_level_2", "political" ]
            },
            {
               "long_name" : "Pennsylvania",
               "short_name" : "PA",
               "types" : [ "administrative_area_level_1", "political" ]
            },
            {
               "long_name" : "United States",
               "short_name" : "US",
               "types" : [ "country", "political" ]
            },
            {
               "long_name" : "16148",
               "short_name" : "16148",
               "types" : [ "postal_code" ]
            }
         ],
         "formatted_address" : "1 Fnb Blvd, Hermitage, PA 16148, USA",
         "geometry" : {
            "bounds" : {
               "northeast" : {
                  "lat" : 41.2329025,
                  "lng" : -80.4500534
               },
               "southwest" : {
                  "lat" : 41.2326446,
                  "lng" : -80.45039799999999
               }
            },
            "location" : {
               "lat" : 41.2327736,
               "lng" : -80.45022569999999
            },
            "location_type" : "ROOFTOP",
            "viewport" : {
               "northeast" : {
                  "lat" : 41.2341225302915,
                  "lng" : -80.44887671970849
               },
               "southwest" : {
                  "lat" : 41.23142456970851,
                  "lng" : -80.4515746802915
               }
            }
         },
         "partial_match" : true,
         "place_id" : "ChIJh1GrxYi_M4gRTJNlvMtdv28",
         "types" : [ "premise" ]
      }
   ],
   "status" : "OK"
}
