{
   "results" : [
      {
         "address_components" : [
            {
               "long_name" : "111",
               "short_name" : "111",
               "types" : [ "subpremise" ]
            },
            {
               "long_name" : "151",
               "short_name" : "151",
               "types" : [ "street_number" ]
            },
            {
               "long_name" : "Frobisher Drive",
               "short_name" : "Frobisher Dr",
               "types" : [ "route" ]
            },
            {
               "long_name" : "Waterloo",
               "short_name" : "Waterloo",
               "types" : [ "locality", "political" ]
            },
            {
               "long_name" : "Waterloo Regional Municipality",
               "short_name" : "Waterloo Regional Municipality",
               "types" : [ "administrative_area_level_2", "political" ]
            },
            {
               "long_name" : "Ontario",
               "short_name" : "ON",
               "types" : [ "administrative_area_level_1", "political" ]
            },
            {
               "long_name" : "Canada",
               "short_name" : "CA",
               "types" : [ "country", "political" ]
            },
            {
               "long_name" : "N2V 2C9",
               "short_name" : "N2V 2C9",
               "types" : [ "postal_code" ]
            }
         ],
         "formatted_address" : "151 Frobisher Dr #111, Waterloo, ON N2V 2C9, Canada",
         "geometry" : {
            "location" : {
               "lat" : 43.5055738,
               "lng" : -80.52740980000002
            },
            "location_type" : "ROOFTOP",
            "viewport" : {
               "northeast" : {
                  "lat" : 43.5069227802915,
                  "lng" : -80.52606081970852
               },
               "southwest" : {
                  "lat" : 43.5042248197085,
                  "lng" : -80.52875878029153
               }
            }
         },
         "partial_match" : true,
         "place_id" : "EjMxNTEgRnJvYmlzaGVyIERyICMxMTEsIFdhdGVybG9vLCBPTiBOMlYgMkM5LCBDYW5hZGE",
         "types" : [ "subpremise" ]
      }
   ],
   "status" : "OK"
}
