{
   "results" : [
      {
         "address_components" : [
            {
               "long_name" : "1",
               "short_name" : "1",
               "types" : [ "street_number" ]
            },
            {
               "long_name" : "Fountain Square",
               "short_name" : "Fountain Square",
               "types" : [ "route" ]
            },
            {
               "long_name" : "Chattanooga",
               "short_name" : "Chattanooga",
               "types" : [ "locality", "political" ]
            },
            {
               "long_name" : "Hamilton County",
               "short_name" : "Hamilton County",
               "types" : [ "administrative_area_level_2", "political" ]
            },
            {
               "long_name" : "Tennessee",
               "short_name" : "TN",
               "types" : [ "administrative_area_level_1", "political" ]
            },
            {
               "long_name" : "United States",
               "short_name" : "US",
               "types" : [ "country", "political" ]
            },
            {
               "long_name" : "37402",
               "short_name" : "37402",
               "types" : [ "postal_code" ]
            }
         ],
         "formatted_address" : "1 Fountain Square, Chattanooga, TN 37402, USA",
         "geometry" : {
            "location" : {
               "lat" : 35.0504844,
               "lng" : -85.3068744
            },
            "location_type" : "ROOFTOP",
            "viewport" : {
               "northeast" : {
                  "lat" : 35.05183338029151,
                  "lng" : -85.30552541970849
               },
               "southwest" : {
                  "lat" : 35.04913541970851,
                  "lng" : -85.30822338029151
               }
            }
         },
         "partial_match" : true,
         "place_id" : "ChIJWaIYXGReYIgR-g-Zo5cXBWk",
         "types" : [ "street_address" ]
      }
   ],
   "status" : "OK"
}
