{
   "results" : [
      {
         "address_components" : [
            {
               "long_name" : "1",
               "short_name" : "1",
               "types" : [ "street_number" ]
            },
            {
               "long_name" : "Franklin Parkway West",
               "short_name" : "Franklin Pkwy W",
               "types" : [ "route" ]
            },
            {
               "long_name" : "South San Mateo",
               "short_name" : "South San Mateo",
               "types" : [ "neighborhood", "political" ]
            },
            {
               "long_name" : "San Mateo",
               "short_name" : "San Mateo",
               "types" : [ "locality", "political" ]
            },
            {
               "long_name" : "San Mateo County",
               "short_name" : "San Mateo County",
               "types" : [ "administrative_area_level_2", "political" ]
            },
            {
               "long_name" : "California",
               "short_name" : "CA",
               "types" : [ "administrative_area_level_1", "political" ]
            },
            {
               "long_name" : "United States",
               "short_name" : "US",
               "types" : [ "country", "political" ]
            },
            {
               "long_name" : "94403",
               "short_name" : "94403",
               "types" : [ "postal_code" ]
            }
         ],
         "formatted_address" : "1 Franklin Pkwy W, San Mateo, CA 94403, USA",
         "geometry" : {
            "bounds" : {
               "northeast" : {
                  "lat" : 37.54274059999999,
                  "lng" : -122.2927824
               },
               "southwest" : {
                  "lat" : 37.541828,
                  "lng" : -122.2940023
               }
            },
            "location" : {
               "lat" : 37.5422843,
               "lng" : -122.2933924
            },
            "location_type" : "ROOFTOP",
            "viewport" : {
               "northeast" : {
                  "lat" : 37.54363328029149,
                  "lng" : -122.2920433697085
               },
               "southwest" : {
                  "lat" : 37.5409353197085,
                  "lng" : -122.2947413302915
               }
            }
         },
         "partial_match" : true,
         "place_id" : "ChIJYQR9Cx6fj4AR-6Q53zDw7Dw",
         "types" : [ "premise" ]
      }
   ],
   "status" : "OK"
}
