{
   "results" : [
      {
         "address_components" : [
            {
               "long_name" : "1",
               "short_name" : "1",
               "types" : [ "street_number" ]
            },
            {
               "long_name" : "Freedom Valley Drive",
               "short_name" : "Freedom Valley Dr",
               "types" : [ "route" ]
            },
            {
               "long_name" : "Oaks",
               "short_name" : "Oaks",
               "types" : [ "locality", "political" ]
            },
            {
               "long_name" : "Upper Providence Township",
               "short_name" : "Upper Providence Township",
               "types" : [ "administrative_area_level_3", "political" ]
            },
            {
               "long_name" : "Montgomery County",
               "short_name" : "Montgomery County",
               "types" : [ "administrative_area_level_2", "political" ]
            },
            {
               "long_name" : "Pennsylvania",
               "short_name" : "PA",
               "types" : [ "administrative_area_level_1", "political" ]
            },
            {
               "long_name" : "United States",
               "short_name" : "US",
               "types" : [ "country", "political" ]
            },
            {
               "long_name" : "19456",
               "short_name" : "19456",
               "types" : [ "postal_code" ]
            }
         ],
         "formatted_address" : "1 Freedom Valley Dr, Oaks, PA 19456, USA",
         "geometry" : {
            "location" : {
               "lat" : 40.1414246,
               "lng" : -75.4473028
            },
            "location_type" : "ROOFTOP",
            "viewport" : {
               "northeast" : {
                  "lat" : 40.1427735802915,
                  "lng" : -75.44595381970849
               },
               "southwest" : {
                  "lat" : 40.1400756197085,
                  "lng" : -75.44865178029151
               }
            }
         },
         "partial_match" : true,
         "place_id" : "ChIJ76AFIDqRxokR-8bKC0SPeNo",
         "types" : [ "street_address" ]
      }
   ],
   "status" : "OK"
}
