{
   "results" : [
      {
         "address_components" : [
            {
               "long_name" : "1519",
               "short_name" : "1519",
               "types" : [ "street_number" ]
            },
            {
               "long_name" : "Park Road South",
               "short_name" : "Park Rd S",
               "types" : [ "route" ]
            },
            {
               "long_name" : "Lakeview",
               "short_name" : "Lakeview",
               "types" : [ "neighborhood", "political" ]
            },
            {
               "long_name" : "Oshawa",
               "short_name" : "Oshawa",
               "types" : [ "locality", "political" ]
            },
            {
               "long_name" : "Durham Regional Municipality",
               "short_name" : "Durham Regional Municipality",
               "types" : [ "administrative_area_level_2", "political" ]
            },
            {
               "long_name" : "Ontario",
               "short_name" : "ON",
               "types" : [ "administrative_area_level_1", "political" ]
            },
            {
               "long_name" : "Canada",
               "short_name" : "CA",
               "types" : [ "country", "political" ]
            },
            {
               "long_name" : "L1J 4K6",
               "short_name" : "L1J 4K6",
               "types" : [ "postal_code" ]
            }
         ],
         "formatted_address" : "1519 Park Rd S, Oshawa, ON L1J 4K6, Canada",
         "geometry" : {
            "location" : {
               "lat" : 43.8555726,
               "lng" : -78.85569199999999
            },
            "location_type" : "ROOFTOP",
            "viewport" : {
               "northeast" : {
                  "lat" : 43.8569215802915,
                  "lng" : -78.85434301970849
               },
               "southwest" : {
                  "lat" : 43.8542236197085,
                  "lng" : -78.8570409802915
               }
            }
         },
         "place_id" : "ChIJv0uTNl8d1YkRFdWvXWatkU0",
         "types" : [ "street_address" ]
      }
   ],
   "status" : "OK"
}
