{
   "results" : [
      {
         "address_components" : [
            {
               "long_name" : "Gateway Center Park",
               "short_name" : "Gateway Center Park",
               "types" : [ "point_of_interest", "establishment" ]
            },
            {
               "long_name" : "Downtown",
               "short_name" : "Downtown",
               "types" : [ "neighborhood", "political" ]
            },
            {
               "long_name" : "Pittsburgh",
               "short_name" : "Pittsburgh",
               "types" : [ "locality", "political" ]
            },
            {
               "long_name" : "Allegheny County",
               "short_name" : "Allegheny County",
               "types" : [ "administrative_area_level_2", "political" ]
            },
            {
               "long_name" : "Pennsylvania",
               "short_name" : "PA",
               "types" : [ "administrative_area_level_1", "political" ]
            },
            {
               "long_name" : "United States",
               "short_name" : "US",
               "types" : [ "country", "political" ]
            },
            {
               "long_name" : "15222",
               "short_name" : "15222",
               "types" : [ "postal_code" ]
            }
         ],
         "formatted_address" : "Gateway Center Park, Pittsburgh, PA 15222, USA",
         "geometry" : {
            "location" : {
               "lat" : 40.4405367,
               "lng" : -80.0054548
            },
            "location_type" : "APPROXIMATE",
            "viewport" : {
               "northeast" : {
                  "lat" : 40.44188568029149,
                  "lng" : -80.00410581970849
               },
               "southwest" : {
                  "lat" : 40.4391877197085,
                  "lng" : -80.00680378029151
               }
            }
         },
         "partial_match" : true,
         "place_id" : "ChIJfX57Y1TxNIgRsfhj6oEJHgY",
         "types" : [ "park", "point_of_interest", "establishment" ]
      }
   ],
   "status" : "OK"
}
