{
   "results" : [
      {
         "address_components" : [
            {
               "long_name" : "02458",
               "short_name" : "02458",
               "types" : [ "postal_code" ]
            },
            {
               "long_name" : "Newton",
               "short_name" : "Newton",
               "types" : [ "locality", "political" ]
            },
            {
               "long_name" : "Massachusetts",
               "short_name" : "MA",
               "types" : [ "administrative_area_level_1", "political" ]
            },
            {
               "long_name" : "United States",
               "short_name" : "US",
               "types" : [ "country", "political" ]
            }
         ],
         "formatted_address" : "Newton, MA 02458, USA",
         "geometry" : {
            "bounds" : {
               "northeast" : {
                  "lat" : 42.3678928,
                  "lng" : -71.1680661
               },
               "southwest" : {
                  "lat" : 42.339096,
                  "lng" : -71.2107949
               }
            },
            "location" : {
               "lat" : 42.3503838,
               "lng" : -71.18643969999999
            },
            "location_type" : "APPROXIMATE",
            "viewport" : {
               "northeast" : {
                  "lat" : 42.3678928,
                  "lng" : -71.1680661
               },
               "southwest" : {
                  "lat" : 42.339096,
                  "lng" : -71.2107949
               }
            }
         },
         "partial_match" : true,
         "place_id" : "ChIJYUPUknR444kRkex5VY3qkL0",
         "types" : [ "postal_code" ]
      }
   ],
   "status" : "OK"
}
