{
   "results" : [
      {
         "address_components" : [
            {
               "long_name" : "1",
               "short_name" : "1",
               "types" : [ "street_number" ]
            },
            {
               "long_name" : "Glendinning Place",
               "short_name" : "Glendinning Pl",
               "types" : [ "route" ]
            },
            {
               "long_name" : "Westport",
               "short_name" : "Westport",
               "types" : [ "locality", "political" ]
            },
            {
               "long_name" : "Fairfield County",
               "short_name" : "Fairfield County",
               "types" : [ "administrative_area_level_2", "political" ]
            },
            {
               "long_name" : "Connecticut",
               "short_name" : "CT",
               "types" : [ "administrative_area_level_1", "political" ]
            },
            {
               "long_name" : "United States",
               "short_name" : "US",
               "types" : [ "country", "political" ]
            },
            {
               "long_name" : "06880",
               "short_name" : "06880",
               "types" : [ "postal_code" ]
            },
            {
               "long_name" : "1242",
               "short_name" : "1242",
               "types" : [ "postal_code_suffix" ]
            }
         ],
         "formatted_address" : "1 Glendinning Pl, Westport, CT 06880, USA",
         "geometry" : {
            "location" : {
               "lat" : 41.1729996,
               "lng" : -73.36395519999999
            },
            "location_type" : "ROOFTOP",
            "viewport" : {
               "northeast" : {
                  "lat" : 41.17434858029149,
                  "lng" : -73.36260621970848
               },
               "southwest" : {
                  "lat" : 41.1716506197085,
                  "lng" : -73.36530418029149
               }
            }
         },
         "partial_match" : true,
         "place_id" : "ChIJT0FJ7VMb6IkRTHf5Y-ZDtXU",
         "types" : [ "street_address" ]
      }
   ],
   "status" : "OK"
}
