{
   "results" : [
      {
         "address_components" : [
            {
               "long_name" : "201",
               "short_name" : "201",
               "types" : [ "subpremise" ]
            },
            {
               "long_name" : "",
               "short_name" : "",
               "types" : [ "premise" ]
            },
            {
               "long_name" : "1",
               "short_name" : "1",
               "types" : [ "street_number" ]
            },
            {
               "long_name" : "Gorham Island Road",
               "short_name" : "Gorham Island Rd",
               "types" : [ "route" ]
            },
            {
               "long_name" : "Westport",
               "short_name" : "Westport",
               "types" : [ "locality", "political" ]
            },
            {
               "long_name" : "Fairfield County",
               "short_name" : "Fairfield County",
               "types" : [ "administrative_area_level_2", "political" ]
            },
            {
               "long_name" : "Connecticut",
               "short_name" : "CT",
               "types" : [ "administrative_area_level_1", "political" ]
            },
            {
               "long_name" : "United States",
               "short_name" : "US",
               "types" : [ "country", "political" ]
            },
            {
               "long_name" : "06880",
               "short_name" : "06880",
               "types" : [ "postal_code" ]
            }
         ],
         "formatted_address" : "1 Gorham Island Rd #201, Westport, CT 06880, USA",
         "geometry" : {
            "location" : {
               "lat" : 41.1443199,
               "lng" : -73.3637717
            },
            "location_type" : "ROOFTOP",
            "viewport" : {
               "northeast" : {
                  "lat" : 41.1456688802915,
                  "lng" : -73.36242271970849
               },
               "southwest" : {
                  "lat" : 41.1429709197085,
                  "lng" : -73.36512068029151
               }
            }
         },
         "partial_match" : true,
         "place_id" : "EjAxIEdvcmhhbSBJc2xhbmQgUmQgIzIwMSwgV2VzdHBvcnQsIENUIDA2ODgwLCBVU0E",
         "types" : [ "subpremise" ]
      }
   ],
   "status" : "OK"
}
