{
   "results" : [
      {
         "address_components" : [
            {
               "long_name" : "2050",
               "short_name" : "2050",
               "types" : [ "subpremise" ]
            },
            {
               "long_name" : "60",
               "short_name" : "60",
               "types" : [ "street_number" ]
            },
            {
               "long_name" : "East 42nd Street",
               "short_name" : "E 42nd St",
               "types" : [ "route" ]
            },
            {
               "long_name" : "Midtown",
               "short_name" : "Midtown",
               "types" : [ "neighborhood", "political" ]
            },
            {
               "long_name" : "Manhattan",
               "short_name" : "Manhattan",
               "types" : [ "sublocality_level_1", "sublocality", "political" ]
            },
            {
               "long_name" : "New York",
               "short_name" : "New York",
               "types" : [ "locality", "political" ]
            },
            {
               "long_name" : "New York County",
               "short_name" : "New York County",
               "types" : [ "administrative_area_level_2", "political" ]
            },
            {
               "long_name" : "New York",
               "short_name" : "NY",
               "types" : [ "administrative_area_level_1", "political" ]
            },
            {
               "long_name" : "United States",
               "short_name" : "US",
               "types" : [ "country", "political" ]
            },
            {
               "long_name" : "10165",
               "short_name" : "10165",
               "types" : [ "postal_code" ]
            }
         ],
         "formatted_address" : "60 E 42nd St #2050, New York, NY 10165, USA",
         "geometry" : {
            "location" : {
               "lat" : 40.75213979999999,
               "lng" : -73.97881169999999
            },
            "location_type" : "ROOFTOP",
            "viewport" : {
               "northeast" : {
                  "lat" : 40.7534887802915,
                  "lng" : -73.97746271970848
               },
               "southwest" : {
                  "lat" : 40.7507908197085,
                  "lng" : -73.9801606802915
               }
            }
         },
         "partial_match" : true,
         "place_id" : "Eis2MCBFIDQybmQgU3QgIzIwNTAsIE5ldyBZb3JrLCBOWSAxMDE2NSwgVVNB",
         "types" : [ "subpremise" ]
      }
   ],
   "status" : "OK"
}
