{
   "results" : [
      {
         "address_components" : [
            {
               "long_name" : "1",
               "short_name" : "1",
               "types" : [ "street_number" ]
            },
            {
               "long_name" : "Granite Place",
               "short_name" : "Granite Pl",
               "types" : [ "route" ]
            },
            {
               "long_name" : "Concord",
               "short_name" : "Concord",
               "types" : [ "locality", "political" ]
            },
            {
               "long_name" : "Merrimack County",
               "short_name" : "Merrimack County",
               "types" : [ "administrative_area_level_2", "political" ]
            },
            {
               "long_name" : "New Hampshire",
               "short_name" : "NH",
               "types" : [ "administrative_area_level_1", "political" ]
            },
            {
               "long_name" : "United States",
               "short_name" : "US",
               "types" : [ "country", "political" ]
            },
            {
               "long_name" : "03301",
               "short_name" : "03301",
               "types" : [ "postal_code" ]
            },
            {
               "long_name" : "3258",
               "short_name" : "3258",
               "types" : [ "postal_code_suffix" ]
            }
         ],
         "formatted_address" : "1 Granite Pl, Concord, NH 03301, USA",
         "geometry" : {
            "location" : {
               "lat" : 43.2173101,
               "lng" : -71.5568846
            },
            "location_type" : "ROOFTOP",
            "viewport" : {
               "northeast" : {
                  "lat" : 43.2186590802915,
                  "lng" : -71.55553561970851
               },
               "southwest" : {
                  "lat" : 43.2159611197085,
                  "lng" : -71.55823358029151
               }
            }
         },
         "partial_match" : true,
         "place_id" : "ChIJS3jcfcNq4okRd50AptQsmvM",
         "types" : [ "street_address" ]
      }
   ],
   "status" : "OK"
}
