{
   "results" : [
      {
         "address_components" : [
            {
               "long_name" : "1",
               "short_name" : "1",
               "types" : [ "street_number" ]
            },
            {
               "long_name" : "Great Winchester Street",
               "short_name" : "Great Winchester St",
               "types" : [ "route" ]
            },
            {
               "long_name" : "London",
               "short_name" : "London",
               "types" : [ "locality", "political" ]
            },
            {
               "long_name" : "London",
               "short_name" : "London",
               "types" : [ "postal_town" ]
            },
            {
               "long_name" : "Greater London",
               "short_name" : "Greater London",
               "types" : [ "administrative_area_level_2", "political" ]
            },
            {
               "long_name" : "United Kingdom",
               "short_name" : "GB",
               "types" : [ "country", "political" ]
            },
            {
               "long_name" : "EC2N",
               "short_name" : "EC2N",
               "types" : [ "postal_code_prefix", "postal_code" ]
            }
         ],
         "formatted_address" : "1 Great Winchester St, London EC2N, UK",
         "geometry" : {
            "bounds" : {
               "northeast" : {
                  "lat" : 51.51612910000001,
                  "lng" : -0.08511439999999999
               },
               "southwest" : {
                  "lat" : 51.5161181,
                  "lng" : -0.0851208
               }
            },
            "location" : {
               "lat" : 51.51612910000001,
               "lng" : -0.08511439999999999
            },
            "location_type" : "RANGE_INTERPOLATED",
            "viewport" : {
               "northeast" : {
                  "lat" : 51.5174725802915,
                  "lng" : -0.08376861970849797
               },
               "southwest" : {
                  "lat" : 51.5147746197085,
                  "lng" : -0.08646658029150203
               }
            }
         },
         "partial_match" : true,
         "place_id" : "EiYxIEdyZWF0IFdpbmNoZXN0ZXIgU3QsIExvbmRvbiBFQzJOLCBVSw",
         "types" : [ "street_address" ]
      }
   ],
   "status" : "OK"
}
