{
   "results" : [
      {
         "address_components" : [
            {
               "long_name" : "1",
               "short_name" : "1",
               "types" : [ "street_number" ]
            },
            {
               "long_name" : "Greenwich Plaza",
               "short_name" : "Greenwich Plaza",
               "types" : [ "route" ]
            },
            {
               "long_name" : "Greenwich",
               "short_name" : "Greenwich",
               "types" : [ "locality", "political" ]
            },
            {
               "long_name" : "Fairfield County",
               "short_name" : "Fairfield County",
               "types" : [ "administrative_area_level_2", "political" ]
            },
            {
               "long_name" : "Connecticut",
               "short_name" : "CT",
               "types" : [ "administrative_area_level_1", "political" ]
            },
            {
               "long_name" : "United States",
               "short_name" : "US",
               "types" : [ "country", "political" ]
            },
            {
               "long_name" : "06830",
               "short_name" : "06830",
               "types" : [ "postal_code" ]
            },
            {
               "long_name" : "6352",
               "short_name" : "6352",
               "types" : [ "postal_code_suffix" ]
            }
         ],
         "formatted_address" : "1 Greenwich Plaza, Greenwich, CT 06830, USA",
         "geometry" : {
            "bounds" : {
               "northeast" : {
                  "lat" : 41.0209475,
                  "lng" : -73.62580249999999
               },
               "southwest" : {
                  "lat" : 41.0203923,
                  "lng" : -73.62695939999999
               }
            },
            "location" : {
               "lat" : 41.0206699,
               "lng" : -73.62638099999999
            },
            "location_type" : "ROOFTOP",
            "viewport" : {
               "northeast" : {
                  "lat" : 41.0220188802915,
                  "lng" : -73.62503196970849
               },
               "southwest" : {
                  "lat" : 41.0193209197085,
                  "lng" : -73.62772993029149
               }
            }
         },
         "partial_match" : true,
         "place_id" : "ChIJmdPNEEuYwokROw4CHzUY85I",
         "types" : [ "premise" ]
      }
   ],
   "status" : "OK"
}
