{
   "results" : [
      {
         "address_components" : [
            {
               "long_name" : "1",
               "short_name" : "1",
               "types" : [ "street_number" ]
            },
            {
               "long_name" : "Grosvenor Crescent",
               "short_name" : "Grosvenor Cres",
               "types" : [ "route" ]
            },
            {
               "long_name" : "London",
               "short_name" : "London",
               "types" : [ "locality", "political" ]
            },
            {
               "long_name" : "London",
               "short_name" : "London",
               "types" : [ "postal_town" ]
            },
            {
               "long_name" : "Greater London",
               "short_name" : "Greater London",
               "types" : [ "administrative_area_level_2", "political" ]
            },
            {
               "long_name" : "United Kingdom",
               "short_name" : "GB",
               "types" : [ "country", "political" ]
            },
            {
               "long_name" : "SW1X",
               "short_name" : "SW1X",
               "types" : [ "postal_code_prefix", "postal_code" ]
            }
         ],
         "formatted_address" : "1 Grosvenor Cres, London SW1X, UK",
         "geometry" : {
            "bounds" : {
               "northeast" : {
                  "lat" : 51.5021181,
                  "lng" : -0.1520575
               },
               "southwest" : {
                  "lat" : 51.5021074,
                  "lng" : -0.1520649
               }
            },
            "location" : {
               "lat" : 51.5021181,
               "lng" : -0.1520649
            },
            "location_type" : "RANGE_INTERPOLATED",
            "viewport" : {
               "northeast" : {
                  "lat" : 51.5034617302915,
                  "lng" : -0.150712219708498
               },
               "southwest" : {
                  "lat" : 51.5007637697085,
                  "lng" : -0.153410180291502
               }
            }
         },
         "partial_match" : true,
         "place_id" : "EiExIEdyb3N2ZW5vciBDcmVzLCBMb25kb24gU1cxWCwgVUs",
         "types" : [ "street_address" ]
      },
      {
         "address_components" : [
            {
               "long_name" : "1",
               "short_name" : "1",
               "types" : [ "street_number" ]
            },
            {
               "long_name" : "Eaton Terrace",
               "short_name" : "Eaton Terrace",
               "types" : [ "route" ]
            },
            {
               "long_name" : "Belgravia",
               "short_name" : "Belgravia",
               "types" : [ "neighborhood", "political" ]
            },
            {
               "long_name" : "London",
               "short_name" : "London",
               "types" : [ "locality", "political" ]
            },
            {
               "long_name" : "London",
               "short_name" : "London",
               "types" : [ "postal_town" ]
            },
            {
               "long_name" : "Greater London",
               "short_name" : "Greater London",
               "types" : [ "administrative_area_level_2", "political" ]
            },
            {
               "long_name" : "United Kingdom",
               "short_name" : "GB",
               "types" : [ "country", "political" ]
            },
            {
               "long_name" : "SW1W 8HA",
               "short_name" : "SW1W 8HA",
               "types" : [ "postal_code" ]
            }
         ],
         "formatted_address" : "1 Grosvenor Cottages, Eaton Terrace, Belgravia, London SW1W 8HA, UK",
         "geometry" : {
            "location" : {
               "lat" : 51.4944441,
               "lng" : -0.1556589
            },
            "location_type" : "ROOFTOP",
            "viewport" : {
               "northeast" : {
                  "lat" : 51.4957930802915,
                  "lng" : -0.154309919708498
               },
               "southwest" : {
                  "lat" : 51.4930951197085,
                  "lng" : -0.157007880291502
               }
            }
         },
         "partial_match" : true,
         "place_id" : "ChIJgxyKKRYFdkgRNck7xBMktNE",
         "types" : [ "street_address" ]
      },
      {
         "address_components" : [
            {
               "long_name" : "1",
               "short_name" : "1",
               "types" : [ "street_number" ]
            },
            {
               "long_name" : "Grosvenor Crescent Mews",
               "short_name" : "Grosvenor Crescent Mews",
               "types" : [ "route" ]
            },
            {
               "long_name" : "Belgravia",
               "short_name" : "Belgravia",
               "types" : [ "neighborhood", "political" ]
            },
            {
               "long_name" : "London",
               "short_name" : "London",
               "types" : [ "locality", "political" ]
            },
            {
               "long_name" : "London",
               "short_name" : "London",
               "types" : [ "postal_town" ]
            },
            {
               "long_name" : "Greater London",
               "short_name" : "Greater London",
               "types" : [ "administrative_area_level_2", "political" ]
            },
            {
               "long_name" : "United Kingdom",
               "short_name" : "GB",
               "types" : [ "country", "political" ]
            },
            {
               "long_name" : "SW1X 7EU",
               "short_name" : "SW1X 7EU",
               "types" : [ "postal_code" ]
            }
         ],
         "formatted_address" : "1 Grosvenor Crescent Mews, Belgravia, London SW1X 7EU, UK",
         "geometry" : {
            "bounds" : {
               "northeast" : {
                  "lat" : 51.50155609999999,
                  "lng" : -0.1539552
               },
               "southwest" : {
                  "lat" : 51.5015503,
                  "lng" : -0.1539715
               }
            },
            "location" : {
               "lat" : 51.50155609999999,
               "lng" : -0.1539715
            },
            "location_type" : "RANGE_INTERPOLATED",
            "viewport" : {
               "northeast" : {
                  "lat" : 51.50290218029149,
                  "lng" : -0.152614369708498
               },
               "southwest" : {
                  "lat" : 51.50020421970849,
                  "lng" : -0.155312330291502
               }
            }
         },
         "partial_match" : true,
         "place_id" : "EjkxIEdyb3N2ZW5vciBDcmVzY2VudCBNZXdzLCBCZWxncmF2aWEsIExvbmRvbiBTVzFYIDdFVSwgVUs",
         "types" : [ "street_address" ]
      }
   ],
   "status" : "OK"
}
