{
   "results" : [
      {
         "address_components" : [
            {
               "long_name" : "1",
               "short_name" : "1",
               "types" : [ "street_number" ]
            },
            {
               "long_name" : "Hartford Plaza",
               "short_name" : "Hartford Plaza",
               "types" : [ "route" ]
            },
            {
               "long_name" : "Asylum Hill",
               "short_name" : "Asylum Hill",
               "types" : [ "neighborhood", "political" ]
            },
            {
               "long_name" : "Hartford",
               "short_name" : "Hartford",
               "types" : [ "locality", "political" ]
            },
            {
               "long_name" : "Hartford County",
               "short_name" : "Hartford County",
               "types" : [ "administrative_area_level_2", "political" ]
            },
            {
               "long_name" : "Connecticut",
               "short_name" : "CT",
               "types" : [ "administrative_area_level_1", "political" ]
            },
            {
               "long_name" : "United States",
               "short_name" : "US",
               "types" : [ "country", "political" ]
            },
            {
               "long_name" : "06105",
               "short_name" : "06105",
               "types" : [ "postal_code" ]
            }
         ],
         "formatted_address" : "1 Hartford Plaza, Hartford, CT 06105, USA",
         "geometry" : {
            "location" : {
               "lat" : 41.769703,
               "lng" : -72.68698080000001
            },
            "location_type" : "ROOFTOP",
            "viewport" : {
               "northeast" : {
                  "lat" : 41.7710519802915,
                  "lng" : -72.68563181970852
               },
               "southwest" : {
                  "lat" : 41.7683540197085,
                  "lng" : -72.68832978029153
               }
            }
         },
         "partial_match" : true,
         "place_id" : "ChIJJQhuGl5T5okRmWCKFWqlmrM",
         "types" : [ "street_address" ]
      }
   ],
   "status" : "OK"
}
