{
   "results" : [
      {
         "address_components" : [
            {
               "long_name" : "155",
               "short_name" : "155",
               "types" : [ "street_number" ]
            },
            {
               "long_name" : "Brantwood Park Road",
               "short_name" : "Brantwood Park Rd",
               "types" : [ "route" ]
            },
            {
               "long_name" : "Brantford",
               "short_name" : "Brantford",
               "types" : [ "locality", "political" ]
            },
            {
               "long_name" : "Brantford",
               "short_name" : "Brantford",
               "types" : [ "administrative_area_level_2", "political" ]
            },
            {
               "long_name" : "Ontario",
               "short_name" : "ON",
               "types" : [ "administrative_area_level_1", "political" ]
            },
            {
               "long_name" : "Canada",
               "short_name" : "CA",
               "types" : [ "country", "political" ]
            },
            {
               "long_name" : "N3P",
               "short_name" : "N3P",
               "types" : [ "postal_code_prefix", "postal_code" ]
            }
         ],
         "formatted_address" : "155 Brantwood Park Rd, Brantford, ON N3P, Canada",
         "geometry" : {
            "location" : {
               "lat" : 43.1834379,
               "lng" : -80.2393477
            },
            "location_type" : "ROOFTOP",
            "viewport" : {
               "northeast" : {
                  "lat" : 43.1847868802915,
                  "lng" : -80.23799871970849
               },
               "southwest" : {
                  "lat" : 43.18208891970851,
                  "lng" : -80.24069668029151
               }
            }
         },
         "partial_match" : true,
         "place_id" : "ChIJAyFcFAdlLIgR4VW6bW-6PmM",
         "types" : [ "street_address" ]
      }
   ],
   "status" : "OK"
}
