{
   "results" : [
      {
         "address_components" : [
            {
               "long_name" : "1",
               "short_name" : "1",
               "types" : [ "street_number" ]
            },
            {
               "long_name" : "Highland Avenue",
               "short_name" : "Highland Ave",
               "types" : [ "route" ]
            },
            {
               "long_name" : "Metuchen",
               "short_name" : "Metuchen",
               "types" : [ "locality", "political" ]
            },
            {
               "long_name" : "Middlesex County",
               "short_name" : "Middlesex County",
               "types" : [ "administrative_area_level_2", "political" ]
            },
            {
               "long_name" : "New Jersey",
               "short_name" : "NJ",
               "types" : [ "administrative_area_level_1", "political" ]
            },
            {
               "long_name" : "United States",
               "short_name" : "US",
               "types" : [ "country", "political" ]
            },
            {
               "long_name" : "08840",
               "short_name" : "08840",
               "types" : [ "postal_code" ]
            }
         ],
         "formatted_address" : "1 Highland Ave, Metuchen, NJ 08840, USA",
         "geometry" : {
            "bounds" : {
               "northeast" : {
                  "lat" : 40.54311999999999,
                  "lng" : -74.3624088
               },
               "southwest" : {
                  "lat" : 40.5431072,
                  "lng" : -74.3624169
               }
            },
            "location" : {
               "lat" : 40.54311999999999,
               "lng" : -74.3624169
            },
            "location_type" : "RANGE_INTERPOLATED",
            "viewport" : {
               "northeast" : {
                  "lat" : 40.54446258029149,
                  "lng" : -74.36106386970849
               },
               "southwest" : {
                  "lat" : 40.54176461970849,
                  "lng" : -74.36376183029149
               }
            }
         },
         "partial_match" : true,
         "place_id" : "EicxIEhpZ2hsYW5kIEF2ZSwgTWV0dWNoZW4sIE5KIDA4ODQwLCBVU0E",
         "types" : [ "street_address" ]
      }
   ],
   "status" : "OK"
}
