{
   "results" : [
      {
         "address_components" : [
            {
               "long_name" : "1",
               "short_name" : "1",
               "types" : [ "street_number" ]
            },
            {
               "long_name" : "International Place",
               "short_name" : "International Pl",
               "types" : [ "route" ]
            },
            {
               "long_name" : "Financial District",
               "short_name" : "Financial District",
               "types" : [ "neighborhood", "political" ]
            },
            {
               "long_name" : "Boston",
               "short_name" : "Boston",
               "types" : [ "locality", "political" ]
            },
            {
               "long_name" : "Suffolk County",
               "short_name" : "Suffolk County",
               "types" : [ "administrative_area_level_2", "political" ]
            },
            {
               "long_name" : "Massachusetts",
               "short_name" : "MA",
               "types" : [ "administrative_area_level_1", "political" ]
            },
            {
               "long_name" : "United States",
               "short_name" : "US",
               "types" : [ "country", "political" ]
            },
            {
               "long_name" : "02110",
               "short_name" : "02110",
               "types" : [ "postal_code" ]
            }
         ],
         "formatted_address" : "1 International Pl, Boston, MA 02110, USA",
         "geometry" : {
            "location" : {
               "lat" : 42.3558151,
               "lng" : -71.05222859999999
            },
            "location_type" : "ROOFTOP",
            "viewport" : {
               "northeast" : {
                  "lat" : 42.3571640802915,
                  "lng" : -71.05087961970848
               },
               "southwest" : {
                  "lat" : 42.3544661197085,
                  "lng" : -71.05357758029149
               }
            }
         },
         "partial_match" : true,
         "place_id" : "ChIJRVfI04Bw44kRufWIATjQ6Sc",
         "types" : [ "street_address" ]
      }
   ],
   "status" : "OK"
}
