{
   "results" : [
      {
         "address_components" : [
            {
               "long_name" : "1100",
               "short_name" : "1100",
               "types" : [ "subpremise" ]
            },
            {
               "long_name" : "901",
               "short_name" : "901",
               "types" : [ "street_number" ]
            },
            {
               "long_name" : "East Cary Street",
               "short_name" : "E Cary St",
               "types" : [ "route" ]
            },
            {
               "long_name" : "Central Office",
               "short_name" : "Central Office",
               "types" : [ "neighborhood", "political" ]
            },
            {
               "long_name" : "Richmond",
               "short_name" : "Richmond",
               "types" : [ "locality", "political" ]
            },
            {
               "long_name" : "Virginia",
               "short_name" : "VA",
               "types" : [ "administrative_area_level_1", "political" ]
            },
            {
               "long_name" : "United States",
               "short_name" : "US",
               "types" : [ "country", "political" ]
            },
            {
               "long_name" : "23219",
               "short_name" : "23219",
               "types" : [ "postal_code" ]
            }
         ],
         "formatted_address" : "901 E Cary St #1100, Richmond, VA 23219, USA",
         "geometry" : {
            "location" : {
               "lat" : 37.536627,
               "lng" : -77.4372748
            },
            "location_type" : "ROOFTOP",
            "viewport" : {
               "northeast" : {
                  "lat" : 37.53797598029149,
                  "lng" : -77.43592581970849
               },
               "southwest" : {
                  "lat" : 37.5352780197085,
                  "lng" : -77.43862378029151
               }
            }
         },
         "partial_match" : true,
         "place_id" : "Eiw5MDEgRSBDYXJ5IFN0ICMxMTAwLCBSaWNobW9uZCwgVkEgMjMyMTksIFVTQQ",
         "types" : [ "subpremise" ]
      }
   ],
   "status" : "OK"
}
