{
   "results" : [
      {
         "address_components" : [
            {
               "long_name" : "201",
               "short_name" : "201",
               "types" : [ "subpremise" ]
            },
            {
               "long_name" : "",
               "short_name" : "",
               "types" : [ "premise" ]
            },
            {
               "long_name" : "1",
               "short_name" : "1",
               "types" : [ "street_number" ]
            },
            {
               "long_name" : "Jericho Plaza",
               "short_name" : "Jericho Plaza",
               "types" : [ "route" ]
            },
            {
               "long_name" : "Jericho",
               "short_name" : "Jericho",
               "types" : [ "locality", "political" ]
            },
            {
               "long_name" : "Oyster Bay",
               "short_name" : "Oyster Bay",
               "types" : [ "administrative_area_level_3", "political" ]
            },
            {
               "long_name" : "Nassau County",
               "short_name" : "Nassau County",
               "types" : [ "administrative_area_level_2", "political" ]
            },
            {
               "long_name" : "New York",
               "short_name" : "NY",
               "types" : [ "administrative_area_level_1", "political" ]
            },
            {
               "long_name" : "United States",
               "short_name" : "US",
               "types" : [ "country", "political" ]
            },
            {
               "long_name" : "11753",
               "short_name" : "11753",
               "types" : [ "postal_code" ]
            },
            {
               "long_name" : "1635",
               "short_name" : "1635",
               "types" : [ "postal_code_suffix" ]
            }
         ],
         "formatted_address" : "1 Jericho Plaza #201, Jericho, NY 11753, USA",
         "geometry" : {
            "location" : {
               "lat" : 40.7861279,
               "lng" : -73.54628129999999
            },
            "location_type" : "ROOFTOP",
            "viewport" : {
               "northeast" : {
                  "lat" : 40.7874768802915,
                  "lng" : -73.54493231970848
               },
               "southwest" : {
                  "lat" : 40.7847789197085,
                  "lng" : -73.5476302802915
               }
            }
         },
         "place_id" : "EiwxIEplcmljaG8gUGxhemEgIzIwMSwgSmVyaWNobywgTlkgMTE3NTMsIFVTQQ",
         "types" : [ "subpremise" ]
      }
   ],
   "status" : "OK"
}
