{
   "results" : [
      {
         "address_components" : [
            {
               "long_name" : "1",
               "short_name" : "1",
               "types" : [ "street_number" ]
            },
            {
               "long_name" : "John Deere Place",
               "short_name" : "John Deere Pl",
               "types" : [ "route" ]
            },
            {
               "long_name" : "Moline",
               "short_name" : "Moline",
               "types" : [ "locality", "political" ]
            },
            {
               "long_name" : "Hampton Township",
               "short_name" : "Hampton Township",
               "types" : [ "administrative_area_level_3", "political" ]
            },
            {
               "long_name" : "Rock Island County",
               "short_name" : "Rock Island County",
               "types" : [ "administrative_area_level_2", "political" ]
            },
            {
               "long_name" : "Illinois",
               "short_name" : "IL",
               "types" : [ "administrative_area_level_1", "political" ]
            },
            {
               "long_name" : "United States",
               "short_name" : "US",
               "types" : [ "country", "political" ]
            },
            {
               "long_name" : "61265",
               "short_name" : "61265",
               "types" : [ "postal_code" ]
            },
            {
               "long_name" : "8010",
               "short_name" : "8010",
               "types" : [ "postal_code_suffix" ]
            }
         ],
         "formatted_address" : "1 John Deere Pl, Moline, IL 61265, USA",
         "geometry" : {
            "location" : {
               "lat" : 41.47683139999999,
               "lng" : -90.4243728
            },
            "location_type" : "ROOFTOP",
            "viewport" : {
               "northeast" : {
                  "lat" : 41.47818038029149,
                  "lng" : -90.4230238197085
               },
               "southwest" : {
                  "lat" : 41.4754824197085,
                  "lng" : -90.42572178029151
               }
            }
         },
         "partial_match" : true,
         "place_id" : "ChIJNYzapFg64ocRWtiSMLxvWIE",
         "types" : [ "street_address" ]
      }
   ],
   "status" : "OK"
}
