{
   "results" : [
      {
         "address_components" : [
            {
               "long_name" : "1555",
               "short_name" : "1555",
               "types" : [ "street_number" ]
            },
            {
               "long_name" : "Boulevard Renaud",
               "short_name" : "Boulevard Renaud",
               "types" : [ "route" ]
            },
            {
               "long_name" : "Chicoutimi",
               "short_name" : "Chicoutimi",
               "types" : [ "sublocality_level_1", "sublocality", "political" ]
            },
            {
               "long_name" : "Saguenay",
               "short_name" : "Saguenay",
               "types" : [ "locality", "political" ]
            },
            {
               "long_name" : "Le Fjord-du-Saguenay",
               "short_name" : "Le Fjord-du-Saguenay",
               "types" : [ "administrative_area_level_2", "political" ]
            },
            {
               "long_name" : "Québec",
               "short_name" : "QC",
               "types" : [ "administrative_area_level_1", "political" ]
            },
            {
               "long_name" : "Canada",
               "short_name" : "CA",
               "types" : [ "country", "political" ]
            },
            {
               "long_name" : "G7H 5A7",
               "short_name" : "G7H 5A7",
               "types" : [ "postal_code" ]
            }
         ],
         "formatted_address" : "1555 Boulevard Renaud, Chicoutimi, QC G7H 5A7, Canada",
         "geometry" : {
            "bounds" : {
               "northeast" : {
                  "lat" : 48.4362436,
                  "lng" : -71.01933409999999
               },
               "southwest" : {
                  "lat" : 48.4362408,
                  "lng" : -71.0193525
               }
            },
            "location" : {
               "lat" : 48.4362436,
               "lng" : -71.0193525
            },
            "location_type" : "RANGE_INTERPOLATED",
            "viewport" : {
               "northeast" : {
                  "lat" : 48.4375911802915,
                  "lng" : -71.01799431970849
               },
               "southwest" : {
                  "lat" : 48.4348932197085,
                  "lng" : -71.02069228029151
               }
            }
         },
         "place_id" : "EjUxNTU1IEJvdWxldmFyZCBSZW5hdWQsIENoaWNvdXRpbWksIFFDIEc3SCA1QTcsIENhbmFkYQ",
         "types" : [ "street_address" ]
      }
   ],
   "status" : "OK"
}
