{
   "results" : [
      {
         "address_components" : [
            {
               "long_name" : "1",
               "short_name" : "1",
               "types" : [ "street_number" ]
            },
            {
               "long_name" : "Knightsbridge",
               "short_name" : "Knightsbridge",
               "types" : [ "route" ]
            },
            {
               "long_name" : "Knightsbridge",
               "short_name" : "Knightsbridge",
               "types" : [ "neighborhood", "political" ]
            },
            {
               "long_name" : "London",
               "short_name" : "London",
               "types" : [ "locality", "political" ]
            },
            {
               "long_name" : "London",
               "short_name" : "London",
               "types" : [ "postal_town" ]
            },
            {
               "long_name" : "Greater London",
               "short_name" : "Greater London",
               "types" : [ "administrative_area_level_2", "political" ]
            },
            {
               "long_name" : "United Kingdom",
               "short_name" : "GB",
               "types" : [ "country", "political" ]
            },
            {
               "long_name" : "SW1X",
               "short_name" : "SW1X",
               "types" : [ "postal_code_prefix", "postal_code" ]
            }
         ],
         "formatted_address" : "1 Knightsbridge, Knightsbridge, London SW1X, UK",
         "geometry" : {
            "bounds" : {
               "northeast" : {
                  "lat" : 51.502766,
                  "lng" : -0.1535908
               },
               "southwest" : {
                  "lat" : 51.502755,
                  "lng" : -0.1535973
               }
            },
            "location" : {
               "lat" : 51.502766,
               "lng" : -0.1535973
            },
            "location_type" : "RANGE_INTERPOLATED",
            "viewport" : {
               "northeast" : {
                  "lat" : 51.5041094802915,
                  "lng" : -0.152245069708498
               },
               "southwest" : {
                  "lat" : 51.5014115197085,
                  "lng" : -0.154943030291502
               }
            }
         },
         "partial_match" : true,
         "place_id" : "Ei8xIEtuaWdodHNicmlkZ2UsIEtuaWdodHNicmlkZ2UsIExvbmRvbiBTVzFYLCBVSw",
         "types" : [ "street_address" ]
      }
   ],
   "status" : "OK"
}
