{
   "results" : [
      {
         "address_components" : [
            {
               "long_name" : "1",
               "short_name" : "1",
               "types" : [ "street_number" ]
            },
            {
               "long_name" : "Landmark Square",
               "short_name" : "Landmark Square",
               "types" : [ "route" ]
            },
            {
               "long_name" : "Downtown",
               "short_name" : "Downtown",
               "types" : [ "neighborhood", "political" ]
            },
            {
               "long_name" : "Stamford",
               "short_name" : "Stamford",
               "types" : [ "locality", "political" ]
            },
            {
               "long_name" : "Fairfield County",
               "short_name" : "Fairfield County",
               "types" : [ "administrative_area_level_2", "political" ]
            },
            {
               "long_name" : "Connecticut",
               "short_name" : "CT",
               "types" : [ "administrative_area_level_1", "political" ]
            },
            {
               "long_name" : "United States",
               "short_name" : "US",
               "types" : [ "country", "political" ]
            },
            {
               "long_name" : "06901",
               "short_name" : "06901",
               "types" : [ "postal_code" ]
            }
         ],
         "formatted_address" : "1 Landmark Square, Stamford, CT 06901, USA",
         "geometry" : {
            "location" : {
               "lat" : 41.0546866,
               "lng" : -73.5380378
            },
            "location_type" : "ROOFTOP",
            "viewport" : {
               "northeast" : {
                  "lat" : 41.05603558029149,
                  "lng" : -73.53668881970849
               },
               "southwest" : {
                  "lat" : 41.05333761970849,
                  "lng" : -73.53938678029151
               }
            }
         },
         "partial_match" : true,
         "place_id" : "ChIJBbeh2eehwokRK6vU5NMLHYk",
         "types" : [ "street_address" ]
      }
   ],
   "status" : "OK"
}
