{
   "results" : [
      {
         "address_components" : [
            {
               "long_name" : "19103",
               "short_name" : "19103",
               "types" : [ "postal_code" ]
            },
            {
               "long_name" : "Philadelphia",
               "short_name" : "Philadelphia",
               "types" : [ "locality", "political" ]
            },
            {
               "long_name" : "Philadelphia County",
               "short_name" : "Philadelphia County",
               "types" : [ "administrative_area_level_2", "political" ]
            },
            {
               "long_name" : "Pennsylvania",
               "short_name" : "PA",
               "types" : [ "administrative_area_level_1", "political" ]
            },
            {
               "long_name" : "United States",
               "short_name" : "US",
               "types" : [ "country", "political" ]
            }
         ],
         "formatted_address" : "Philadelphia, PA 19103, USA",
         "geometry" : {
            "bounds" : {
               "northeast" : {
                  "lat" : 40.030941,
                  "lng" : -75.1590329
               },
               "southwest" : {
                  "lat" : 39.945591,
                  "lng" : -75.18844299999999
               }
            },
            "location" : {
               "lat" : 39.9531865,
               "lng" : -75.1749671
            },
            "location_type" : "APPROXIMATE",
            "viewport" : {
               "northeast" : {
                  "lat" : 39.9607949,
                  "lng" : -75.166365
               },
               "southwest" : {
                  "lat" : 39.945591,
                  "lng" : -75.18844299999999
               }
            }
         },
         "partial_match" : true,
         "place_id" : "ChIJ4ZlCTuzHxokRVh49xp6JdF8",
         "types" : [ "postal_code" ]
      }
   ],
   "status" : "OK"
}
