{
   "results" : [
      {
         "address_components" : [
            {
               "long_name" : "1200",
               "short_name" : "1200",
               "types" : [ "subpremise" ]
            },
            {
               "long_name" : "1650",
               "short_name" : "1650",
               "types" : [ "street_number" ]
            },
            {
               "long_name" : "Market Street",
               "short_name" : "Market St",
               "types" : [ "route" ]
            },
            {
               "long_name" : "Center City",
               "short_name" : "Center City",
               "types" : [ "neighborhood", "political" ]
            },
            {
               "long_name" : "Philadelphia",
               "short_name" : "Philadelphia",
               "types" : [ "locality", "political" ]
            },
            {
               "long_name" : "Philadelphia County",
               "short_name" : "Philadelphia County",
               "types" : [ "administrative_area_level_2", "political" ]
            },
            {
               "long_name" : "Pennsylvania",
               "short_name" : "PA",
               "types" : [ "administrative_area_level_1", "political" ]
            },
            {
               "long_name" : "United States",
               "short_name" : "US",
               "types" : [ "country", "political" ]
            },
            {
               "long_name" : "19103",
               "short_name" : "19103",
               "types" : [ "postal_code" ]
            }
         ],
         "formatted_address" : "1650 Market St #1200, Philadelphia, PA 19103, USA",
         "geometry" : {
            "location" : {
               "lat" : 39.9526254,
               "lng" : -75.1682161
            },
            "location_type" : "ROOFTOP",
            "viewport" : {
               "northeast" : {
                  "lat" : 39.9539743802915,
                  "lng" : -75.1668671197085
               },
               "southwest" : {
                  "lat" : 39.9512764197085,
                  "lng" : -75.16956508029151
               }
            }
         },
         "partial_match" : true,
         "place_id" : "EjExNjUwIE1hcmtldCBTdCAjMTIwMCwgUGhpbGFkZWxwaGlhLCBQQSAxOTEwMywgVVNB",
         "types" : [ "subpremise" ]
      }
   ],
   "status" : "OK"
}
