{
   "results" : [
      {
         "address_components" : [
            {
               "long_name" : "1",
               "short_name" : "1",
               "types" : [ "street_number" ]
            },
            {
               "long_name" : "Liberty Place",
               "short_name" : "Liberty Pl",
               "types" : [ "route" ]
            },
            {
               "long_name" : "Weehawken",
               "short_name" : "Weehawken",
               "types" : [ "locality", "political" ]
            },
            {
               "long_name" : "Hudson County",
               "short_name" : "Hudson County",
               "types" : [ "administrative_area_level_2", "political" ]
            },
            {
               "long_name" : "New Jersey",
               "short_name" : "NJ",
               "types" : [ "administrative_area_level_1", "political" ]
            },
            {
               "long_name" : "United States",
               "short_name" : "US",
               "types" : [ "country", "political" ]
            },
            {
               "long_name" : "07086",
               "short_name" : "07086",
               "types" : [ "postal_code" ]
            }
         ],
         "formatted_address" : "1 Liberty Pl, Weehawken, NJ 07086, USA",
         "geometry" : {
            "bounds" : {
               "northeast" : {
                  "lat" : 40.7731467,
                  "lng" : -74.0156994
               },
               "southwest" : {
                  "lat" : 40.7731345,
                  "lng" : -74.0157091
               }
            },
            "location" : {
               "lat" : 40.7731345,
               "lng" : -74.0157091
            },
            "location_type" : "RANGE_INTERPOLATED",
            "viewport" : {
               "northeast" : {
                  "lat" : 40.77448958029149,
                  "lng" : -74.0143552697085
               },
               "southwest" : {
                  "lat" : 40.77179161970849,
                  "lng" : -74.01705323029151
               }
            }
         },
         "partial_match" : true,
         "place_id" : "EiYxIExpYmVydHkgUGwsIFdlZWhhd2tlbiwgTkogMDcwODYsIFVTQQ",
         "types" : [ "street_address" ]
      },
      {
         "address_components" : [
            {
               "long_name" : "165",
               "short_name" : "165",
               "types" : [ "street_number" ]
            },
            {
               "long_name" : "Liberty Avenue",
               "short_name" : "Liberty Ave",
               "types" : [ "route" ]
            },
            {
               "long_name" : "Brownsville",
               "short_name" : "Brownsville",
               "types" : [ "neighborhood", "political" ]
            },
            {
               "long_name" : "Brooklyn",
               "short_name" : "Brooklyn",
               "types" : [ "sublocality_level_1", "sublocality", "political" ]
            },
            {
               "long_name" : "Kings County",
               "short_name" : "Kings County",
               "types" : [ "administrative_area_level_2", "political" ]
            },
            {
               "long_name" : "New York",
               "short_name" : "NY",
               "types" : [ "administrative_area_level_1", "political" ]
            },
            {
               "long_name" : "United States",
               "short_name" : "US",
               "types" : [ "country", "political" ]
            },
            {
               "long_name" : "11212",
               "short_name" : "11212",
               "types" : [ "postal_code" ]
            },
            {
               "long_name" : "8010",
               "short_name" : "8010",
               "types" : [ "postal_code_suffix" ]
            }
         ],
         "formatted_address" : "165 Liberty Ave, Brooklyn, NY 11212, USA",
         "geometry" : {
            "bounds" : {
               "northeast" : {
                  "lat" : 40.6732865,
                  "lng" : -73.9041191
               },
               "southwest" : {
                  "lat" : 40.6732725,
                  "lng" : -73.9041225
               }
            },
            "location" : {
               "lat" : 40.6732865,
               "lng" : -73.9041225
            },
            "location_type" : "RANGE_INTERPOLATED",
            "viewport" : {
               "northeast" : {
                  "lat" : 40.67462848029149,
                  "lng" : -73.90277181970849
               },
               "southwest" : {
                  "lat" : 40.6719305197085,
                  "lng" : -73.9054697802915
               }
            }
         },
         "partial_match" : true,
         "place_id" : "EigxNjUgTGliZXJ0eSBBdmUsIEJyb29rbHluLCBOWSAxMTIxMiwgVVNB",
         "types" : [ "street_address" ]
      }
   ],
   "status" : "OK"
}
