{
   "results" : [
      {
         "address_components" : [
            {
               "long_name" : "1",
               "short_name" : "1",
               "types" : [ "street_number" ]
            },
            {
               "long_name" : "Liberty Square",
               "short_name" : "Liberty Square",
               "types" : [ "route" ]
            },
            {
               "long_name" : "Financial District",
               "short_name" : "Financial District",
               "types" : [ "neighborhood", "political" ]
            },
            {
               "long_name" : "Boston",
               "short_name" : "Boston",
               "types" : [ "locality", "political" ]
            },
            {
               "long_name" : "Suffolk County",
               "short_name" : "Suffolk County",
               "types" : [ "administrative_area_level_2", "political" ]
            },
            {
               "long_name" : "Massachusetts",
               "short_name" : "MA",
               "types" : [ "administrative_area_level_1", "political" ]
            },
            {
               "long_name" : "United States",
               "short_name" : "US",
               "types" : [ "country", "political" ]
            },
            {
               "long_name" : "02109",
               "short_name" : "02109",
               "types" : [ "postal_code" ]
            }
         ],
         "formatted_address" : "1 Liberty Square, Boston, MA 02109, USA",
         "geometry" : {
            "bounds" : {
               "northeast" : {
                  "lat" : 42.35784580000001,
                  "lng" : -71.05456839999999
               },
               "southwest" : {
                  "lat" : 42.3574293,
                  "lng" : -71.0552055
               }
            },
            "location" : {
               "lat" : 42.35771680000001,
               "lng" : -71.05483749999999
            },
            "location_type" : "ROOFTOP",
            "viewport" : {
               "northeast" : {
                  "lat" : 42.3589865302915,
                  "lng" : -71.05353796970849
               },
               "southwest" : {
                  "lat" : 42.35628856970851,
                  "lng" : -71.05623593029149
               }
            }
         },
         "partial_match" : true,
         "place_id" : "ChIJZW1CvYZw44kR2kDbe9miFWo",
         "types" : [ "premise" ]
      },
      {
         "address_components" : [
            {
               "long_name" : "1",
               "short_name" : "1",
               "types" : [ "street_number" ]
            },
            {
               "long_name" : "Liberty Place",
               "short_name" : "Liberty Pl",
               "types" : [ "route" ]
            },
            {
               "long_name" : "Columbus Park / Andrew Square",
               "short_name" : "Columbus Park / Andrew Square",
               "types" : [ "neighborhood", "political" ]
            },
            {
               "long_name" : "Boston",
               "short_name" : "Boston",
               "types" : [ "locality", "political" ]
            },
            {
               "long_name" : "Suffolk County",
               "short_name" : "Suffolk County",
               "types" : [ "administrative_area_level_2", "political" ]
            },
            {
               "long_name" : "Massachusetts",
               "short_name" : "MA",
               "types" : [ "administrative_area_level_1", "political" ]
            },
            {
               "long_name" : "United States",
               "short_name" : "US",
               "types" : [ "country", "political" ]
            },
            {
               "long_name" : "02127",
               "short_name" : "02127",
               "types" : [ "postal_code" ]
            },
            {
               "long_name" : "3516",
               "short_name" : "3516",
               "types" : [ "postal_code_suffix" ]
            }
         ],
         "formatted_address" : "1 Liberty Pl, Boston, MA 02127, USA",
         "geometry" : {
            "bounds" : {
               "northeast" : {
                  "lat" : 42.329247,
                  "lng" : -71.0534897
               },
               "southwest" : {
                  "lat" : 42.3292463,
                  "lng" : -71.05350849999999
               }
            },
            "location" : {
               "lat" : 42.3292463,
               "lng" : -71.05350849999999
            },
            "location_type" : "RANGE_INTERPOLATED",
            "viewport" : {
               "northeast" : {
                  "lat" : 42.33059563029149,
                  "lng" : -71.0521501197085
               },
               "southwest" : {
                  "lat" : 42.3278976697085,
                  "lng" : -71.05484808029151
               }
            }
         },
         "partial_match" : true,
         "place_id" : "EiMxIExpYmVydHkgUGwsIEJvc3RvbiwgTUEgMDIxMjcsIFVTQQ",
         "types" : [ "street_address" ]
      },
      {
         "address_components" : [
            {
               "long_name" : "Liberty Square",
               "short_name" : "Liberty Square",
               "types" : [ "point_of_interest", "establishment" ]
            },
            {
               "long_name" : "Financial District",
               "short_name" : "Financial District",
               "types" : [ "neighborhood", "political" ]
            },
            {
               "long_name" : "Boston",
               "short_name" : "Boston",
               "types" : [ "locality", "political" ]
            },
            {
               "long_name" : "Suffolk County",
               "short_name" : "Suffolk County",
               "types" : [ "administrative_area_level_2", "political" ]
            },
            {
               "long_name" : "Massachusetts",
               "short_name" : "MA",
               "types" : [ "administrative_area_level_1", "political" ]
            },
            {
               "long_name" : "United States",
               "short_name" : "US",
               "types" : [ "country", "political" ]
            },
            {
               "long_name" : "02109",
               "short_name" : "02109",
               "types" : [ "postal_code" ]
            }
         ],
         "formatted_address" : "Liberty Square, Boston, MA 02109, USA",
         "geometry" : {
            "location" : {
               "lat" : 42.3580122,
               "lng" : -71.0546954
            },
            "location_type" : "APPROXIMATE",
            "viewport" : {
               "northeast" : {
                  "lat" : 42.35936118029149,
                  "lng" : -71.05334641970849
               },
               "southwest" : {
                  "lat" : 42.35666321970849,
                  "lng" : -71.05604438029151
               }
            }
         },
         "partial_match" : true,
         "place_id" : "ChIJH6orkYZw44kRmXt18IBFWyo",
         "types" : [ "park", "point_of_interest", "establishment" ]
      },
      {
         "address_components" : [
            {
               "long_name" : "10",
               "short_name" : "10",
               "types" : [ "street_number" ]
            },
            {
               "long_name" : "Liberty Square",
               "short_name" : "Liberty Square",
               "types" : [ "route" ]
            },
            {
               "long_name" : "Financial District",
               "short_name" : "Financial District",
               "types" : [ "neighborhood", "political" ]
            },
            {
               "long_name" : "Boston",
               "short_name" : "Boston",
               "types" : [ "locality", "political" ]
            },
            {
               "long_name" : "Suffolk County",
               "short_name" : "Suffolk County",
               "types" : [ "administrative_area_level_2", "political" ]
            },
            {
               "long_name" : "Massachusetts",
               "short_name" : "MA",
               "types" : [ "administrative_area_level_1", "political" ]
            },
            {
               "long_name" : "United States",
               "short_name" : "US",
               "types" : [ "country", "political" ]
            },
            {
               "long_name" : "02109",
               "short_name" : "02109",
               "types" : [ "postal_code" ]
            }
         ],
         "formatted_address" : "10 Liberty Square, Boston, MA 02109, USA",
         "geometry" : {
            "bounds" : {
               "northeast" : {
                  "lat" : 42.3579144,
                  "lng" : -71.0554801
               },
               "southwest" : {
                  "lat" : 42.3577667,
                  "lng" : -71.05576119999999
               }
            },
            "location" : {
               "lat" : 42.3578292,
               "lng" : -71.0556035
            },
            "location_type" : "ROOFTOP",
            "viewport" : {
               "northeast" : {
                  "lat" : 42.35918953029149,
                  "lng" : -71.0542716697085
               },
               "southwest" : {
                  "lat" : 42.3564915697085,
                  "lng" : -71.0569696302915
               }
            }
         },
         "partial_match" : true,
         "place_id" : "ChIJRTGtH4Rw44kRJRGPJAKFT-w",
         "types" : [ "premise" ]
      }
   ],
   "status" : "OK"
}
