{
   "results" : [
      {
         "address_components" : [
            {
               "long_name" : "1",
               "short_name" : "1",
               "types" : [ "street_number" ]
            },
            {
               "long_name" : "Madison Avenue",
               "short_name" : "Madison Ave",
               "types" : [ "route" ]
            },
            {
               "long_name" : "Midtown",
               "short_name" : "Midtown",
               "types" : [ "neighborhood", "political" ]
            },
            {
               "long_name" : "Manhattan",
               "short_name" : "Manhattan",
               "types" : [ "sublocality_level_1", "sublocality", "political" ]
            },
            {
               "long_name" : "New York",
               "short_name" : "New York",
               "types" : [ "locality", "political" ]
            },
            {
               "long_name" : "New York County",
               "short_name" : "New York County",
               "types" : [ "administrative_area_level_2", "political" ]
            },
            {
               "long_name" : "New York",
               "short_name" : "NY",
               "types" : [ "administrative_area_level_1", "political" ]
            },
            {
               "long_name" : "United States",
               "short_name" : "US",
               "types" : [ "country", "political" ]
            },
            {
               "long_name" : "10010",
               "short_name" : "10010",
               "types" : [ "postal_code" ]
            }
         ],
         "formatted_address" : "1 Madison Ave, New York, NY 10010, USA",
         "geometry" : {
            "location" : {
               "lat" : 40.7411107,
               "lng" : -73.987448
            },
            "location_type" : "ROOFTOP",
            "viewport" : {
               "northeast" : {
                  "lat" : 40.7424596802915,
                  "lng" : -73.98609901970849
               },
               "southwest" : {
                  "lat" : 40.7397617197085,
                  "lng" : -73.98879698029151
               }
            }
         },
         "partial_match" : true,
         "place_id" : "ChIJy_XdyaZZwokRMhrV_DbN4uI",
         "types" : [ "street_address" ]
      }
   ],
   "status" : "OK"
}
