{
   "results" : [
      {
         "address_components" : [
            {
               "long_name" : "1",
               "short_name" : "1",
               "types" : [ "street_number" ]
            },
            {
               "long_name" : "Main Street",
               "short_name" : "Main St",
               "types" : [ "route" ]
            },
            {
               "long_name" : "Evansville",
               "short_name" : "Evansville",
               "types" : [ "locality", "political" ]
            },
            {
               "long_name" : "Pigeon Township",
               "short_name" : "Pigeon Township",
               "types" : [ "administrative_area_level_3", "political" ]
            },
            {
               "long_name" : "Vanderburgh County",
               "short_name" : "Vanderburgh County",
               "types" : [ "administrative_area_level_2", "political" ]
            },
            {
               "long_name" : "Indiana",
               "short_name" : "IN",
               "types" : [ "administrative_area_level_1", "political" ]
            },
            {
               "long_name" : "United States",
               "short_name" : "US",
               "types" : [ "country", "political" ]
            },
            {
               "long_name" : "47708",
               "short_name" : "47708",
               "types" : [ "postal_code" ]
            },
            {
               "long_name" : "1450",
               "short_name" : "1450",
               "types" : [ "postal_code_suffix" ]
            }
         ],
         "formatted_address" : "1 Main St, Evansville, IN 47708, USA",
         "geometry" : {
            "location" : {
               "lat" : 37.969186,
               "lng" : -87.5744581
            },
            "location_type" : "ROOFTOP",
            "viewport" : {
               "northeast" : {
                  "lat" : 37.9705349802915,
                  "lng" : -87.57310911970849
               },
               "southwest" : {
                  "lat" : 37.9678370197085,
                  "lng" : -87.57580708029151
               }
            }
         },
         "partial_match" : true,
         "place_id" : "ChIJx9wySiHVcYgRNmTYdnd7HK0",
         "types" : [ "street_address" ]
      }
   ],
   "status" : "OK"
}
