{
   "results" : [
      {
         "address_components" : [
            {
               "long_name" : "1",
               "short_name" : "1",
               "types" : [ "street_number" ]
            },
            {
               "long_name" : "Main Street North",
               "short_name" : "Main St N",
               "types" : [ "route" ]
            },
            {
               "long_name" : "Minot",
               "short_name" : "Minot",
               "types" : [ "locality", "political" ]
            },
            {
               "long_name" : "Ward County",
               "short_name" : "Ward County",
               "types" : [ "administrative_area_level_2", "political" ]
            },
            {
               "long_name" : "North Dakota",
               "short_name" : "ND",
               "types" : [ "administrative_area_level_1", "political" ]
            },
            {
               "long_name" : "United States",
               "short_name" : "US",
               "types" : [ "country", "political" ]
            },
            {
               "long_name" : "58703",
               "short_name" : "58703",
               "types" : [ "postal_code" ]
            }
         ],
         "formatted_address" : "1 Main St N, Minot, ND 58703, USA",
         "geometry" : {
            "bounds" : {
               "northeast" : {
                  "lat" : 48.2366451,
                  "lng" : -101.2932227
               },
               "southwest" : {
                  "lat" : 48.23650980000001,
                  "lng" : -101.293791
               }
            },
            "location" : {
               "lat" : 48.2365775,
               "lng" : -101.2935068
            },
            "location_type" : "ROOFTOP",
            "viewport" : {
               "northeast" : {
                  "lat" : 48.23792643029151,
                  "lng" : -101.2921578697085
               },
               "southwest" : {
                  "lat" : 48.23522846970851,
                  "lng" : -101.2948558302915
               }
            }
         },
         "partial_match" : true,
         "place_id" : "ChIJJXXeehkq31IRQkY8ndOjSH4",
         "types" : [ "premise" ]
      }
   ],
   "status" : "OK"
}
