{
   "results" : [
      {
         "address_components" : [
            {
               "long_name" : "156",
               "short_name" : "156",
               "types" : [ "street_number" ]
            },
            {
               "long_name" : "Duncan Mill Road",
               "short_name" : "Duncan Mill Rd",
               "types" : [ "route" ]
            },
            {
               "long_name" : "North York",
               "short_name" : "North York",
               "types" : [ "sublocality_level_1", "sublocality", "political" ]
            },
            {
               "long_name" : "Toronto",
               "short_name" : "Toronto",
               "types" : [ "locality", "political" ]
            },
            {
               "long_name" : "Toronto Division",
               "short_name" : "Toronto Division",
               "types" : [ "administrative_area_level_2", "political" ]
            },
            {
               "long_name" : "Ontario",
               "short_name" : "ON",
               "types" : [ "administrative_area_level_1", "political" ]
            },
            {
               "long_name" : "Canada",
               "short_name" : "CA",
               "types" : [ "country", "political" ]
            },
            {
               "long_name" : "M3B 3N2",
               "short_name" : "M3B 3N2",
               "types" : [ "postal_code" ]
            }
         ],
         "formatted_address" : "156 Duncan Mill Rd, North York, ON M3B 3N2, Canada",
         "geometry" : {
            "location" : {
               "lat" : 43.7628229,
               "lng" : -79.3575311
            },
            "location_type" : "ROOFTOP",
            "viewport" : {
               "northeast" : {
                  "lat" : 43.76417188029149,
                  "lng" : -79.35618211970851
               },
               "southwest" : {
                  "lat" : 43.76147391970849,
                  "lng" : -79.35888008029151
               }
            }
         },
         "partial_match" : true,
         "place_id" : "ChIJnc1j1JfS1IkR9qNZvOi_x4o",
         "types" : [ "street_address" ]
      }
   ],
   "status" : "OK"
}
