{
   "results" : [
      {
         "address_components" : [
            {
               "long_name" : "202",
               "short_name" : "202",
               "types" : [ "subpremise" ]
            },
            {
               "long_name" : "",
               "short_name" : "",
               "types" : [ "premise" ]
            },
            {
               "long_name" : "1",
               "short_name" : "1",
               "types" : [ "street_number" ]
            },
            {
               "long_name" : "Main Street",
               "short_name" : "Main St",
               "types" : [ "route" ]
            },
            {
               "long_name" : "Chatham Township",
               "short_name" : "Chatham Township",
               "types" : [ "locality", "political" ]
            },
            {
               "long_name" : "Morris County",
               "short_name" : "Morris County",
               "types" : [ "administrative_area_level_2", "political" ]
            },
            {
               "long_name" : "New Jersey",
               "short_name" : "NJ",
               "types" : [ "administrative_area_level_1", "political" ]
            },
            {
               "long_name" : "United States",
               "short_name" : "US",
               "types" : [ "country", "political" ]
            },
            {
               "long_name" : "07928",
               "short_name" : "07928",
               "types" : [ "postal_code" ]
            },
            {
               "long_name" : "2426",
               "short_name" : "2426",
               "types" : [ "postal_code_suffix" ]
            }
         ],
         "formatted_address" : "1 Main St #202, Chatham Township, NJ 07928, USA",
         "geometry" : {
            "location" : {
               "lat" : 40.7387546,
               "lng" : -74.37245179999999
            },
            "location_type" : "ROOFTOP",
            "viewport" : {
               "northeast" : {
                  "lat" : 40.7401035802915,
                  "lng" : -74.3711028197085
               },
               "southwest" : {
                  "lat" : 40.7374056197085,
                  "lng" : -74.3738007802915
               }
            }
         },
         "place_id" : "Ei8xIE1haW4gU3QgIzIwMiwgQ2hhdGhhbSBUb3duc2hpcCwgTkogMDc5MjgsIFVTQQ",
         "types" : [ "subpremise" ]
      }
   ],
   "status" : "OK"
}
