{
   "results" : [
      {
         "address_components" : [
            {
               "long_name" : "800",
               "short_name" : "800",
               "types" : [ "subpremise" ]
            },
            {
               "long_name" : "1",
               "short_name" : "1",
               "types" : [ "street_number" ]
            },
            {
               "long_name" : "Maritime Plaza",
               "short_name" : "Maritime Plaza",
               "types" : [ "route" ]
            },
            {
               "long_name" : "Financial District",
               "short_name" : "Financial District",
               "types" : [ "neighborhood", "political" ]
            },
            {
               "long_name" : "San Francisco",
               "short_name" : "SF",
               "types" : [ "locality", "political" ]
            },
            {
               "long_name" : "San Francisco County",
               "short_name" : "San Francisco County",
               "types" : [ "administrative_area_level_2", "political" ]
            },
            {
               "long_name" : "California",
               "short_name" : "CA",
               "types" : [ "administrative_area_level_1", "political" ]
            },
            {
               "long_name" : "United States",
               "short_name" : "US",
               "types" : [ "country", "political" ]
            },
            {
               "long_name" : "94111",
               "short_name" : "94111",
               "types" : [ "postal_code" ]
            }
         ],
         "formatted_address" : "1 Maritime Plaza #800, San Francisco, CA 94111, USA",
         "geometry" : {
            "location" : {
               "lat" : 37.79562019999999,
               "lng" : -122.3992343
            },
            "location_type" : "ROOFTOP",
            "viewport" : {
               "northeast" : {
                  "lat" : 37.79696918029149,
                  "lng" : -122.3978853197085
               },
               "southwest" : {
                  "lat" : 37.7942712197085,
                  "lng" : -122.4005832802915
               }
            }
         },
         "partial_match" : true,
         "place_id" : "EjMxIE1hcml0aW1lIFBsYXphICM4MDAsIFNhbiBGcmFuY2lzY28sIENBIDk0MTExLCBVU0E",
         "types" : [ "subpremise" ]
      }
   ],
   "status" : "OK"
}
