{
   "results" : [
      {
         "address_components" : [
            {
               "long_name" : "2000",
               "short_name" : "2000",
               "types" : [ "subpremise" ]
            },
            {
               "long_name" : "Steuart Tower",
               "short_name" : "Steuart Tower",
               "types" : [ "premise" ]
            },
            {
               "long_name" : "South Beach",
               "short_name" : "South Beach",
               "types" : [ "neighborhood", "political" ]
            },
            {
               "long_name" : "San Francisco",
               "short_name" : "SF",
               "types" : [ "locality", "political" ]
            },
            {
               "long_name" : "San Francisco County",
               "short_name" : "San Francisco County",
               "types" : [ "administrative_area_level_2", "political" ]
            },
            {
               "long_name" : "California",
               "short_name" : "CA",
               "types" : [ "administrative_area_level_1", "political" ]
            },
            {
               "long_name" : "United States",
               "short_name" : "US",
               "types" : [ "country", "political" ]
            },
            {
               "long_name" : "94105",
               "short_name" : "94105",
               "types" : [ "postal_code" ]
            }
         ],
         "formatted_address" : "Steuart Tower, #2000, San Francisco, CA 94105, USA",
         "geometry" : {
            "location" : {
               "lat" : 37.7937444,
               "lng" : -122.3947812
            },
            "location_type" : "ROOFTOP",
            "viewport" : {
               "northeast" : {
                  "lat" : 37.7950933802915,
                  "lng" : -122.3934322197085
               },
               "southwest" : {
                  "lat" : 37.79239541970851,
                  "lng" : -122.3961301802915
               }
            }
         },
         "partial_match" : true,
         "place_id" : "EjJTdGV1YXJ0IFRvd2VyLCAjMjAwMCwgU2FuIEZyYW5jaXNjbywgQ0EgOTQxMDUsIFVTQQ",
         "types" : [ "subpremise" ]
      }
   ],
   "status" : "OK"
}
