{
   "results" : [
      {
         "address_components" : [
            {
               "long_name" : "1",
               "short_name" : "1",
               "types" : [ "street_number" ]
            },
            {
               "long_name" : "Martin Place",
               "short_name" : "Martin Pl",
               "types" : [ "route" ]
            },
            {
               "long_name" : "Sydney",
               "short_name" : "Sydney",
               "types" : [ "locality", "political" ]
            },
            {
               "long_name" : "New South Wales",
               "short_name" : "NSW",
               "types" : [ "administrative_area_level_1", "political" ]
            },
            {
               "long_name" : "Australia",
               "short_name" : "AU",
               "types" : [ "country", "political" ]
            },
            {
               "long_name" : "2000",
               "short_name" : "2000",
               "types" : [ "postal_code" ]
            }
         ],
         "formatted_address" : "1 Martin Pl, Sydney NSW 2000, Australia",
         "geometry" : {
            "location" : {
               "lat" : -33.8676949,
               "lng" : 151.2077101
            },
            "location_type" : "ROOFTOP",
            "viewport" : {
               "northeast" : {
                  "lat" : -33.8663459197085,
                  "lng" : 151.2090590802915
               },
               "southwest" : {
                  "lat" : -33.86904388029149,
                  "lng" : 151.2063611197085
               }
            }
         },
         "partial_match" : true,
         "place_id" : "ChIJFTbbfkCuEmsRIvnxn7jf6NM",
         "types" : [ "street_address" ]
      }
   ],
   "status" : "OK"
}
