{
   "results" : [
      {
         "address_components" : [
            {
               "long_name" : "Mississippi Drive",
               "short_name" : "Mississippi Dr",
               "types" : [ "route" ]
            },
            {
               "long_name" : "Tupelo",
               "short_name" : "Tupelo",
               "types" : [ "locality", "political" ]
            },
            {
               "long_name" : "Lee County",
               "short_name" : "Lee County",
               "types" : [ "administrative_area_level_2", "political" ]
            },
            {
               "long_name" : "Mississippi",
               "short_name" : "MS",
               "types" : [ "administrative_area_level_1", "political" ]
            },
            {
               "long_name" : "United States",
               "short_name" : "US",
               "types" : [ "country", "political" ]
            },
            {
               "long_name" : "38804",
               "short_name" : "38804",
               "types" : [ "postal_code" ]
            }
         ],
         "formatted_address" : "Mississippi Dr, Tupelo, MS 38804, USA",
         "geometry" : {
            "bounds" : {
               "northeast" : {
                  "lat" : 34.3071256,
                  "lng" : -88.7035461
               },
               "southwest" : {
                  "lat" : 34.3055725,
                  "lng" : -88.70724320000001
               }
            },
            "location" : {
               "lat" : 34.3063361,
               "lng" : -88.7054402
            },
            "location_type" : "GEOMETRIC_CENTER",
            "viewport" : {
               "northeast" : {
                  "lat" : 34.3076980302915,
                  "lng" : -88.7035461
               },
               "southwest" : {
                  "lat" : 34.3050000697085,
                  "lng" : -88.70724320000001
               }
            }
         },
         "partial_match" : true,
         "place_id" : "ChIJxSlAEgxOh4gRWhpMtmPGYpo",
         "types" : [ "route" ]
      }
   ],
   "status" : "OK"
}
