{
   "results" : [
      {
         "address_components" : [
            {
               "long_name" : "1",
               "short_name" : "1",
               "types" : [ "street_number" ]
            },
            {
               "long_name" : "National Life Drive",
               "short_name" : "National Life Dr",
               "types" : [ "route" ]
            },
            {
               "long_name" : "Montpelier",
               "short_name" : "Montpelier",
               "types" : [ "locality", "political" ]
            },
            {
               "long_name" : "Washington County",
               "short_name" : "Washington County",
               "types" : [ "administrative_area_level_2", "political" ]
            },
            {
               "long_name" : "Vermont",
               "short_name" : "VT",
               "types" : [ "administrative_area_level_1", "political" ]
            },
            {
               "long_name" : "United States",
               "short_name" : "US",
               "types" : [ "country", "political" ]
            },
            {
               "long_name" : "05602",
               "short_name" : "05602",
               "types" : [ "postal_code" ]
            }
         ],
         "formatted_address" : "1 National Life Dr, Montpelier, VT 05602, USA",
         "geometry" : {
            "location" : {
               "lat" : 44.2569693,
               "lng" : -72.58374959999999
            },
            "location_type" : "ROOFTOP",
            "viewport" : {
               "northeast" : {
                  "lat" : 44.2583182802915,
                  "lng" : -72.58240061970848
               },
               "southwest" : {
                  "lat" : 44.25562031970851,
                  "lng" : -72.5850985802915
               }
            }
         },
         "partial_match" : true,
         "place_id" : "ChIJ73DxmYqntUwR8CpXQzi1OFE",
         "types" : [ "street_address" ]
      }
   ],
   "status" : "OK"
}
