{
   "results" : [
      {
         "address_components" : [
            {
               "long_name" : "Helicoidal Skyscraper",
               "short_name" : "Helicoidal Skyscraper",
               "types" : [ "premise" ]
            },
            {
               "long_name" : "1",
               "short_name" : "1",
               "types" : [ "street_number" ]
            },
            {
               "long_name" : "FDR Drive",
               "short_name" : "FDR Drive",
               "types" : [ "route" ]
            },
            {
               "long_name" : "Lower Manhattan",
               "short_name" : "Lower Manhattan",
               "types" : [ "neighborhood", "political" ]
            },
            {
               "long_name" : "Manhattan",
               "short_name" : "Manhattan",
               "types" : [ "sublocality_level_1", "sublocality", "political" ]
            },
            {
               "long_name" : "New York",
               "short_name" : "New York",
               "types" : [ "locality", "political" ]
            },
            {
               "long_name" : "New York County",
               "short_name" : "New York County",
               "types" : [ "administrative_area_level_2", "political" ]
            },
            {
               "long_name" : "New York",
               "short_name" : "NY",
               "types" : [ "administrative_area_level_1", "political" ]
            },
            {
               "long_name" : "United States",
               "short_name" : "US",
               "types" : [ "country", "political" ]
            },
            {
               "long_name" : "10004",
               "short_name" : "10004",
               "types" : [ "postal_code" ]
            }
         ],
         "formatted_address" : "Helicoidal Skyscraper, 1 FDR Drive, New York, NY 10004, USA",
         "geometry" : {
            "bounds" : {
               "northeast" : {
                  "lat" : 40.7025052,
                  "lng" : -74.01140989999999
               },
               "southwest" : {
                  "lat" : 40.7016956,
                  "lng" : -74.0126111
               }
            },
            "location" : {
               "lat" : 40.7021004,
               "lng" : -74.0120105
            },
            "location_type" : "ROOFTOP",
            "viewport" : {
               "northeast" : {
                  "lat" : 40.7034493802915,
                  "lng" : -74.01066151970849
               },
               "southwest" : {
                  "lat" : 40.7007514197085,
                  "lng" : -74.0133594802915
               }
            }
         },
         "partial_match" : true,
         "place_id" : "ChIJM_UkgRRawokRl8GRB9VY1sQ",
         "types" : [ "premise" ]
      }
   ],
   "status" : "OK"
}
