{
   "results" : [
      {
         "address_components" : [
            {
               "long_name" : "1105",
               "short_name" : "1105",
               "types" : [ "subpremise" ]
            },
            {
               "long_name" : "",
               "short_name" : "",
               "types" : [ "premise" ]
            },
            {
               "long_name" : "1",
               "short_name" : "1",
               "types" : [ "street_number" ]
            },
            {
               "long_name" : "North Franklin Street",
               "short_name" : "N Franklin St",
               "types" : [ "route" ]
            },
            {
               "long_name" : "Central",
               "short_name" : "Central",
               "types" : [ "neighborhood", "political" ]
            },
            {
               "long_name" : "Chicago",
               "short_name" : "Chicago",
               "types" : [ "locality", "political" ]
            },
            {
               "long_name" : "Cook County",
               "short_name" : "Cook County",
               "types" : [ "administrative_area_level_2", "political" ]
            },
            {
               "long_name" : "Illinois",
               "short_name" : "IL",
               "types" : [ "administrative_area_level_1", "political" ]
            },
            {
               "long_name" : "United States",
               "short_name" : "US",
               "types" : [ "country", "political" ]
            },
            {
               "long_name" : "60606",
               "short_name" : "60606",
               "types" : [ "postal_code" ]
            }
         ],
         "formatted_address" : "1 N Franklin St #1105, Chicago, IL 60606, USA",
         "geometry" : {
            "location" : {
               "lat" : 41.8823042,
               "lng" : -87.63496119999999
            },
            "location_type" : "ROOFTOP",
            "viewport" : {
               "northeast" : {
                  "lat" : 41.8836531802915,
                  "lng" : -87.63361221970848
               },
               "southwest" : {
                  "lat" : 41.8809552197085,
                  "lng" : -87.63631018029149
               }
            }
         },
         "partial_match" : true,
         "place_id" : "Ei0xIE4gRnJhbmtsaW4gU3QgIzExMDUsIENoaWNhZ28sIElMIDYwNjA2LCBVU0E",
         "types" : [ "subpremise" ]
      }
   ],
   "status" : "OK"
}
