{
   "results" : [
      {
         "address_components" : [
            {
               "long_name" : "2001",
               "short_name" : "2001",
               "types" : [ "subpremise" ]
            },
            {
               "long_name" : "",
               "short_name" : "",
               "types" : [ "premise" ]
            },
            {
               "long_name" : "1",
               "short_name" : "1",
               "types" : [ "street_number" ]
            },
            {
               "long_name" : "North LaSalle Street",
               "short_name" : "N LaSalle St",
               "types" : [ "route" ]
            },
            {
               "long_name" : "Central",
               "short_name" : "Central",
               "types" : [ "neighborhood", "political" ]
            },
            {
               "long_name" : "Chicago",
               "short_name" : "Chicago",
               "types" : [ "locality", "political" ]
            },
            {
               "long_name" : "Cook County",
               "short_name" : "Cook County",
               "types" : [ "administrative_area_level_2", "political" ]
            },
            {
               "long_name" : "Illinois",
               "short_name" : "IL",
               "types" : [ "administrative_area_level_1", "political" ]
            },
            {
               "long_name" : "United States",
               "short_name" : "US",
               "types" : [ "country", "political" ]
            },
            {
               "long_name" : "60602",
               "short_name" : "60602",
               "types" : [ "postal_code" ]
            }
         ],
         "formatted_address" : "1 N LaSalle St #2001, Chicago, IL 60602, USA",
         "geometry" : {
            "location" : {
               "lat" : 41.8823113,
               "lng" : -87.63202149999999
            },
            "location_type" : "ROOFTOP",
            "viewport" : {
               "northeast" : {
                  "lat" : 41.8836602802915,
                  "lng" : -87.6306725197085
               },
               "southwest" : {
                  "lat" : 41.8809623197085,
                  "lng" : -87.6333704802915
               }
            }
         },
         "partial_match" : true,
         "place_id" : "EiwxIE4gTGFTYWxsZSBTdCAjMjAwMSwgQ2hpY2FnbywgSUwgNjA2MDIsIFVTQQ",
         "types" : [ "subpremise" ]
      }
   ],
   "status" : "OK"
}
