{
   "results" : [
      {
         "address_components" : [
            {
               "long_name" : "164",
               "short_name" : "164",
               "types" : [ "street_number" ]
            },
            {
               "long_name" : "Wissler Road",
               "short_name" : "Wissler Rd",
               "types" : [ "route" ]
            },
            {
               "long_name" : "Waterloo",
               "short_name" : "Waterloo",
               "types" : [ "locality", "political" ]
            },
            {
               "long_name" : "Waterloo Regional Municipality",
               "short_name" : "Waterloo Regional Municipality",
               "types" : [ "administrative_area_level_2", "political" ]
            },
            {
               "long_name" : "Ontario",
               "short_name" : "ON",
               "types" : [ "administrative_area_level_1", "political" ]
            },
            {
               "long_name" : "Canada",
               "short_name" : "CA",
               "types" : [ "country", "political" ]
            },
            {
               "long_name" : "N2K",
               "short_name" : "N2K",
               "types" : [ "postal_code_prefix", "postal_code" ]
            }
         ],
         "formatted_address" : "164 Wissler Rd, Waterloo, ON N2K, Canada",
         "geometry" : {
            "location" : {
               "lat" : 43.5064208,
               "lng" : -80.5240024
            },
            "location_type" : "ROOFTOP",
            "viewport" : {
               "northeast" : {
                  "lat" : 43.5077697802915,
                  "lng" : -80.5226534197085
               },
               "southwest" : {
                  "lat" : 43.5050718197085,
                  "lng" : -80.52535138029151
               }
            }
         },
         "partial_match" : true,
         "place_id" : "ChIJWTG4mMnzK4gRfbXN9w7MpuU",
         "types" : [ "street_address" ]
      }
   ],
   "status" : "OK"
}
