{
   "results" : [
      {
         "address_components" : [
            {
               "long_name" : "1",
               "short_name" : "1",
               "types" : [ "street_number" ]
            },
            {
               "long_name" : "North Main Street",
               "short_name" : "N Main St",
               "types" : [ "route" ]
            },
            {
               "long_name" : "Hutchinson",
               "short_name" : "Hutchinson",
               "types" : [ "locality", "political" ]
            },
            {
               "long_name" : "Reno County",
               "short_name" : "Reno County",
               "types" : [ "administrative_area_level_2", "political" ]
            },
            {
               "long_name" : "Kansas",
               "short_name" : "KS",
               "types" : [ "administrative_area_level_1", "political" ]
            },
            {
               "long_name" : "United States",
               "short_name" : "US",
               "types" : [ "country", "political" ]
            },
            {
               "long_name" : "67501",
               "short_name" : "67501",
               "types" : [ "postal_code" ]
            }
         ],
         "formatted_address" : "1 N Main St, Hutchinson, KS 67501, USA",
         "geometry" : {
            "bounds" : {
               "northeast" : {
                  "lat" : 38.0526439,
                  "lng" : -97.9320123
               },
               "southwest" : {
                  "lat" : 38.0522772,
                  "lng" : -97.9325736
               }
            },
            "location" : {
               "lat" : 38.0524606,
               "lng" : -97.93229290000001
            },
            "location_type" : "ROOFTOP",
            "viewport" : {
               "northeast" : {
                  "lat" : 38.0538095302915,
                  "lng" : -97.93094396970849
               },
               "southwest" : {
                  "lat" : 38.0511115697085,
                  "lng" : -97.9336419302915
               }
            }
         },
         "partial_match" : true,
         "place_id" : "ChIJZ7przN63pIcR7hFVP3v9DiA",
         "types" : [ "premise" ]
      }
   ],
   "status" : "OK"
}
