{
   "results" : [
      {
         "address_components" : [
            {
               "long_name" : "UBS Tower",
               "short_name" : "UBS Tower",
               "types" : [ "premise" ]
            },
            {
               "long_name" : "1",
               "short_name" : "1",
               "types" : [ "street_number" ]
            },
            {
               "long_name" : "North Upper Wacker Drive",
               "short_name" : "N Upper Wacker Dr",
               "types" : [ "route" ]
            },
            {
               "long_name" : "Central",
               "short_name" : "Central",
               "types" : [ "neighborhood", "political" ]
            },
            {
               "long_name" : "Chicago",
               "short_name" : "Chicago",
               "types" : [ "locality", "political" ]
            },
            {
               "long_name" : "Cook County",
               "short_name" : "Cook County",
               "types" : [ "administrative_area_level_2", "political" ]
            },
            {
               "long_name" : "Illinois",
               "short_name" : "IL",
               "types" : [ "administrative_area_level_1", "political" ]
            },
            {
               "long_name" : "United States",
               "short_name" : "US",
               "types" : [ "country", "political" ]
            },
            {
               "long_name" : "60606",
               "short_name" : "60606",
               "types" : [ "postal_code" ]
            }
         ],
         "formatted_address" : "UBS Tower, 1 N Upper Wacker Dr, Chicago, IL 60606, USA",
         "geometry" : {
            "bounds" : {
               "northeast" : {
                  "lat" : 41.882533,
                  "lng" : -87.63560799999999
               },
               "southwest" : {
                  "lat" : 41.8821023,
                  "lng" : -87.63664949999999
               }
            },
            "location" : {
               "lat" : 41.8823176,
               "lng" : -87.63612879999999
            },
            "location_type" : "ROOFTOP",
            "viewport" : {
               "northeast" : {
                  "lat" : 41.88366663029149,
                  "lng" : -87.63477976970847
               },
               "southwest" : {
                  "lat" : 41.8809686697085,
                  "lng" : -87.63747773029149
               }
            }
         },
         "partial_match" : true,
         "place_id" : "ChIJ9RaS5LgsDogREIY2hBvh-U8",
         "types" : [ "premise" ]
      }
   ],
   "status" : "OK"
}
