{
   "results" : [
      {
         "address_components" : [
            {
               "long_name" : "200",
               "short_name" : "200",
               "types" : [ "subpremise" ]
            },
            {
               "long_name" : "1",
               "short_name" : "1",
               "types" : [ "street_number" ]
            },
            {
               "long_name" : "Northfield Plaza",
               "short_name" : "Northfield Plaza",
               "types" : [ "route" ]
            },
            {
               "long_name" : "Northfield",
               "short_name" : "Northfield",
               "types" : [ "locality", "political" ]
            },
            {
               "long_name" : "Northfield Township",
               "short_name" : "Northfield Township",
               "types" : [ "administrative_area_level_3", "political" ]
            },
            {
               "long_name" : "Cook County",
               "short_name" : "Cook County",
               "types" : [ "administrative_area_level_2", "political" ]
            },
            {
               "long_name" : "Illinois",
               "short_name" : "IL",
               "types" : [ "administrative_area_level_1", "political" ]
            },
            {
               "long_name" : "United States",
               "short_name" : "US",
               "types" : [ "country", "political" ]
            },
            {
               "long_name" : "60093",
               "short_name" : "60093",
               "types" : [ "postal_code" ]
            }
         ],
         "formatted_address" : "1 Northfield Plaza #200, Northfield, IL 60093, USA",
         "geometry" : {
            "location" : {
               "lat" : 42.1082896,
               "lng" : -87.7736838
            },
            "location_type" : "ROOFTOP",
            "viewport" : {
               "northeast" : {
                  "lat" : 42.1096385802915,
                  "lng" : -87.77233481970849
               },
               "southwest" : {
                  "lat" : 42.1069406197085,
                  "lng" : -87.77503278029151
               }
            }
         },
         "partial_match" : true,
         "place_id" : "EjIxIE5vcnRoZmllbGQgUGxhemEgIzIwMCwgTm9ydGhmaWVsZCwgSUwgNjAwOTMsIFVTQQ",
         "types" : [ "subpremise" ]
      }
   ],
   "status" : "OK"
}
