{
   "results" : [
      {
         "address_components" : [
            {
               "long_name" : "1641",
               "short_name" : "1641",
               "types" : [ "street_number" ]
            },
            {
               "long_name" : "Ross Road",
               "short_name" : "Ross Rd",
               "types" : [ "route" ]
            },
            {
               "long_name" : "North Vancouver",
               "short_name" : "North Vancouver",
               "types" : [ "locality", "political" ]
            },
            {
               "long_name" : "North Vancouver",
               "short_name" : "North Vancouver",
               "types" : [ "administrative_area_level_3", "political" ]
            },
            {
               "long_name" : "Greater Vancouver",
               "short_name" : "Greater Vancouver",
               "types" : [ "administrative_area_level_2", "political" ]
            },
            {
               "long_name" : "British Columbia",
               "short_name" : "BC",
               "types" : [ "administrative_area_level_1", "political" ]
            },
            {
               "long_name" : "Canada",
               "short_name" : "CA",
               "types" : [ "country", "political" ]
            },
            {
               "long_name" : "V7J 1V6",
               "short_name" : "V7J 1V6",
               "types" : [ "postal_code" ]
            }
         ],
         "formatted_address" : "1641 Ross Rd, North Vancouver, BC V7J 1V6, Canada",
         "geometry" : {
            "location" : {
               "lat" : 49.3359402,
               "lng" : -123.0288615
            },
            "location_type" : "ROOFTOP",
            "viewport" : {
               "northeast" : {
                  "lat" : 49.33728918029149,
                  "lng" : -123.0275125197085
               },
               "southwest" : {
                  "lat" : 49.33459121970849,
                  "lng" : -123.0302104802915
               }
            }
         },
         "partial_match" : true,
         "place_id" : "ChIJITAr16F6hlQR1GDnrYflPEc",
         "types" : [ "street_address" ]
      }
   ],
   "status" : "OK"
}
