{
   "results" : [
      {
         "address_components" : [
            {
               "long_name" : "10160",
               "short_name" : "10160",
               "types" : [ "street_number" ]
            },
            {
               "long_name" : "119 Street Northwest",
               "short_name" : "119 St NW",
               "types" : [ "route" ]
            },
            {
               "long_name" : "Oliver",
               "short_name" : "Oliver",
               "types" : [ "neighborhood", "political" ]
            },
            {
               "long_name" : "Edmonton",
               "short_name" : "Edmonton",
               "types" : [ "locality", "political" ]
            },
            {
               "long_name" : "Division No. 11",
               "short_name" : "Division No. 11",
               "types" : [ "administrative_area_level_2", "political" ]
            },
            {
               "long_name" : "Alberta",
               "short_name" : "AB",
               "types" : [ "administrative_area_level_1", "political" ]
            },
            {
               "long_name" : "Canada",
               "short_name" : "CA",
               "types" : [ "country", "political" ]
            },
            {
               "long_name" : "T5K 1Y9",
               "short_name" : "T5K 1Y9",
               "types" : [ "postal_code" ]
            }
         ],
         "formatted_address" : "10160 119 St NW, Edmonton, AB T5K 1Y9, Canada",
         "geometry" : {
            "bounds" : {
               "northeast" : {
                  "lat" : 53.54249110000001,
                  "lng" : -113.5270376
               },
               "southwest" : {
                  "lat" : 53.5420314,
                  "lng" : -113.5275786
               }
            },
            "location" : {
               "lat" : 53.5422612,
               "lng" : -113.5273081
            },
            "location_type" : "ROOFTOP",
            "viewport" : {
               "northeast" : {
                  "lat" : 53.54361023029151,
                  "lng" : -113.5259591197085
               },
               "southwest" : {
                  "lat" : 53.54091226970851,
                  "lng" : -113.5286570802915
               }
            }
         },
         "partial_match" : true,
         "place_id" : "ChIJZ2KSLiwioFMR_wTpnh6kT5g",
         "types" : [ "premise" ]
      }
   ],
   "status" : "OK"
}
