{
   "results" : [
      {
         "address_components" : [
            {
               "long_name" : "1687",
               "short_name" : "1687",
               "types" : [ "street_number" ]
            },
            {
               "long_name" : "Vernon Street",
               "short_name" : "Vernon St",
               "types" : [ "route" ]
            },
            {
               "long_name" : "South End",
               "short_name" : "South End",
               "types" : [ "neighborhood", "political" ]
            },
            {
               "long_name" : "Halifax",
               "short_name" : "Halifax",
               "types" : [ "locality", "political" ]
            },
            {
               "long_name" : "Halifax",
               "short_name" : "Halifax",
               "types" : [ "administrative_area_level_3", "political" ]
            },
            {
               "long_name" : "Halifax Regional Municipality",
               "short_name" : "Halifax Regional Municipality",
               "types" : [ "administrative_area_level_2", "political" ]
            },
            {
               "long_name" : "Nova Scotia",
               "short_name" : "NS",
               "types" : [ "administrative_area_level_1", "political" ]
            },
            {
               "long_name" : "Canada",
               "short_name" : "CA",
               "types" : [ "country", "political" ]
            },
            {
               "long_name" : "B3H 3M9",
               "short_name" : "B3H 3M9",
               "types" : [ "postal_code" ]
            }
         ],
         "formatted_address" : "1687 Vernon St, Halifax, NS B3H 3M9, Canada",
         "geometry" : {
            "bounds" : {
               "northeast" : {
                  "lat" : 44.6424708,
                  "lng" : -63.5913682
               },
               "southwest" : {
                  "lat" : 44.6424677,
                  "lng" : -63.5913865
               }
            },
            "location" : {
               "lat" : 44.6424708,
               "lng" : -63.5913682
            },
            "location_type" : "RANGE_INTERPOLATED",
            "viewport" : {
               "northeast" : {
                  "lat" : 44.64381823029149,
                  "lng" : -63.5900283697085
               },
               "southwest" : {
                  "lat" : 44.64112026970849,
                  "lng" : -63.59272633029151
               }
            }
         },
         "place_id" : "EisxNjg3IFZlcm5vbiBTdCwgSGFsaWZheCwgTlMgQjNIIDNNOSwgQ2FuYWRh",
         "types" : [ "street_address" ]
      }
   ],
   "status" : "OK"
}
