{
   "results" : [
      {
         "address_components" : [
            {
               "long_name" : "2117",
               "short_name" : "2117",
               "types" : [ "street_number" ]
            },
            {
               "long_name" : "Berthiaume Street",
               "short_name" : "Berthiaume St",
               "types" : [ "route" ]
            },
            {
               "long_name" : "Chelmsford",
               "short_name" : "Chelmsford",
               "types" : [ "neighborhood", "political" ]
            },
            {
               "long_name" : "Sudbury",
               "short_name" : "Sudbury",
               "types" : [ "locality", "political" ]
            },
            {
               "long_name" : "Greater Sudbury Division",
               "short_name" : "Greater Sudbury Division",
               "types" : [ "administrative_area_level_2", "political" ]
            },
            {
               "long_name" : "Ontario",
               "short_name" : "ON",
               "types" : [ "administrative_area_level_1", "political" ]
            },
            {
               "long_name" : "Canada",
               "short_name" : "CA",
               "types" : [ "country", "political" ]
            },
            {
               "long_name" : "P0M 1L0",
               "short_name" : "P0M 1L0",
               "types" : [ "postal_code" ]
            }
         ],
         "formatted_address" : "2117 Berthiaume St, Chelmsford, ON P0M 1L0, Canada",
         "geometry" : {
            "location" : {
               "lat" : 46.5701606,
               "lng" : -81.17792949999999
            },
            "location_type" : "ROOFTOP",
            "viewport" : {
               "northeast" : {
                  "lat" : 46.5715095802915,
                  "lng" : -81.17658051970849
               },
               "southwest" : {
                  "lat" : 46.5688116197085,
                  "lng" : -81.1792784802915
               }
            }
         },
         "place_id" : "ChIJQWRbmXmxL00RrPbqQWD4QHE",
         "types" : [ "street_address" ]
      }
   ],
   "status" : "OK"
}
