{
   "results" : [
      {
         "address_components" : [
            {
               "long_name" : "2160",
               "short_name" : "2160",
               "types" : [ "street_number" ]
            },
            {
               "long_name" : "Lillooet Crescent",
               "short_name" : "Lillooet Crescent",
               "types" : [ "route" ]
            },
            {
               "long_name" : "Dilworth",
               "short_name" : "Dilworth",
               "types" : [ "neighborhood", "political" ]
            },
            {
               "long_name" : "Kelowna",
               "short_name" : "Kelowna",
               "types" : [ "locality", "political" ]
            },
            {
               "long_name" : "Central Okanagan",
               "short_name" : "Central Okanagan",
               "types" : [ "administrative_area_level_2", "political" ]
            },
            {
               "long_name" : "British Columbia",
               "short_name" : "BC",
               "types" : [ "administrative_area_level_1", "political" ]
            },
            {
               "long_name" : "Canada",
               "short_name" : "CA",
               "types" : [ "country", "political" ]
            },
            {
               "long_name" : "V1V 1W3",
               "short_name" : "V1V 1W3",
               "types" : [ "postal_code" ]
            }
         ],
         "formatted_address" : "2160 Lillooet Crescent, Kelowna, BC V1V 1W3, Canada",
         "geometry" : {
            "location" : {
               "lat" : 49.8982324,
               "lng" : -119.4392956
            },
            "location_type" : "ROOFTOP",
            "viewport" : {
               "northeast" : {
                  "lat" : 49.89958138029149,
                  "lng" : -119.4379466197085
               },
               "southwest" : {
                  "lat" : 49.8968834197085,
                  "lng" : -119.4406445802915
               }
            }
         },
         "place_id" : "ChIJ64cN8i7zfVMRwpZi38XJwfQ",
         "types" : [ "street_address" ]
      }
   ],
   "status" : "OK"
}
