{
   "results" : [
      {
         "address_components" : [
            {
               "long_name" : "219",
               "short_name" : "219",
               "types" : [ "street_number" ]
            },
            {
               "long_name" : "Janet Drive",
               "short_name" : "Janet Dr",
               "types" : [ "route" ]
            },
            {
               "long_name" : "Hanmer",
               "short_name" : "Hanmer",
               "types" : [ "sublocality_level_1", "sublocality", "political" ]
            },
            {
               "long_name" : "Sudbury",
               "short_name" : "Sudbury",
               "types" : [ "locality", "political" ]
            },
            {
               "long_name" : "Greater Sudbury Division",
               "short_name" : "Greater Sudbury Division",
               "types" : [ "administrative_area_level_2", "political" ]
            },
            {
               "long_name" : "Ontario",
               "short_name" : "ON",
               "types" : [ "administrative_area_level_1", "political" ]
            },
            {
               "long_name" : "Canada",
               "short_name" : "CA",
               "types" : [ "country", "political" ]
            },
            {
               "long_name" : "P3P 1H7",
               "short_name" : "P3P 1H7",
               "types" : [ "postal_code" ]
            }
         ],
         "formatted_address" : "219 Janet Dr, Hanmer, ON P3P 1H7, Canada",
         "geometry" : {
            "location" : {
               "lat" : 46.672745,
               "lng" : -80.95593199999999
            },
            "location_type" : "ROOFTOP",
            "viewport" : {
               "northeast" : {
                  "lat" : 46.6740939802915,
                  "lng" : -80.95458301970848
               },
               "southwest" : {
                  "lat" : 46.6713960197085,
                  "lng" : -80.95728098029149
               }
            }
         },
         "place_id" : "ChIJ2V4xluSmL00RxMd95EmKpfE",
         "types" : [ "street_address" ]
      }
   ],
   "status" : "OK"
}
