{
   "results" : [
      {
         "address_components" : [
            {
               "long_name" : "22",
               "short_name" : "22",
               "types" : [ "street_number" ]
            },
            {
               "long_name" : "Highgrove Crescent",
               "short_name" : "Highgrove Crescent",
               "types" : [ "route" ]
            },
            {
               "long_name" : "Sherwood Park",
               "short_name" : "Sherwood Park",
               "types" : [ "locality", "political" ]
            },
            {
               "long_name" : "Strathcona County",
               "short_name" : "Strathcona County",
               "types" : [ "administrative_area_level_3", "political" ]
            },
            {
               "long_name" : "Division No. 11",
               "short_name" : "Division No. 11",
               "types" : [ "administrative_area_level_2", "political" ]
            },
            {
               "long_name" : "Alberta",
               "short_name" : "AB",
               "types" : [ "administrative_area_level_1", "political" ]
            },
            {
               "long_name" : "Canada",
               "short_name" : "CA",
               "types" : [ "country", "political" ]
            },
            {
               "long_name" : "T8A 6J9",
               "short_name" : "T8A 6J9",
               "types" : [ "postal_code" ]
            }
         ],
         "formatted_address" : "22 Highgrove Crescent, Sherwood Park, AB T8A 6J9, Canada",
         "geometry" : {
            "location" : {
               "lat" : 53.536037,
               "lng" : -113.261376
            },
            "location_type" : "ROOFTOP",
            "viewport" : {
               "northeast" : {
                  "lat" : 53.5373859802915,
                  "lng" : -113.2600270197085
               },
               "southwest" : {
                  "lat" : 53.5346880197085,
                  "lng" : -113.2627249802915
               }
            }
         },
         "place_id" : "ChIJrZLefBMWoFMRnClO9E-uGDY",
         "types" : [ "street_address" ]
      }
   ],
   "status" : "OK"
}
