{
   "results" : [
      {
         "address_components" : [
            {
               "long_name" : "22",
               "short_name" : "22",
               "types" : [ "street_number" ]
            },
            {
               "long_name" : "Leacock Drive",
               "short_name" : "Leacock Dr",
               "types" : [ "route" ]
            },
            {
               "long_name" : "Kanata",
               "short_name" : "Kanata",
               "types" : [ "neighborhood", "political" ]
            },
            {
               "long_name" : "Ottawa",
               "short_name" : "Ottawa",
               "types" : [ "locality", "political" ]
            },
            {
               "long_name" : "Ottawa Division",
               "short_name" : "Ottawa Division",
               "types" : [ "administrative_area_level_2", "political" ]
            },
            {
               "long_name" : "Ontario",
               "short_name" : "ON",
               "types" : [ "administrative_area_level_1", "political" ]
            },
            {
               "long_name" : "Canada",
               "short_name" : "CA",
               "types" : [ "country", "political" ]
            },
            {
               "long_name" : "K2K 1S1",
               "short_name" : "K2K 1S1",
               "types" : [ "postal_code" ]
            }
         ],
         "formatted_address" : "22 Leacock Dr, Kanata, ON K2K 1S1, Canada",
         "geometry" : {
            "location" : {
               "lat" : 45.3238852,
               "lng" : -75.90340599999999
            },
            "location_type" : "ROOFTOP",
            "viewport" : {
               "northeast" : {
                  "lat" : 45.3252341802915,
                  "lng" : -75.90205701970849
               },
               "southwest" : {
                  "lat" : 45.3225362197085,
                  "lng" : -75.9047549802915
               }
            }
         },
         "place_id" : "ChIJEfbOgggA0kwRxqB0h2SV_LA",
         "types" : [ "street_address" ]
      }
   ],
   "status" : "OK"
}
