{
   "results" : [
      {
         "address_components" : [
            {
               "long_name" : "1585",
               "short_name" : "1585",
               "types" : [ "street_number" ]
            },
            {
               "long_name" : "West 15th Avenue",
               "short_name" : "W 15th Ave",
               "types" : [ "route" ]
            },
            {
               "long_name" : "West Side",
               "short_name" : "West Side",
               "types" : [ "neighborhood", "political" ]
            },
            {
               "long_name" : "Vancouver",
               "short_name" : "Vancouver",
               "types" : [ "locality", "political" ]
            },
            {
               "long_name" : "Greater Vancouver",
               "short_name" : "Greater Vancouver",
               "types" : [ "administrative_area_level_2", "political" ]
            },
            {
               "long_name" : "British Columbia",
               "short_name" : "BC",
               "types" : [ "administrative_area_level_1", "political" ]
            },
            {
               "long_name" : "Canada",
               "short_name" : "CA",
               "types" : [ "country", "political" ]
            },
            {
               "long_name" : "V6J 2K5",
               "short_name" : "V6J 2K5",
               "types" : [ "postal_code" ]
            }
         ],
         "formatted_address" : "1585 W 15th Ave, Vancouver, BC V6J 2K5, Canada",
         "geometry" : {
            "location" : {
               "lat" : 49.2582904,
               "lng" : -123.1407025
            },
            "location_type" : "ROOFTOP",
            "viewport" : {
               "northeast" : {
                  "lat" : 49.2596393802915,
                  "lng" : -123.1393535197085
               },
               "southwest" : {
                  "lat" : 49.2569414197085,
                  "lng" : -123.1420514802915
               }
            }
         },
         "partial_match" : true,
         "place_id" : "ChIJs-fUlL5zhlQR90gXZ5r6Mp0",
         "types" : [ "street_address" ]
      }
   ],
   "status" : "OK"
}
