{
   "results" : [
      {
         "address_components" : [
            {
               "long_name" : "2200",
               "short_name" : "2200",
               "types" : [ "street_number" ]
            },
            {
               "long_name" : "4000 West",
               "short_name" : "4000 W",
               "types" : [ "route" ]
            },
            {
               "long_name" : "West Valley City",
               "short_name" : "West Valley City",
               "types" : [ "locality", "political" ]
            },
            {
               "long_name" : "Salt Lake County",
               "short_name" : "Salt Lake County",
               "types" : [ "administrative_area_level_2", "political" ]
            },
            {
               "long_name" : "Utah",
               "short_name" : "UT",
               "types" : [ "administrative_area_level_1", "political" ]
            },
            {
               "long_name" : "United States",
               "short_name" : "US",
               "types" : [ "country", "political" ]
            },
            {
               "long_name" : "84120",
               "short_name" : "84120",
               "types" : [ "postal_code" ]
            },
            {
               "long_name" : "1292",
               "short_name" : "1292",
               "types" : [ "postal_code_suffix" ]
            }
         ],
         "formatted_address" : "2200 4000 W, West Valley City, UT 84120, USA",
         "geometry" : {
            "location" : {
               "lat" : 40.7243175,
               "lng" : -111.9895147
            },
            "location_type" : "ROOFTOP",
            "viewport" : {
               "northeast" : {
                  "lat" : 40.72566648029149,
                  "lng" : -111.9881657197085
               },
               "southwest" : {
                  "lat" : 40.72296851970849,
                  "lng" : -111.9908636802915
               }
            }
         },
         "partial_match" : true,
         "place_id" : "ChIJZR0NQSXzUocRQLtgEvlFcdc",
         "types" : [ "street_address" ]
      }
   ],
   "status" : "OK"
}
