{
   "results" : [
      {
         "address_components" : [
            {
               "long_name" : "224",
               "short_name" : "224",
               "types" : [ "street_number" ]
            },
            {
               "long_name" : "Rue Saint-Jean",
               "short_name" : "Rue Saint-Jean",
               "types" : [ "route" ]
            },
            {
               "long_name" : "Longueuil",
               "short_name" : "Longueuil",
               "types" : [ "locality", "political" ]
            },
            {
               "long_name" : "Champlain",
               "short_name" : "Champlain",
               "types" : [ "administrative_area_level_2", "political" ]
            },
            {
               "long_name" : "Québec",
               "short_name" : "QC",
               "types" : [ "administrative_area_level_1", "political" ]
            },
            {
               "long_name" : "Canada",
               "short_name" : "CA",
               "types" : [ "country", "political" ]
            },
            {
               "long_name" : "J4H 2W5",
               "short_name" : "J4H 2W5",
               "types" : [ "postal_code" ]
            }
         ],
         "formatted_address" : "224 Rue Saint-Jean, Longueuil, QC J4H 2W5, Canada",
         "geometry" : {
            "location" : {
               "lat" : 45.5360377,
               "lng" : -73.5094702
            },
            "location_type" : "ROOFTOP",
            "viewport" : {
               "northeast" : {
                  "lat" : 45.5373866802915,
                  "lng" : -73.50812121970849
               },
               "southwest" : {
                  "lat" : 45.5346887197085,
                  "lng" : -73.51081918029151
               }
            }
         },
         "partial_match" : true,
         "place_id" : "ChIJMe2EKWYbyUwRDCkGHwyCcPE",
         "types" : [ "street_address" ]
      }
   ],
   "status" : "OK"
}
