{
   "results" : [
      {
         "address_components" : [
            {
               "long_name" : "Boardwalk Avenue",
               "short_name" : "Boardwalk Ave",
               "types" : [ "route" ]
            },
            {
               "long_name" : "Val Caron",
               "short_name" : "Val Caron",
               "types" : [ "neighborhood", "political" ]
            },
            {
               "long_name" : "Sudbury",
               "short_name" : "Sudbury",
               "types" : [ "locality", "political" ]
            },
            {
               "long_name" : "Greater Sudbury Division",
               "short_name" : "Greater Sudbury Division",
               "types" : [ "administrative_area_level_2", "political" ]
            },
            {
               "long_name" : "Ontario",
               "short_name" : "ON",
               "types" : [ "administrative_area_level_1", "political" ]
            },
            {
               "long_name" : "Canada",
               "short_name" : "CA",
               "types" : [ "country", "political" ]
            },
            {
               "long_name" : "P3N",
               "short_name" : "P3N",
               "types" : [ "postal_code_prefix", "postal_code" ]
            }
         ],
         "formatted_address" : "Boardwalk Ave, Sudbury, ON P3N, Canada",
         "geometry" : {
            "bounds" : {
               "northeast" : {
                  "lat" : 46.6160215,
                  "lng" : -81.0345772
               },
               "southwest" : {
                  "lat" : 46.615643,
                  "lng" : -81.0359296
               }
            },
            "location" : {
               "lat" : 46.6160215,
               "lng" : -81.03479299999999
            },
            "location_type" : "GEOMETRIC_CENTER",
            "viewport" : {
               "northeast" : {
                  "lat" : 46.61718123029149,
                  "lng" : -81.03390441970849
               },
               "southwest" : {
                  "lat" : 46.6144832697085,
                  "lng" : -81.0366023802915
               }
            }
         },
         "partial_match" : true,
         "place_id" : "ChIJG5HstEOvL00RI2NrUMhMfu0",
         "types" : [ "route" ]
      }
   ],
   "status" : "OK"
}
