{
   "results" : [
      {
         "address_components" : [
            {
               "long_name" : "227",
               "short_name" : "227",
               "types" : [ "street_number" ]
            },
            {
               "long_name" : "Lytton Boulevard",
               "short_name" : "Lytton Blvd",
               "types" : [ "route" ]
            },
            {
               "long_name" : "Lytton Park",
               "short_name" : "Lytton Park",
               "types" : [ "neighborhood", "political" ]
            },
            {
               "long_name" : "Old Toronto",
               "short_name" : "Old Toronto",
               "types" : [ "sublocality_level_1", "sublocality", "political" ]
            },
            {
               "long_name" : "Toronto",
               "short_name" : "Toronto",
               "types" : [ "locality", "political" ]
            },
            {
               "long_name" : "Toronto Division",
               "short_name" : "Toronto Division",
               "types" : [ "administrative_area_level_2", "political" ]
            },
            {
               "long_name" : "Ontario",
               "short_name" : "ON",
               "types" : [ "administrative_area_level_1", "political" ]
            },
            {
               "long_name" : "Canada",
               "short_name" : "CA",
               "types" : [ "country", "political" ]
            },
            {
               "long_name" : "M5N 2G5",
               "short_name" : "M5N 2G5",
               "types" : [ "postal_code" ]
            }
         ],
         "formatted_address" : "227 Lytton Blvd, Toronto, ON M5N 2G5, Canada",
         "geometry" : {
            "location" : {
               "lat" : 43.7142966,
               "lng" : -79.4112767
            },
            "location_type" : "ROOFTOP",
            "viewport" : {
               "northeast" : {
                  "lat" : 43.7156455802915,
                  "lng" : -79.40992771970849
               },
               "southwest" : {
                  "lat" : 43.7129476197085,
                  "lng" : -79.41262568029151
               }
            }
         },
         "partial_match" : true,
         "place_id" : "ChIJDYZ7YhwzK4gRiDfI68lo_90",
         "types" : [ "street_address" ]
      }
   ],
   "status" : "OK"
}
