{
   "results" : [
      {
         "address_components" : [
            {
               "long_name" : "G1C 7L6",
               "short_name" : "G1C 7L6",
               "types" : [ "postal_code" ]
            },
            {
               "long_name" : "Quartier 5-2",
               "short_name" : "Quartier 5-2",
               "types" : [ "neighborhood", "political" ]
            },
            {
               "long_name" : "Beauport",
               "short_name" : "Beauport",
               "types" : [ "sublocality_level_1", "sublocality", "political" ]
            },
            {
               "long_name" : "Ville de Québec",
               "short_name" : "Ville de Québec",
               "types" : [ "locality", "political" ]
            },
            {
               "long_name" : "Communauté-Urbaine-de-Québec",
               "short_name" : "Communauté-Urbaine-de-Québec",
               "types" : [ "administrative_area_level_2", "political" ]
            },
            {
               "long_name" : "Québec",
               "short_name" : "QC",
               "types" : [ "administrative_area_level_1", "political" ]
            },
            {
               "long_name" : "Canada",
               "short_name" : "CA",
               "types" : [ "country", "political" ]
            }
         ],
         "formatted_address" : "Québec City, QC G1C 7L6, Canada",
         "geometry" : {
            "bounds" : {
               "northeast" : {
                  "lat" : 46.89599,
                  "lng" : -71.1916062
               },
               "southwest" : {
                  "lat" : 46.8943489,
                  "lng" : -71.19376799999999
               }
            },
            "location" : {
               "lat" : 46.8954588,
               "lng" : -71.1927522
            },
            "location_type" : "APPROXIMATE",
            "viewport" : {
               "northeast" : {
                  "lat" : 46.89651843029151,
                  "lng" : -71.19133811970848
               },
               "southwest" : {
                  "lat" : 46.89382046970851,
                  "lng" : -71.1940360802915
               }
            }
         },
         "partial_match" : true,
         "place_id" : "ChIJ8aJ9Qmq8uEwRqgZ3VlSaqf8",
         "types" : [ "postal_code" ]
      }
   ],
   "status" : "OK"
}
