{
   "results" : [
      {
         "address_components" : [
            {
               "long_name" : "2319",
               "short_name" : "2319",
               "types" : [ "street_number" ]
            },
            {
               "long_name" : "West 14th Avenue",
               "short_name" : "W 14th Ave",
               "types" : [ "route" ]
            },
            {
               "long_name" : "Kitsilano",
               "short_name" : "Kitsilano",
               "types" : [ "neighborhood", "political" ]
            },
            {
               "long_name" : "Vancouver",
               "short_name" : "Vancouver",
               "types" : [ "locality", "political" ]
            },
            {
               "long_name" : "Greater Vancouver",
               "short_name" : "Greater Vancouver",
               "types" : [ "administrative_area_level_2", "political" ]
            },
            {
               "long_name" : "British Columbia",
               "short_name" : "BC",
               "types" : [ "administrative_area_level_1", "political" ]
            },
            {
               "long_name" : "Canada",
               "short_name" : "CA",
               "types" : [ "country", "political" ]
            },
            {
               "long_name" : "V6K 2W2",
               "short_name" : "V6K 2W2",
               "types" : [ "postal_code" ]
            }
         ],
         "formatted_address" : "2319 W 14th Ave, Vancouver, BC V6K 2W2, Canada",
         "geometry" : {
            "bounds" : {
               "northeast" : {
                  "lat" : 49.2592169,
                  "lng" : -123.1582795
               },
               "southwest" : {
                  "lat" : 49.2592047,
                  "lng" : -123.1582802
               }
            },
            "location" : {
               "lat" : 49.2592169,
               "lng" : -123.1582795
            },
            "location_type" : "RANGE_INTERPOLATED",
            "viewport" : {
               "northeast" : {
                  "lat" : 49.2605597802915,
                  "lng" : -123.1569308697085
               },
               "southwest" : {
                  "lat" : 49.2578618197085,
                  "lng" : -123.1596288302915
               }
            }
         },
         "place_id" : "Ei4yMzE5IFcgMTR0aCBBdmUsIFZhbmNvdXZlciwgQkMgVjZLIDJXMiwgQ2FuYWRh",
         "types" : [ "street_address" ]
      }
   ],
   "status" : "OK"
}
