{
   "results" : [
      {
         "address_components" : [
            {
               "long_name" : "232",
               "short_name" : "232",
               "types" : [ "street_number" ]
            },
            {
               "long_name" : "East 8th Street",
               "short_name" : "E 8th St",
               "types" : [ "route" ]
            },
            {
               "long_name" : "Centremount",
               "short_name" : "Centremount",
               "types" : [ "neighborhood", "political" ]
            },
            {
               "long_name" : "Hamilton",
               "short_name" : "Hamilton",
               "types" : [ "locality", "political" ]
            },
            {
               "long_name" : "Hamilton Division",
               "short_name" : "Hamilton Division",
               "types" : [ "administrative_area_level_2", "political" ]
            },
            {
               "long_name" : "Ontario",
               "short_name" : "ON",
               "types" : [ "administrative_area_level_1", "political" ]
            },
            {
               "long_name" : "Canada",
               "short_name" : "CA",
               "types" : [ "country", "political" ]
            },
            {
               "long_name" : "L9A 3L8",
               "short_name" : "L9A 3L8",
               "types" : [ "postal_code" ]
            }
         ],
         "formatted_address" : "232 E 8th St, Hamilton, ON L9A 3L8, Canada",
         "geometry" : {
            "location" : {
               "lat" : 43.2381474,
               "lng" : -79.8697664
            },
            "location_type" : "ROOFTOP",
            "viewport" : {
               "northeast" : {
                  "lat" : 43.23949638029149,
                  "lng" : -79.86841741970849
               },
               "southwest" : {
                  "lat" : 43.23679841970849,
                  "lng" : -79.87111538029151
               }
            }
         },
         "place_id" : "ChIJd1iCY6abLIgRlkA7VHuBT1k",
         "types" : [ "street_address" ]
      }
   ],
   "status" : "OK"
}
