{
   "results" : [
      {
         "address_components" : [
            {
               "long_name" : "24",
               "short_name" : "24",
               "types" : [ "street_number" ]
            },
            {
               "long_name" : "Clemow Avenue",
               "short_name" : "Clemow Ave",
               "types" : [ "route" ]
            },
            {
               "long_name" : "The Glebe",
               "short_name" : "The Glebe",
               "types" : [ "neighborhood", "political" ]
            },
            {
               "long_name" : "Ottawa",
               "short_name" : "Ottawa",
               "types" : [ "locality", "political" ]
            },
            {
               "long_name" : "Ottawa Division",
               "short_name" : "Ottawa Division",
               "types" : [ "administrative_area_level_2", "political" ]
            },
            {
               "long_name" : "Ontario",
               "short_name" : "ON",
               "types" : [ "administrative_area_level_1", "political" ]
            },
            {
               "long_name" : "Canada",
               "short_name" : "CA",
               "types" : [ "country", "political" ]
            },
            {
               "long_name" : "K1S",
               "short_name" : "K1S",
               "types" : [ "postal_code_prefix", "postal_code" ]
            }
         ],
         "formatted_address" : "24 Clemow Ave, Ottawa, ON K1S, Canada",
         "geometry" : {
            "bounds" : {
               "northeast" : {
                  "lat" : 45.40682169999999,
                  "lng" : -75.6877111
               },
               "southwest" : {
                  "lat" : 45.4068103,
                  "lng" : -75.68772059999999
               }
            },
            "location" : {
               "lat" : 45.4068103,
               "lng" : -75.6877111
            },
            "location_type" : "RANGE_INTERPOLATED",
            "viewport" : {
               "northeast" : {
                  "lat" : 45.4081649802915,
                  "lng" : -75.68636686970849
               },
               "southwest" : {
                  "lat" : 45.4054670197085,
                  "lng" : -75.68906483029151
               }
            }
         },
         "partial_match" : true,
         "place_id" : "EiUyNCBDbGVtb3cgQXZlLCBPdHRhd2EsIE9OIEsxUywgQ2FuYWRh",
         "types" : [ "street_address" ]
      }
   ],
   "status" : "OK"
}
