{
   "results" : [
      {
         "address_components" : [
            {
               "long_name" : "M2J 1E2",
               "short_name" : "M2J 1E2",
               "types" : [ "postal_code" ]
            },
            {
               "long_name" : "Henry Farm",
               "short_name" : "Henry Farm",
               "types" : [ "neighborhood", "political" ]
            },
            {
               "long_name" : "North York",
               "short_name" : "North York",
               "types" : [ "sublocality_level_1", "sublocality", "political" ]
            },
            {
               "long_name" : "Toronto",
               "short_name" : "Toronto",
               "types" : [ "locality", "political" ]
            },
            {
               "long_name" : "Toronto Division",
               "short_name" : "Toronto Division",
               "types" : [ "administrative_area_level_2", "political" ]
            },
            {
               "long_name" : "Ontario",
               "short_name" : "ON",
               "types" : [ "administrative_area_level_1", "political" ]
            },
            {
               "long_name" : "Canada",
               "short_name" : "CA",
               "types" : [ "country", "political" ]
            }
         ],
         "formatted_address" : "North York, ON M2J 1E2, Canada",
         "geometry" : {
            "bounds" : {
               "northeast" : {
                  "lat" : 43.7717357,
                  "lng" : -79.3524391
               },
               "southwest" : {
                  "lat" : 43.7688332,
                  "lng" : -79.35825269999999
               }
            },
            "location" : {
               "lat" : 43.7709296,
               "lng" : -79.35553209999999
            },
            "location_type" : "APPROXIMATE",
            "viewport" : {
               "northeast" : {
                  "lat" : 43.7717357,
                  "lng" : -79.3524391
               },
               "southwest" : {
                  "lat" : 43.7688332,
                  "lng" : -79.35825269999999
               }
            }
         },
         "partial_match" : true,
         "place_id" : "ChIJOSuq1-rS1IkRb54LgBWyHjk",
         "types" : [ "postal_code" ]
      }
   ],
   "status" : "OK"
}
