{
   "results" : [
      {
         "address_components" : [
            {
               "long_name" : "24",
               "short_name" : "24",
               "types" : [ "street_number" ]
            },
            {
               "long_name" : "Woodland Drive",
               "short_name" : "Woodland Dr",
               "types" : [ "route" ]
            },
            {
               "long_name" : "Tsawwassen",
               "short_name" : "Tsawwassen",
               "types" : [ "neighborhood", "political" ]
            },
            {
               "long_name" : "Delta",
               "short_name" : "Delta",
               "types" : [ "locality", "political" ]
            },
            {
               "long_name" : "Greater Vancouver",
               "short_name" : "Greater Vancouver",
               "types" : [ "administrative_area_level_2", "political" ]
            },
            {
               "long_name" : "British Columbia",
               "short_name" : "BC",
               "types" : [ "administrative_area_level_1", "political" ]
            },
            {
               "long_name" : "Canada",
               "short_name" : "CA",
               "types" : [ "country", "political" ]
            },
            {
               "long_name" : "V4L 2C1",
               "short_name" : "V4L 2C1",
               "types" : [ "postal_code" ]
            }
         ],
         "formatted_address" : "24 Woodland Dr, Delta, BC V4L 2C1, Canada",
         "geometry" : {
            "bounds" : {
               "northeast" : {
                  "lat" : 49.0025572,
                  "lng" : -123.0649826
               },
               "southwest" : {
                  "lat" : 49.002557,
                  "lng" : -123.0650013
               }
            },
            "location" : {
               "lat" : 49.0025572,
               "lng" : -123.0649826
            },
            "location_type" : "RANGE_INTERPOLATED",
            "viewport" : {
               "northeast" : {
                  "lat" : 49.0039060802915,
                  "lng" : -123.0636429697085
               },
               "southwest" : {
                  "lat" : 49.0012081197085,
                  "lng" : -123.0663409302915
               }
            }
         },
         "partial_match" : true,
         "place_id" : "EikyNCBXb29kbGFuZCBEciwgRGVsdGEsIEJDIFY0TCAyQzEsIENhbmFkYQ",
         "types" : [ "street_address" ]
      }
   ],
   "status" : "OK"
}
