{
   "results" : [
      {
         "address_components" : [
            {
               "long_name" : "255",
               "short_name" : "255",
               "types" : [ "street_number" ]
            },
            {
               "long_name" : "Spring Garden Road",
               "short_name" : "Spring Garden Rd",
               "types" : [ "route" ]
            },
            {
               "long_name" : "Oakville",
               "short_name" : "Oakville",
               "types" : [ "locality", "political" ]
            },
            {
               "long_name" : "Halton Regional Municipality",
               "short_name" : "Halton Regional Municipality",
               "types" : [ "administrative_area_level_2", "political" ]
            },
            {
               "long_name" : "Ontario",
               "short_name" : "ON",
               "types" : [ "administrative_area_level_1", "political" ]
            },
            {
               "long_name" : "Canada",
               "short_name" : "CA",
               "types" : [ "country", "political" ]
            },
            {
               "long_name" : "L6L 5H5",
               "short_name" : "L6L 5H5",
               "types" : [ "postal_code" ]
            }
         ],
         "formatted_address" : "255 Spring Garden Rd, Oakville, ON L6L 5H5, Canada",
         "geometry" : {
            "location" : {
               "lat" : 43.4216208,
               "lng" : -79.69177429999999
            },
            "location_type" : "ROOFTOP",
            "viewport" : {
               "northeast" : {
                  "lat" : 43.4229697802915,
                  "lng" : -79.69042531970848
               },
               "southwest" : {
                  "lat" : 43.4202718197085,
                  "lng" : -79.6931232802915
               }
            }
         },
         "place_id" : "ChIJkdzMZUpcK4gR9eOsHHznmYs",
         "types" : [ "street_address" ]
      }
   ],
   "status" : "OK"
}
