{
   "results" : [
      {
         "address_components" : [
            {
               "long_name" : "409",
               "short_name" : "409",
               "types" : [ "street_number" ]
            },
            {
               "long_name" : "Granville Street",
               "short_name" : "Granville St",
               "types" : [ "route" ]
            },
            {
               "long_name" : "Central",
               "short_name" : "Central",
               "types" : [ "neighborhood", "political" ]
            },
            {
               "long_name" : "Vancouver",
               "short_name" : "Vancouver",
               "types" : [ "locality", "political" ]
            },
            {
               "long_name" : "Greater Vancouver",
               "short_name" : "Greater Vancouver",
               "types" : [ "administrative_area_level_2", "political" ]
            },
            {
               "long_name" : "British Columbia",
               "short_name" : "BC",
               "types" : [ "administrative_area_level_1", "political" ]
            },
            {
               "long_name" : "Canada",
               "short_name" : "CA",
               "types" : [ "country", "political" ]
            },
            {
               "long_name" : "V6C 1A3",
               "short_name" : "V6C 1A3",
               "types" : [ "postal_code" ]
            }
         ],
         "formatted_address" : "409 Granville St, Vancouver, BC V6C 1A3, Canada",
         "geometry" : {
            "bounds" : {
               "northeast" : {
                  "lat" : 49.285588,
                  "lng" : -123.114166
               },
               "southwest" : {
                  "lat" : 49.2851035,
                  "lng" : -123.1149084
               }
            },
            "location" : {
               "lat" : 49.28534579999999,
               "lng" : -123.1145372
            },
            "location_type" : "ROOFTOP",
            "viewport" : {
               "northeast" : {
                  "lat" : 49.2866947302915,
                  "lng" : -123.1131882197085
               },
               "southwest" : {
                  "lat" : 49.2839967697085,
                  "lng" : -123.1158861802915
               }
            }
         },
         "partial_match" : true,
         "place_id" : "ChIJJf1Zf4JxhlQRqLTF-3NUzl8",
         "types" : [ "premise" ]
      }
   ],
   "status" : "OK"
}
