{
   "results" : [
      {
         "address_components" : [
            {
               "long_name" : "2575",
               "short_name" : "2575",
               "types" : [ "street_number" ]
            },
            {
               "long_name" : "Dunsmuir Road",
               "short_name" : "Dunsmuir Rd",
               "types" : [ "route" ]
            },
            {
               "long_name" : "Southeast Kelowna",
               "short_name" : "Southeast Kelowna",
               "types" : [ "neighborhood", "political" ]
            },
            {
               "long_name" : "Kelowna",
               "short_name" : "Kelowna",
               "types" : [ "locality", "political" ]
            },
            {
               "long_name" : "Central Okanagan",
               "short_name" : "Central Okanagan",
               "types" : [ "administrative_area_level_2", "political" ]
            },
            {
               "long_name" : "British Columbia",
               "short_name" : "BC",
               "types" : [ "administrative_area_level_1", "political" ]
            },
            {
               "long_name" : "Canada",
               "short_name" : "CA",
               "types" : [ "country", "political" ]
            },
            {
               "long_name" : "V1W 2V2",
               "short_name" : "V1W 2V2",
               "types" : [ "postal_code" ]
            }
         ],
         "formatted_address" : "2575 Dunsmuir Rd, Kelowna, BC V1W 2V2, Canada",
         "geometry" : {
            "location" : {
               "lat" : 49.8654862,
               "lng" : -119.4295923
            },
            "location_type" : "ROOFTOP",
            "viewport" : {
               "northeast" : {
                  "lat" : 49.8668351802915,
                  "lng" : -119.4282433197085
               },
               "southwest" : {
                  "lat" : 49.8641372197085,
                  "lng" : -119.4309412802915
               }
            }
         },
         "place_id" : "ChIJc6WcYZOMfVMRTJUwN32hgtg",
         "types" : [ "street_address" ]
      }
   ],
   "status" : "OK"
}
