{
   "results" : [
      {
         "address_components" : [
            {
               "long_name" : "261",
               "short_name" : "261",
               "types" : [ "street_number" ]
            },
            {
               "long_name" : "Vinova Court",
               "short_name" : "Vinova Ct",
               "types" : [ "route" ]
            },
            {
               "long_name" : "Oakville",
               "short_name" : "Oakville",
               "types" : [ "locality", "political" ]
            },
            {
               "long_name" : "Halton Regional Municipality",
               "short_name" : "Halton Regional Municipality",
               "types" : [ "administrative_area_level_2", "political" ]
            },
            {
               "long_name" : "Ontario",
               "short_name" : "ON",
               "types" : [ "administrative_area_level_1", "political" ]
            },
            {
               "long_name" : "Canada",
               "short_name" : "CA",
               "types" : [ "country", "political" ]
            },
            {
               "long_name" : "L6L 5X1",
               "short_name" : "L6L 5X1",
               "types" : [ "postal_code" ]
            }
         ],
         "formatted_address" : "261 Vinova Ct, Oakville, ON L6L 5X1, Canada",
         "geometry" : {
            "location" : {
               "lat" : 43.4219869,
               "lng" : -79.69207879999999
            },
            "location_type" : "ROOFTOP",
            "viewport" : {
               "northeast" : {
                  "lat" : 43.4233358802915,
                  "lng" : -79.69072981970848
               },
               "southwest" : {
                  "lat" : 43.4206379197085,
                  "lng" : -79.69342778029149
               }
            }
         },
         "place_id" : "ChIJrR6dYEpcK4gRZOSG6JtgLNw",
         "types" : [ "street_address" ]
      }
   ],
   "status" : "OK"
}
