{
   "results" : [
      {
         "address_components" : [
            {
               "long_name" : "T8A 6K2",
               "short_name" : "T8A 6K2",
               "types" : [ "postal_code" ]
            },
            {
               "long_name" : "Sherwood Park",
               "short_name" : "Sherwood Park",
               "types" : [ "locality", "political" ]
            },
            {
               "long_name" : "Strathcona County",
               "short_name" : "Strathcona County",
               "types" : [ "administrative_area_level_3", "political" ]
            },
            {
               "long_name" : "Division No. 11",
               "short_name" : "Division No. 11",
               "types" : [ "administrative_area_level_2", "political" ]
            },
            {
               "long_name" : "Alberta",
               "short_name" : "AB",
               "types" : [ "administrative_area_level_1", "political" ]
            },
            {
               "long_name" : "Canada",
               "short_name" : "CA",
               "types" : [ "country", "political" ]
            }
         ],
         "formatted_address" : "Sherwood Park, AB T8A 6K2, Canada",
         "geometry" : {
            "bounds" : {
               "northeast" : {
                  "lat" : 53.527064,
                  "lng" : -113.2337389
               },
               "southwest" : {
                  "lat" : 53.51684299999999,
                  "lng" : -113.2463928
               }
            },
            "location" : {
               "lat" : 53.5220521,
               "lng" : -113.242075
            },
            "location_type" : "APPROXIMATE",
            "viewport" : {
               "northeast" : {
                  "lat" : 53.527064,
                  "lng" : -113.2337389
               },
               "southwest" : {
                  "lat" : 53.51684299999999,
                  "lng" : -113.2463928
               }
            }
         },
         "partial_match" : true,
         "place_id" : "ChIJgy7xGIsWoFMRZaklPM03m4s",
         "types" : [ "postal_code" ]
      }
   ],
   "status" : "OK"
}
