{
   "results" : [
      {
         "address_components" : [
            {
               "long_name" : "M5X 1H3",
               "short_name" : "M5X 1H3",
               "types" : [ "postal_code" ]
            },
            {
               "long_name" : "Financial District",
               "short_name" : "Financial District",
               "types" : [ "neighborhood", "political" ]
            },
            {
               "long_name" : "Old Toronto",
               "short_name" : "Old Toronto",
               "types" : [ "sublocality_level_1", "sublocality", "political" ]
            },
            {
               "long_name" : "Toronto",
               "short_name" : "Toronto",
               "types" : [ "locality", "political" ]
            },
            {
               "long_name" : "Toronto Division",
               "short_name" : "Toronto Division",
               "types" : [ "administrative_area_level_2", "political" ]
            },
            {
               "long_name" : "Ontario",
               "short_name" : "ON",
               "types" : [ "administrative_area_level_1", "political" ]
            },
            {
               "long_name" : "Canada",
               "short_name" : "CA",
               "types" : [ "country", "political" ]
            }
         ],
         "formatted_address" : "Toronto, ON M5X 1H3, Canada",
         "geometry" : {
            "bounds" : {
               "northeast" : {
                  "lat" : 43.6494855,
                  "lng" : -79.38027199999999
               },
               "southwest" : {
                  "lat" : 43.6481701,
                  "lng" : -79.3825803
               }
            },
            "location" : {
               "lat" : 43.6486599,
               "lng" : -79.3815764
            },
            "location_type" : "APPROXIMATE",
            "viewport" : {
               "northeast" : {
                  "lat" : 43.6501767802915,
                  "lng" : -79.38007716970849
               },
               "southwest" : {
                  "lat" : 43.6474788197085,
                  "lng" : -79.38277513029151
               }
            }
         },
         "partial_match" : true,
         "place_id" : "ChIJqWfHkNI0K4gREDKu0y3UOTI",
         "types" : [ "postal_code" ]
      }
   ],
   "status" : "OK"
}
