{
   "results" : [
      {
         "address_components" : [
            {
               "long_name" : "177",
               "short_name" : "177",
               "types" : [ "street_number" ]
            },
            {
               "long_name" : "Cortleigh Boulevard",
               "short_name" : "Cortleigh Blvd",
               "types" : [ "route" ]
            },
            {
               "long_name" : "Lytton Park",
               "short_name" : "Lytton Park",
               "types" : [ "neighborhood", "political" ]
            },
            {
               "long_name" : "Old Toronto",
               "short_name" : "Old Toronto",
               "types" : [ "sublocality_level_1", "sublocality", "political" ]
            },
            {
               "long_name" : "Toronto",
               "short_name" : "Toronto",
               "types" : [ "locality", "political" ]
            },
            {
               "long_name" : "Toronto Division",
               "short_name" : "Toronto Division",
               "types" : [ "administrative_area_level_2", "political" ]
            },
            {
               "long_name" : "Ontario",
               "short_name" : "ON",
               "types" : [ "administrative_area_level_1", "political" ]
            },
            {
               "long_name" : "Canada",
               "short_name" : "CA",
               "types" : [ "country", "political" ]
            },
            {
               "long_name" : "M5N 1P6",
               "short_name" : "M5N 1P6",
               "types" : [ "postal_code" ]
            }
         ],
         "formatted_address" : "177 Cortleigh Blvd, Toronto, ON M5N 1P6, Canada",
         "geometry" : {
            "location" : {
               "lat" : 43.7124146,
               "lng" : -79.41370329999999
            },
            "location_type" : "ROOFTOP",
            "viewport" : {
               "northeast" : {
                  "lat" : 43.71376358029149,
                  "lng" : -79.4123543197085
               },
               "southwest" : {
                  "lat" : 43.71106561970849,
                  "lng" : -79.4150522802915
               }
            }
         },
         "place_id" : "ChIJQeKLNhszK4gR4ztL3NwHxew",
         "types" : [ "street_address" ]
      }
   ],
   "status" : "OK"
}
