{
   "results" : [
      {
         "address_components" : [
            {
               "long_name" : "27",
               "short_name" : "27",
               "types" : [ "street_number" ]
            },
            {
               "long_name" : "Westminster Avenue",
               "short_name" : "Westminster Ave",
               "types" : [ "route" ]
            },
            {
               "long_name" : "Roncesvalles Village",
               "short_name" : "Roncesvalles Village",
               "types" : [ "neighborhood", "political" ]
            },
            {
               "long_name" : "Old Toronto",
               "short_name" : "Old Toronto",
               "types" : [ "sublocality_level_1", "sublocality", "political" ]
            },
            {
               "long_name" : "Toronto",
               "short_name" : "Toronto",
               "types" : [ "locality", "political" ]
            },
            {
               "long_name" : "Toronto Division",
               "short_name" : "Toronto Division",
               "types" : [ "administrative_area_level_2", "political" ]
            },
            {
               "long_name" : "Ontario",
               "short_name" : "ON",
               "types" : [ "administrative_area_level_1", "political" ]
            },
            {
               "long_name" : "Canada",
               "short_name" : "CA",
               "types" : [ "country", "political" ]
            },
            {
               "long_name" : "M6R 1N3",
               "short_name" : "M6R 1N3",
               "types" : [ "postal_code" ]
            }
         ],
         "formatted_address" : "27 Westminster Ave, Toronto, ON M6R 1N3, Canada",
         "geometry" : {
            "location" : {
               "lat" : 43.6479089,
               "lng" : -79.4452223
            },
            "location_type" : "ROOFTOP",
            "viewport" : {
               "northeast" : {
                  "lat" : 43.6492578802915,
                  "lng" : -79.4438733197085
               },
               "southwest" : {
                  "lat" : 43.6465599197085,
                  "lng" : -79.44657128029151
               }
            }
         },
         "place_id" : "ChIJ06CG_0o0K4gRa-DRSWmVwe8",
         "types" : [ "street_address" ]
      }
   ],
   "status" : "OK"
}
