{
   "results" : [
      {
         "address_components" : [
            {
               "long_name" : "281",
               "short_name" : "281",
               "types" : [ "street_number" ]
            },
            {
               "long_name" : "Woodland Drive",
               "short_name" : "Woodland Dr",
               "types" : [ "route" ]
            },
            {
               "long_name" : "Oakville",
               "short_name" : "Oakville",
               "types" : [ "locality", "political" ]
            },
            {
               "long_name" : "Halton Regional Municipality",
               "short_name" : "Halton Regional Municipality",
               "types" : [ "administrative_area_level_2", "political" ]
            },
            {
               "long_name" : "Ontario",
               "short_name" : "ON",
               "types" : [ "administrative_area_level_1", "political" ]
            },
            {
               "long_name" : "Canada",
               "short_name" : "CA",
               "types" : [ "country", "political" ]
            },
            {
               "long_name" : "L6J 4W6",
               "short_name" : "L6J 4W6",
               "types" : [ "postal_code" ]
            }
         ],
         "formatted_address" : "281 Woodland Dr, Oakville, ON L6J 4W6, Canada",
         "geometry" : {
            "location" : {
               "lat" : 43.4746838,
               "lng" : -79.6484945
            },
            "location_type" : "ROOFTOP",
            "viewport" : {
               "northeast" : {
                  "lat" : 43.4760327802915,
                  "lng" : -79.64714551970849
               },
               "southwest" : {
                  "lat" : 43.4733348197085,
                  "lng" : -79.64984348029149
               }
            }
         },
         "place_id" : "ChIJtYwPxqpEK4gRlebIk4FfUcA",
         "types" : [ "street_address" ]
      }
   ],
   "status" : "OK"
}
