{
   "results" : [
      {
         "address_components" : [
            {
               "long_name" : "29",
               "short_name" : "29",
               "types" : [ "street_number" ]
            },
            {
               "long_name" : "Joymar Drive",
               "short_name" : "Joymar Dr",
               "types" : [ "route" ]
            },
            {
               "long_name" : "Streetsville",
               "short_name" : "Streetsville",
               "types" : [ "neighborhood", "political" ]
            },
            {
               "long_name" : "Mississauga",
               "short_name" : "Mississauga",
               "types" : [ "locality", "political" ]
            },
            {
               "long_name" : "Peel Regional Municipality",
               "short_name" : "Peel Regional Municipality",
               "types" : [ "administrative_area_level_2", "political" ]
            },
            {
               "long_name" : "Ontario",
               "short_name" : "ON",
               "types" : [ "administrative_area_level_1", "political" ]
            },
            {
               "long_name" : "Canada",
               "short_name" : "CA",
               "types" : [ "country", "political" ]
            },
            {
               "long_name" : "L5M 1G1",
               "short_name" : "L5M 1G1",
               "types" : [ "postal_code" ]
            }
         ],
         "formatted_address" : "29 Joymar Dr, Mississauga, ON L5M 1G1, Canada",
         "geometry" : {
            "location" : {
               "lat" : 43.5828722,
               "lng" : -79.7235561
            },
            "location_type" : "ROOFTOP",
            "viewport" : {
               "northeast" : {
                  "lat" : 43.58422118029149,
                  "lng" : -79.7222071197085
               },
               "southwest" : {
                  "lat" : 43.58152321970849,
                  "lng" : -79.72490508029151
               }
            }
         },
         "place_id" : "ChIJGZ26LsRBK4gRM142xa60Q5I",
         "types" : [ "street_address" ]
      }
   ],
   "status" : "OK"
}
