{
   "results" : [
      {
         "address_components" : [
            {
               "long_name" : "3",
               "short_name" : "3",
               "types" : [ "street_number" ]
            },
            {
               "long_name" : "Colindale Street",
               "short_name" : "Colindale St",
               "types" : [ "route" ]
            },
            {
               "long_name" : "Jollimore",
               "short_name" : "Jollimore",
               "types" : [ "neighborhood", "political" ]
            },
            {
               "long_name" : "Armdale",
               "short_name" : "Armdale",
               "types" : [ "sublocality_level_1", "sublocality", "political" ]
            },
            {
               "long_name" : "Halifax",
               "short_name" : "Halifax",
               "types" : [ "locality", "political" ]
            },
            {
               "long_name" : "Halifax",
               "short_name" : "Halifax",
               "types" : [ "administrative_area_level_3", "political" ]
            },
            {
               "long_name" : "Halifax Regional Municipality",
               "short_name" : "Halifax Regional Municipality",
               "types" : [ "administrative_area_level_2", "political" ]
            },
            {
               "long_name" : "Nova Scotia",
               "short_name" : "NS",
               "types" : [ "administrative_area_level_1", "political" ]
            },
            {
               "long_name" : "Canada",
               "short_name" : "CA",
               "types" : [ "country", "political" ]
            },
            {
               "long_name" : "B3P",
               "short_name" : "B3P",
               "types" : [ "postal_code_prefix", "postal_code" ]
            }
         ],
         "formatted_address" : "3 Colindale St, Halifax, NS B3P, Canada",
         "geometry" : {
            "location" : {
               "lat" : 44.6276066,
               "lng" : -63.60990079999999
            },
            "location_type" : "ROOFTOP",
            "viewport" : {
               "northeast" : {
                  "lat" : 44.6289555802915,
                  "lng" : -63.60855181970849
               },
               "southwest" : {
                  "lat" : 44.6262576197085,
                  "lng" : -63.6112497802915
               }
            }
         },
         "partial_match" : true,
         "place_id" : "ChIJHw5XAB0iWksRjtq52bTvlQ4",
         "types" : [ "street_address" ]
      }
   ],
   "status" : "OK"
}
