{
   "results" : [
      {
         "address_components" : [
            {
               "long_name" : "1507",
               "short_name" : "1507",
               "types" : [ "street_number" ]
            },
            {
               "long_name" : "West 12th Avenue",
               "short_name" : "W 12th Ave",
               "types" : [ "route" ]
            },
            {
               "long_name" : "West Side",
               "short_name" : "West Side",
               "types" : [ "neighborhood", "political" ]
            },
            {
               "long_name" : "Vancouver",
               "short_name" : "Vancouver",
               "types" : [ "locality", "political" ]
            },
            {
               "long_name" : "Greater Vancouver",
               "short_name" : "Greater Vancouver",
               "types" : [ "administrative_area_level_2", "political" ]
            },
            {
               "long_name" : "British Columbia",
               "short_name" : "BC",
               "types" : [ "administrative_area_level_1", "political" ]
            },
            {
               "long_name" : "Canada",
               "short_name" : "CA",
               "types" : [ "country", "political" ]
            },
            {
               "long_name" : "V6H 3J1",
               "short_name" : "V6H 3J1",
               "types" : [ "postal_code" ]
            }
         ],
         "formatted_address" : "1507 W 12th Ave, Vancouver, BC V6H 3J1, Canada",
         "geometry" : {
            "location" : {
               "lat" : 49.26085399999999,
               "lng" : -123.1391025
            },
            "location_type" : "ROOFTOP",
            "viewport" : {
               "northeast" : {
                  "lat" : 49.26220298029149,
                  "lng" : -123.1377535197085
               },
               "southwest" : {
                  "lat" : 49.2595050197085,
                  "lng" : -123.1404514802915
               }
            }
         },
         "partial_match" : true,
         "place_id" : "ChIJ0XjGt7hzhlQRstDENTFGvnU",
         "types" : [ "street_address" ]
      }
   ],
   "status" : "OK"
}
