{
   "results" : [
      {
         "address_components" : [
            {
               "long_name" : "3024",
               "short_name" : "3024",
               "types" : [ "street_number" ]
            },
            {
               "long_name" : "Bernina Drive",
               "short_name" : "Bernina Dr",
               "types" : [ "route" ]
            },
            {
               "long_name" : "Salt Lake City",
               "short_name" : "Salt Lake City",
               "types" : [ "locality", "political" ]
            },
            {
               "long_name" : "Salt Lake County",
               "short_name" : "Salt Lake County",
               "types" : [ "administrative_area_level_2", "political" ]
            },
            {
               "long_name" : "Utah",
               "short_name" : "UT",
               "types" : [ "administrative_area_level_1", "political" ]
            },
            {
               "long_name" : "United States",
               "short_name" : "US",
               "types" : [ "country", "political" ]
            },
            {
               "long_name" : "84118",
               "short_name" : "84118",
               "types" : [ "postal_code" ]
            }
         ],
         "formatted_address" : "3024 Bernina Dr, Salt Lake City, UT 84118, USA",
         "geometry" : {
            "location" : {
               "lat" : 40.6457369,
               "lng" : -111.963982
            },
            "location_type" : "ROOFTOP",
            "viewport" : {
               "northeast" : {
                  "lat" : 40.64708588029149,
                  "lng" : -111.9626330197085
               },
               "southwest" : {
                  "lat" : 40.64438791970849,
                  "lng" : -111.9653309802915
               }
            }
         },
         "place_id" : "ChIJ0W2dSwOMUocRFMYruZ1q7rA",
         "types" : [ "street_address" ]
      }
   ],
   "status" : "OK"
}
