{
   "results" : [
      {
         "address_components" : [
            {
               "long_name" : "308",
               "short_name" : "308",
               "types" : [ "street_number" ]
            },
            {
               "long_name" : "Saint Anns Avenue",
               "short_name" : "St Anns Ave",
               "types" : [ "route" ]
            },
            {
               "long_name" : "Douglas",
               "short_name" : "Douglas",
               "types" : [ "neighborhood", "political" ]
            },
            {
               "long_name" : "Juneau",
               "short_name" : "Juneau",
               "types" : [ "locality", "political" ]
            },
            {
               "long_name" : "Juneau",
               "short_name" : "Juneau",
               "types" : [ "administrative_area_level_2", "political" ]
            },
            {
               "long_name" : "Alaska",
               "short_name" : "AK",
               "types" : [ "administrative_area_level_1", "political" ]
            },
            {
               "long_name" : "United States",
               "short_name" : "US",
               "types" : [ "country", "political" ]
            },
            {
               "long_name" : "99824",
               "short_name" : "99824",
               "types" : [ "postal_code" ]
            },
            {
               "long_name" : "5536",
               "short_name" : "5536",
               "types" : [ "postal_code_suffix" ]
            }
         ],
         "formatted_address" : "308 St Anns Ave, Douglas, AK 99824, USA",
         "geometry" : {
            "location" : {
               "lat" : 58.2719,
               "lng" : -134.386
            },
            "location_type" : "ROOFTOP",
            "viewport" : {
               "northeast" : {
                  "lat" : 58.2732489802915,
                  "lng" : -134.3846510197085
               },
               "southwest" : {
                  "lat" : 58.27055101970849,
                  "lng" : -134.3873489802915
               }
            }
         },
         "place_id" : "ChIJzcJhZKEgAVQRgYGWlZhDSLQ",
         "types" : [ "street_address" ]
      }
   ],
   "status" : "OK"
}
