{
   "results" : [
      {
         "address_components" : [
            {
               "long_name" : "3131",
               "short_name" : "3131",
               "types" : [ "street_number" ]
            },
            {
               "long_name" : "Old Adobe Road",
               "short_name" : "Old Adobe Rd",
               "types" : [ "route" ]
            },
            {
               "long_name" : "Petaluma",
               "short_name" : "Petaluma",
               "types" : [ "locality", "political" ]
            },
            {
               "long_name" : "Sonoma County",
               "short_name" : "Sonoma County",
               "types" : [ "administrative_area_level_2", "political" ]
            },
            {
               "long_name" : "California",
               "short_name" : "CA",
               "types" : [ "administrative_area_level_1", "political" ]
            },
            {
               "long_name" : "United States",
               "short_name" : "US",
               "types" : [ "country", "political" ]
            },
            {
               "long_name" : "94954",
               "short_name" : "94954",
               "types" : [ "postal_code" ]
            },
            {
               "long_name" : "9275",
               "short_name" : "9275",
               "types" : [ "postal_code_suffix" ]
            }
         ],
         "formatted_address" : "3131 Old Adobe Rd, Petaluma, CA 94954, USA",
         "geometry" : {
            "location" : {
               "lat" : 38.260777,
               "lng" : -122.59014
            },
            "location_type" : "ROOFTOP",
            "viewport" : {
               "northeast" : {
                  "lat" : 38.2621259802915,
                  "lng" : -122.5887910197085
               },
               "southwest" : {
                  "lat" : 38.2594280197085,
                  "lng" : -122.5914889802915
               }
            }
         },
         "place_id" : "ChIJGYqpJc6zhYAROnvcWPhPcSo",
         "types" : [ "street_address" ]
      }
   ],
   "status" : "OK"
}
