{
   "results" : [
      {
         "address_components" : [
            {
               "long_name" : "320",
               "short_name" : "320",
               "types" : [ "street_number" ]
            },
            {
               "long_name" : "Bay Street",
               "short_name" : "Bay St",
               "types" : [ "route" ]
            },
            {
               "long_name" : "Financial District",
               "short_name" : "Financial District",
               "types" : [ "neighborhood", "political" ]
            },
            {
               "long_name" : "Old Toronto",
               "short_name" : "Old Toronto",
               "types" : [ "sublocality_level_1", "sublocality", "political" ]
            },
            {
               "long_name" : "Toronto",
               "short_name" : "Toronto",
               "types" : [ "locality", "political" ]
            },
            {
               "long_name" : "Toronto Division",
               "short_name" : "Toronto Division",
               "types" : [ "administrative_area_level_2", "political" ]
            },
            {
               "long_name" : "Ontario",
               "short_name" : "ON",
               "types" : [ "administrative_area_level_1", "political" ]
            },
            {
               "long_name" : "Canada",
               "short_name" : "CA",
               "types" : [ "country", "political" ]
            },
            {
               "long_name" : "M5H 4A6",
               "short_name" : "M5H 4A6",
               "types" : [ "postal_code" ]
            }
         ],
         "formatted_address" : "320 Bay St, Toronto, ON M5H 4A6, Canada",
         "geometry" : {
            "location" : {
               "lat" : 43.6494791,
               "lng" : -79.38112869999999
            },
            "location_type" : "ROOFTOP",
            "viewport" : {
               "northeast" : {
                  "lat" : 43.6508280802915,
                  "lng" : -79.37977971970848
               },
               "southwest" : {
                  "lat" : 43.6481301197085,
                  "lng" : -79.3824776802915
               }
            }
         },
         "place_id" : "ChIJ1_f2Ws00K4gRoJghfxPN8es",
         "types" : [ "street_address" ]
      }
   ],
   "status" : "OK"
}
