{
   "results" : [
      {
         "address_components" : [
            {
               "long_name" : "1503",
               "short_name" : "1503",
               "types" : [ "subpremise" ]
            },
            {
               "long_name" : "",
               "short_name" : "",
               "types" : [ "premise" ]
            },
            {
               "long_name" : "330",
               "short_name" : "330",
               "types" : [ "street_number" ]
            },
            {
               "long_name" : "Bay Street",
               "short_name" : "Bay St",
               "types" : [ "route" ]
            },
            {
               "long_name" : "Financial District",
               "short_name" : "Financial District",
               "types" : [ "neighborhood", "political" ]
            },
            {
               "long_name" : "Old Toronto",
               "short_name" : "Old Toronto",
               "types" : [ "sublocality_level_1", "sublocality", "political" ]
            },
            {
               "long_name" : "Toronto",
               "short_name" : "Toronto",
               "types" : [ "locality", "political" ]
            },
            {
               "long_name" : "Toronto Division",
               "short_name" : "Toronto Division",
               "types" : [ "administrative_area_level_2", "political" ]
            },
            {
               "long_name" : "Ontario",
               "short_name" : "ON",
               "types" : [ "administrative_area_level_1", "political" ]
            },
            {
               "long_name" : "Canada",
               "short_name" : "CA",
               "types" : [ "country", "political" ]
            },
            {
               "long_name" : "M5H 2S8",
               "short_name" : "M5H 2S8",
               "types" : [ "postal_code" ]
            }
         ],
         "formatted_address" : "330 Bay St #1503, Toronto, ON M5H 2S8, Canada",
         "geometry" : {
            "location" : {
               "lat" : 43.65003360000001,
               "lng" : -79.38120909999999
            },
            "location_type" : "ROOFTOP",
            "viewport" : {
               "northeast" : {
                  "lat" : 43.65138258029151,
                  "lng" : -79.37986011970848
               },
               "southwest" : {
                  "lat" : 43.64868461970851,
                  "lng" : -79.3825580802915
               }
            }
         },
         "place_id" : "Ei0zMzAgQmF5IFN0ICMxNTAzLCBUb3JvbnRvLCBPTiBNNUggMlM4LCBDYW5hZGE",
         "types" : [ "subpremise" ]
      }
   ],
   "status" : "OK"
}
