{
   "results" : [
      {
         "address_components" : [
            {
               "long_name" : "178",
               "short_name" : "178",
               "types" : [ "street_number" ]
            },
            {
               "long_name" : "Rue de la Rivelaine",
               "short_name" : "Rue de la Rivelaine",
               "types" : [ "route" ]
            },
            {
               "long_name" : "Notre-Dame-de-l'Île-Perrot",
               "short_name" : "Notre-Dame-de-l'Île-Perrot",
               "types" : [ "locality", "political" ]
            },
            {
               "long_name" : "Vaudreuil-Soulanges",
               "short_name" : "Vaudreuil-Soulanges",
               "types" : [ "administrative_area_level_2", "political" ]
            },
            {
               "long_name" : "Québec",
               "short_name" : "QC",
               "types" : [ "administrative_area_level_1", "political" ]
            },
            {
               "long_name" : "Canada",
               "short_name" : "CA",
               "types" : [ "country", "political" ]
            },
            {
               "long_name" : "J7V 9G3",
               "short_name" : "J7V 9G3",
               "types" : [ "postal_code" ]
            }
         ],
         "formatted_address" : "178 Rue de la Rivelaine, Notre-Dame-de-l'Île-Perrot, QC J7V 9G3, Canada",
         "geometry" : {
            "location" : {
               "lat" : 45.3817994,
               "lng" : -73.9371567
            },
            "location_type" : "ROOFTOP",
            "viewport" : {
               "northeast" : {
                  "lat" : 45.3831483802915,
                  "lng" : -73.93580771970851
               },
               "southwest" : {
                  "lat" : 45.3804504197085,
                  "lng" : -73.93850568029151
               }
            }
         },
         "partial_match" : true,
         "place_id" : "ChIJHSyJu4Y4yUwRgt2hw9DKENU",
         "types" : [ "street_address" ]
      }
   ],
   "status" : "OK"
}
