{
   "results" : [
      {
         "address_components" : [
            {
               "long_name" : "3309",
               "short_name" : "3309",
               "types" : [ "street_number" ]
            },
            {
               "long_name" : "Riverside Drive",
               "short_name" : "Riverside Dr",
               "types" : [ "route" ]
            },
            {
               "long_name" : "Hunt Club Woods - Quintarra - Revelstoke - Riverside South P",
               "short_name" : "Hunt Club Woods - Quintarra - Revelstoke - Riverside South P",
               "types" : [ "neighborhood", "political" ]
            },
            {
               "long_name" : "Ottawa",
               "short_name" : "Ottawa",
               "types" : [ "locality", "political" ]
            },
            {
               "long_name" : "Ottawa Division",
               "short_name" : "Ottawa Division",
               "types" : [ "administrative_area_level_2", "political" ]
            },
            {
               "long_name" : "Ontario",
               "short_name" : "ON",
               "types" : [ "administrative_area_level_1", "political" ]
            },
            {
               "long_name" : "Canada",
               "short_name" : "CA",
               "types" : [ "country", "political" ]
            },
            {
               "long_name" : "K1V 8N9",
               "short_name" : "K1V 8N9",
               "types" : [ "postal_code" ]
            }
         ],
         "formatted_address" : "3309 Riverside Dr, Ottawa, ON K1V 8N9, Canada",
         "geometry" : {
            "location" : {
               "lat" : 45.3554135,
               "lng" : -75.69148749999999
            },
            "location_type" : "ROOFTOP",
            "viewport" : {
               "northeast" : {
                  "lat" : 45.35676248029149,
                  "lng" : -75.69013851970848
               },
               "southwest" : {
                  "lat" : 45.3540645197085,
                  "lng" : -75.69283648029149
               }
            }
         },
         "place_id" : "ChIJuX7eTCUGzkwRmvuTNRS5e3I",
         "types" : [ "street_address" ]
      }
   ],
   "status" : "OK"
}
