{
   "results" : [
      {
         "address_components" : [
            {
               "long_name" : "333",
               "short_name" : "333",
               "types" : [ "street_number" ]
            },
            {
               "long_name" : "Claremont Crescent",
               "short_name" : "Claremont Crescent",
               "types" : [ "route" ]
            },
            {
               "long_name" : "Oakville",
               "short_name" : "Oakville",
               "types" : [ "locality", "political" ]
            },
            {
               "long_name" : "Halton Regional Municipality",
               "short_name" : "Halton Regional Municipality",
               "types" : [ "administrative_area_level_2", "political" ]
            },
            {
               "long_name" : "Ontario",
               "short_name" : "ON",
               "types" : [ "administrative_area_level_1", "political" ]
            },
            {
               "long_name" : "Canada",
               "short_name" : "CA",
               "types" : [ "country", "political" ]
            },
            {
               "long_name" : "L6J 6J9",
               "short_name" : "L6J 6J9",
               "types" : [ "postal_code" ]
            }
         ],
         "formatted_address" : "333 Claremont Crescent, Oakville, ON L6J 6J9, Canada",
         "geometry" : {
            "location" : {
               "lat" : 43.4850971,
               "lng" : -79.640967
            },
            "location_type" : "ROOFTOP",
            "viewport" : {
               "northeast" : {
                  "lat" : 43.4864460802915,
                  "lng" : -79.63961801970849
               },
               "southwest" : {
                  "lat" : 43.4837481197085,
                  "lng" : -79.64231598029151
               }
            }
         },
         "place_id" : "ChIJU1XkHKVEK4gRh2ibmXCd6hI",
         "types" : [ "street_address" ]
      }
   ],
   "status" : "OK"
}
