{
   "results" : [
      {
         "address_components" : [
            {
               "long_name" : "3344",
               "short_name" : "3344",
               "types" : [ "street_number" ]
            },
            {
               "long_name" : "Dale Street",
               "short_name" : "Dale St",
               "types" : [ "route" ]
            },
            {
               "long_name" : "Ketchikan",
               "short_name" : "Ketchikan",
               "types" : [ "locality", "political" ]
            },
            {
               "long_name" : "Ketchikan Gateway",
               "short_name" : "Ketchikan Gateway",
               "types" : [ "administrative_area_level_2", "political" ]
            },
            {
               "long_name" : "Alaska",
               "short_name" : "AK",
               "types" : [ "administrative_area_level_1", "political" ]
            },
            {
               "long_name" : "United States",
               "short_name" : "US",
               "types" : [ "country", "political" ]
            },
            {
               "long_name" : "99901",
               "short_name" : "99901",
               "types" : [ "postal_code" ]
            },
            {
               "long_name" : "5626",
               "short_name" : "5626",
               "types" : [ "postal_code_suffix" ]
            }
         ],
         "formatted_address" : "3344 Dale St, Ketchikan, AK 99901, USA",
         "geometry" : {
            "location" : {
               "lat" : 55.3551945,
               "lng" : -131.6894217
            },
            "location_type" : "ROOFTOP",
            "viewport" : {
               "northeast" : {
                  "lat" : 55.3565434802915,
                  "lng" : -131.6880727197085
               },
               "southwest" : {
                  "lat" : 55.3538455197085,
                  "lng" : -131.6907706802915
               }
            }
         },
         "place_id" : "ChIJ4ZVmGbklDFQRsIQQQ8cquWM",
         "types" : [ "street_address" ]
      }
   ],
   "status" : "OK"
}
