{
   "results" : [
      {
         "address_components" : [
            {
               "long_name" : "85705",
               "short_name" : "85705",
               "types" : [ "postal_code" ]
            },
            {
               "long_name" : "Tucson",
               "short_name" : "Tucson",
               "types" : [ "locality", "political" ]
            },
            {
               "long_name" : "Pima County",
               "short_name" : "Pima County",
               "types" : [ "administrative_area_level_2", "political" ]
            },
            {
               "long_name" : "Arizona",
               "short_name" : "AZ",
               "types" : [ "administrative_area_level_1", "political" ]
            },
            {
               "long_name" : "United States",
               "short_name" : "US",
               "types" : [ "country", "political" ]
            }
         ],
         "formatted_address" : "Tucson, AZ 85705, USA",
         "geometry" : {
            "bounds" : {
               "northeast" : {
                  "lat" : 32.311926,
                  "lng" : -110.9606991
               },
               "southwest" : {
                  "lat" : 32.220344,
                  "lng" : -111.0416359
               }
            },
            "location" : {
               "lat" : 32.2680738,
               "lng" : -110.9923904
            },
            "location_type" : "APPROXIMATE",
            "viewport" : {
               "northeast" : {
                  "lat" : 32.311926,
                  "lng" : -110.9606991
               },
               "southwest" : {
                  "lat" : 32.220344,
                  "lng" : -111.0416359
               }
            }
         },
         "partial_match" : true,
         "place_id" : "ChIJoeQ2O_pz1oYRAWcTNnz1MT4",
         "types" : [ "postal_code" ]
      }
   ],
   "status" : "OK"
}
