{
   "results" : [
      {
         "address_components" : [
            {
               "long_name" : "367",
               "short_name" : "367",
               "types" : [ "street_number" ]
            },
            {
               "long_name" : "Maple Avenue",
               "short_name" : "Maple Ave",
               "types" : [ "route" ]
            },
            {
               "long_name" : "South Park",
               "short_name" : "South Park",
               "types" : [ "neighborhood", "political" ]
            },
            {
               "long_name" : "Morgantown",
               "short_name" : "Morgantown",
               "types" : [ "locality", "political" ]
            },
            {
               "long_name" : "Central",
               "short_name" : "Central",
               "types" : [ "administrative_area_level_3", "political" ]
            },
            {
               "long_name" : "Monongalia County",
               "short_name" : "Monongalia County",
               "types" : [ "administrative_area_level_2", "political" ]
            },
            {
               "long_name" : "West Virginia",
               "short_name" : "WV",
               "types" : [ "administrative_area_level_1", "political" ]
            },
            {
               "long_name" : "United States",
               "short_name" : "US",
               "types" : [ "country", "political" ]
            },
            {
               "long_name" : "26501",
               "short_name" : "26501",
               "types" : [ "postal_code" ]
            },
            {
               "long_name" : "6624",
               "short_name" : "6624",
               "types" : [ "postal_code_suffix" ]
            }
         ],
         "formatted_address" : "367 Maple Ave, Morgantown, WV 26501, USA",
         "geometry" : {
            "location" : {
               "lat" : 39.6223038,
               "lng" : -79.95106029999999
            },
            "location_type" : "ROOFTOP",
            "viewport" : {
               "northeast" : {
                  "lat" : 39.62365278029149,
                  "lng" : -79.9497113197085
               },
               "southwest" : {
                  "lat" : 39.62095481970849,
                  "lng" : -79.9524092802915
               }
            }
         },
         "place_id" : "ChIJbzotYpt8NYgRRDGJ4ahs1ss",
         "types" : [ "street_address" ]
      }
   ],
   "status" : "OK"
}
