{
   "results" : [
      {
         "address_components" : [
            {
               "long_name" : "373",
               "short_name" : "373",
               "types" : [ "street_number" ]
            },
            {
               "long_name" : "Tuscany Valley View Northwest",
               "short_name" : "Tuscany Valley View NW",
               "types" : [ "route" ]
            },
            {
               "long_name" : "Northwest Calgary",
               "short_name" : "Northwest Calgary",
               "types" : [ "neighborhood", "political" ]
            },
            {
               "long_name" : "Calgary",
               "short_name" : "Calgary",
               "types" : [ "locality", "political" ]
            },
            {
               "long_name" : "Division No. 6",
               "short_name" : "Division No. 6",
               "types" : [ "administrative_area_level_2", "political" ]
            },
            {
               "long_name" : "Alberta",
               "short_name" : "AB",
               "types" : [ "administrative_area_level_1", "political" ]
            },
            {
               "long_name" : "Canada",
               "short_name" : "CA",
               "types" : [ "country", "political" ]
            },
            {
               "long_name" : "T3L 2L5",
               "short_name" : "T3L 2L5",
               "types" : [ "postal_code" ]
            }
         ],
         "formatted_address" : "373 Tuscany Valley View NW, Calgary, AB T3L 2L5, Canada",
         "geometry" : {
            "location" : {
               "lat" : 51.1338138,
               "lng" : -114.2416984
            },
            "location_type" : "ROOFTOP",
            "viewport" : {
               "northeast" : {
                  "lat" : 51.13516278029149,
                  "lng" : -114.2403494197085
               },
               "southwest" : {
                  "lat" : 51.1324648197085,
                  "lng" : -114.2430473802915
               }
            }
         },
         "place_id" : "ChIJGZdNtnRpcVMR-AxbrXIEOp0",
         "types" : [ "street_address" ]
      }
   ],
   "status" : "OK"
}
