{
   "results" : [
      {
         "address_components" : [
            {
               "long_name" : "398",
               "short_name" : "398",
               "types" : [ "street_number" ]
            },
            {
               "long_name" : "Wellesley Street East",
               "short_name" : "Wellesley St E",
               "types" : [ "route" ]
            },
            {
               "long_name" : "Downtown",
               "short_name" : "Downtown",
               "types" : [ "neighborhood", "political" ]
            },
            {
               "long_name" : "Old Toronto",
               "short_name" : "Old Toronto",
               "types" : [ "sublocality_level_1", "sublocality", "political" ]
            },
            {
               "long_name" : "Toronto",
               "short_name" : "Toronto",
               "types" : [ "locality", "political" ]
            },
            {
               "long_name" : "Toronto Division",
               "short_name" : "Toronto Division",
               "types" : [ "administrative_area_level_2", "political" ]
            },
            {
               "long_name" : "Ontario",
               "short_name" : "ON",
               "types" : [ "administrative_area_level_1", "political" ]
            },
            {
               "long_name" : "Canada",
               "short_name" : "CA",
               "types" : [ "country", "political" ]
            },
            {
               "long_name" : "M4X 1H6",
               "short_name" : "M4X 1H6",
               "types" : [ "postal_code" ]
            }
         ],
         "formatted_address" : "398 Wellesley St E, Toronto, ON M4X 1H6, Canada",
         "geometry" : {
            "location" : {
               "lat" : 43.6691934,
               "lng" : -79.3656802
            },
            "location_type" : "ROOFTOP",
            "viewport" : {
               "northeast" : {
                  "lat" : 43.6705423802915,
                  "lng" : -79.36433121970849
               },
               "southwest" : {
                  "lat" : 43.6678444197085,
                  "lng" : -79.36702918029151
               }
            }
         },
         "place_id" : "ChIJd0HCqFvL1IkRPAiVmTOVZBQ",
         "types" : [ "street_address" ]
      }
   ],
   "status" : "OK"
}
