{
   "results" : [
      {
         "address_components" : [
            {
               "long_name" : "4",
               "short_name" : "4",
               "types" : [ "street_number" ]
            },
            {
               "long_name" : "Canova Road Southwest",
               "short_name" : "Canova Rd SW",
               "types" : [ "route" ]
            },
            {
               "long_name" : "Southwest Calgary",
               "short_name" : "Southwest Calgary",
               "types" : [ "neighborhood", "political" ]
            },
            {
               "long_name" : "Calgary",
               "short_name" : "Calgary",
               "types" : [ "locality", "political" ]
            },
            {
               "long_name" : "Division No. 6",
               "short_name" : "Division No. 6",
               "types" : [ "administrative_area_level_2", "political" ]
            },
            {
               "long_name" : "Alberta",
               "short_name" : "AB",
               "types" : [ "administrative_area_level_1", "political" ]
            },
            {
               "long_name" : "Canada",
               "short_name" : "CA",
               "types" : [ "country", "political" ]
            },
            {
               "long_name" : "T2W 2G3",
               "short_name" : "T2W 2G3",
               "types" : [ "postal_code" ]
            }
         ],
         "formatted_address" : "4 Canova Rd SW, Calgary, AB T2W 2G3, Canada",
         "geometry" : {
            "location" : {
               "lat" : 50.9437126,
               "lng" : -114.0900248
            },
            "location_type" : "ROOFTOP",
            "viewport" : {
               "northeast" : {
                  "lat" : 50.9450615802915,
                  "lng" : -114.0886758197085
               },
               "southwest" : {
                  "lat" : 50.9423636197085,
                  "lng" : -114.0913737802915
               }
            }
         },
         "place_id" : "ChIJ69rlmq52cVMR4XF4D0iGw70",
         "types" : [ "street_address" ]
      }
   ],
   "status" : "OK"
}
