{
   "results" : [
      {
         "address_components" : [
            {
               "long_name" : "4022",
               "short_name" : "4022",
               "types" : [ "street_number" ]
            },
            {
               "long_name" : "Ann Dover Gardens",
               "short_name" : "Ann Dover Gardens",
               "types" : [ "route" ]
            },
            {
               "long_name" : "Atlantic City",
               "short_name" : "Atlantic City",
               "types" : [ "locality", "political" ]
            },
            {
               "long_name" : "Atlantic County",
               "short_name" : "Atlantic County",
               "types" : [ "administrative_area_level_2", "political" ]
            },
            {
               "long_name" : "New Jersey",
               "short_name" : "NJ",
               "types" : [ "administrative_area_level_1", "political" ]
            },
            {
               "long_name" : "United States",
               "short_name" : "US",
               "types" : [ "country", "political" ]
            },
            {
               "long_name" : "08401",
               "short_name" : "08401",
               "types" : [ "postal_code" ]
            },
            {
               "long_name" : "3403",
               "short_name" : "3403",
               "types" : [ "postal_code_suffix" ]
            }
         ],
         "formatted_address" : "4022 Ann Dover Gardens, Atlantic City, NJ 08401, USA",
         "geometry" : {
            "location" : {
               "lat" : 39.3500727,
               "lng" : -74.4590518
            },
            "location_type" : "ROOFTOP",
            "viewport" : {
               "northeast" : {
                  "lat" : 39.35142168029149,
                  "lng" : -74.45770281970849
               },
               "southwest" : {
                  "lat" : 39.3487237197085,
                  "lng" : -74.46040078029151
               }
            }
         },
         "partial_match" : true,
         "place_id" : "ChIJPQVI5YXuwIkRPZTdmPapu-g",
         "types" : [ "street_address" ]
      }
   ],
   "status" : "OK"
}
