{
   "results" : [
      {
         "address_components" : [
            {
               "long_name" : "417",
               "short_name" : "417",
               "types" : [ "street_number" ]
            },
            {
               "long_name" : "Hodgson Road",
               "short_name" : "Hodgson Rd",
               "types" : [ "route" ]
            },
            {
               "long_name" : "Williams Lake",
               "short_name" : "Williams Lake",
               "types" : [ "locality", "political" ]
            },
            {
               "long_name" : "Cariboo",
               "short_name" : "Cariboo",
               "types" : [ "administrative_area_level_2", "political" ]
            },
            {
               "long_name" : "British Columbia",
               "short_name" : "BC",
               "types" : [ "administrative_area_level_1", "political" ]
            },
            {
               "long_name" : "Canada",
               "short_name" : "CA",
               "types" : [ "country", "political" ]
            },
            {
               "long_name" : "V2G 3P8",
               "short_name" : "V2G 3P8",
               "types" : [ "postal_code" ]
            }
         ],
         "formatted_address" : "417 Hodgson Rd, Williams Lake, BC V2G 3P8, Canada",
         "geometry" : {
            "location" : {
               "lat" : 52.1116393,
               "lng" : -122.1451549
            },
            "location_type" : "ROOFTOP",
            "viewport" : {
               "northeast" : {
                  "lat" : 52.1129882802915,
                  "lng" : -122.1438059197085
               },
               "southwest" : {
                  "lat" : 52.1102903197085,
                  "lng" : -122.1465038802915
               }
            }
         },
         "place_id" : "ChIJQSxRHbujgFMReSUXKVVo5lY",
         "types" : [ "street_address" ]
      }
   ],
   "status" : "OK"
}
