{
   "results" : [
      {
         "address_components" : [
            {
               "long_name" : "418",
               "short_name" : "418",
               "types" : [ "street_number" ]
            },
            {
               "long_name" : "East 8th Street Southwest",
               "short_name" : "E 8th St SW",
               "types" : [ "route" ]
            },
            {
               "long_name" : "Rome",
               "short_name" : "Rome",
               "types" : [ "locality", "political" ]
            },
            {
               "long_name" : "Floyd County",
               "short_name" : "Floyd County",
               "types" : [ "administrative_area_level_2", "political" ]
            },
            {
               "long_name" : "Georgia",
               "short_name" : "GA",
               "types" : [ "administrative_area_level_1", "political" ]
            },
            {
               "long_name" : "United States",
               "short_name" : "US",
               "types" : [ "country", "political" ]
            },
            {
               "long_name" : "30161",
               "short_name" : "30161",
               "types" : [ "postal_code" ]
            },
            {
               "long_name" : "3357",
               "short_name" : "3357",
               "types" : [ "postal_code_suffix" ]
            }
         ],
         "formatted_address" : "418 E 8th St SW, Rome, GA 30161, USA",
         "geometry" : {
            "location" : {
               "lat" : 34.242841,
               "lng" : -85.15914599999999
            },
            "location_type" : "ROOFTOP",
            "viewport" : {
               "northeast" : {
                  "lat" : 34.2441899802915,
                  "lng" : -85.15779701970848
               },
               "southwest" : {
                  "lat" : 34.2414920197085,
                  "lng" : -85.16049498029149
               }
            }
         },
         "place_id" : "ChIJD-OsPc6kiogRXqx8i8NnHZg",
         "types" : [ "street_address" ]
      }
   ],
   "status" : "OK"
}
