{
   "results" : [
      {
         "address_components" : [
            {
               "long_name" : "44",
               "short_name" : "44",
               "types" : [ "street_number" ]
            },
            {
               "long_name" : "West 10th Street",
               "short_name" : "W 10th St",
               "types" : [ "route" ]
            },
            {
               "long_name" : "Lower Manhattan",
               "short_name" : "Lower Manhattan",
               "types" : [ "neighborhood", "political" ]
            },
            {
               "long_name" : "Manhattan",
               "short_name" : "Manhattan",
               "types" : [ "sublocality_level_1", "sublocality", "political" ]
            },
            {
               "long_name" : "New York",
               "short_name" : "New York",
               "types" : [ "locality", "political" ]
            },
            {
               "long_name" : "New York County",
               "short_name" : "New York County",
               "types" : [ "administrative_area_level_2", "political" ]
            },
            {
               "long_name" : "New York",
               "short_name" : "NY",
               "types" : [ "administrative_area_level_1", "political" ]
            },
            {
               "long_name" : "United States",
               "short_name" : "US",
               "types" : [ "country", "political" ]
            },
            {
               "long_name" : "10011",
               "short_name" : "10011",
               "types" : [ "postal_code" ]
            }
         ],
         "formatted_address" : "44 W 10th St, New York, NY 10011, USA",
         "geometry" : {
            "bounds" : {
               "northeast" : {
                  "lat" : 40.73423469999999,
                  "lng" : -73.997379
               },
               "southwest" : {
                  "lat" : 40.7339604,
                  "lng" : -73.997725
               }
            },
            "location" : {
               "lat" : 40.7340975,
               "lng" : -73.997552
            },
            "location_type" : "ROOFTOP",
            "viewport" : {
               "northeast" : {
                  "lat" : 40.7354465302915,
                  "lng" : -73.99620301970849
               },
               "southwest" : {
                  "lat" : 40.7327485697085,
                  "lng" : -73.99890098029149
               }
            }
         },
         "partial_match" : true,
         "place_id" : "ChIJq0m4HZdZwokRrFhvdWlBZD0",
         "types" : [ "premise" ]
      }
   ],
   "status" : "OK"
}
