{
   "results" : [
      {
         "address_components" : [
            {
               "long_name" : "4406",
               "short_name" : "4406",
               "types" : [ "street_number" ]
            },
            {
               "long_name" : "Pinehurst Road",
               "short_name" : "Pinehurst Rd",
               "types" : [ "route" ]
            },
            {
               "long_name" : "Louisville",
               "short_name" : "Louisville",
               "types" : [ "locality", "political" ]
            },
            {
               "long_name" : "Blount County",
               "short_name" : "Blount County",
               "types" : [ "administrative_area_level_2", "political" ]
            },
            {
               "long_name" : "Tennessee",
               "short_name" : "TN",
               "types" : [ "administrative_area_level_1", "political" ]
            },
            {
               "long_name" : "United States",
               "short_name" : "US",
               "types" : [ "country", "political" ]
            },
            {
               "long_name" : "37777",
               "short_name" : "37777",
               "types" : [ "postal_code" ]
            },
            {
               "long_name" : "4643",
               "short_name" : "4643",
               "types" : [ "postal_code_suffix" ]
            }
         ],
         "formatted_address" : "4406 Pinehurst Rd, Louisville, TN 37777, USA",
         "geometry" : {
            "location" : {
               "lat" : 35.841713,
               "lng" : -83.975678
            },
            "location_type" : "ROOFTOP",
            "viewport" : {
               "northeast" : {
                  "lat" : 35.8430619802915,
                  "lng" : -83.97432901970849
               },
               "southwest" : {
                  "lat" : 35.8403640197085,
                  "lng" : -83.97702698029151
               }
            }
         },
         "place_id" : "ChIJS2cKFnghXIgRzM-ZokRVwo4",
         "types" : [ "street_address" ]
      }
   ],
   "status" : "OK"
}
