{
   "results" : [
      {
         "address_components" : [
            {
               "long_name" : "44930",
               "short_name" : "44930",
               "types" : [ "street_number" ]
            },
            {
               "long_name" : "Camolin Avenue",
               "short_name" : "Camolin Ave",
               "types" : [ "route" ]
            },
            {
               "long_name" : "Lancaster",
               "short_name" : "Lancaster",
               "types" : [ "locality", "political" ]
            },
            {
               "long_name" : "Los Angeles County",
               "short_name" : "Los Angeles County",
               "types" : [ "administrative_area_level_2", "political" ]
            },
            {
               "long_name" : "California",
               "short_name" : "CA",
               "types" : [ "administrative_area_level_1", "political" ]
            },
            {
               "long_name" : "United States",
               "short_name" : "US",
               "types" : [ "country", "political" ]
            },
            {
               "long_name" : "93534",
               "short_name" : "93534",
               "types" : [ "postal_code" ]
            },
            {
               "long_name" : "2020",
               "short_name" : "2020",
               "types" : [ "postal_code_suffix" ]
            }
         ],
         "formatted_address" : "44930 Camolin Ave, Lancaster, CA 93534, USA",
         "geometry" : {
            "location" : {
               "lat" : 34.699634,
               "lng" : -118.16201
            },
            "location_type" : "ROOFTOP",
            "viewport" : {
               "northeast" : {
                  "lat" : 34.70098298029149,
                  "lng" : -118.1606610197085
               },
               "southwest" : {
                  "lat" : 34.69828501970849,
                  "lng" : -118.1633589802915
               }
            }
         },
         "place_id" : "ChIJISIgHitbwoARuyLl0LPlndo",
         "types" : [ "street_address" ]
      }
   ],
   "status" : "OK"
}
