{
   "results" : [
      {
         "address_components" : [
            {
               "long_name" : "465",
               "short_name" : "465",
               "types" : [ "street_number" ]
            },
            {
               "long_name" : "Spruce Street",
               "short_name" : "Spruce St",
               "types" : [ "route" ]
            },
            {
               "long_name" : "Sudbury",
               "short_name" : "Sudbury",
               "types" : [ "sublocality_level_1", "sublocality", "political" ]
            },
            {
               "long_name" : "Sudbury",
               "short_name" : "Sudbury",
               "types" : [ "locality", "political" ]
            },
            {
               "long_name" : "Greater Sudbury Division",
               "short_name" : "Greater Sudbury Division",
               "types" : [ "administrative_area_level_2", "political" ]
            },
            {
               "long_name" : "Ontario",
               "short_name" : "ON",
               "types" : [ "administrative_area_level_1", "political" ]
            },
            {
               "long_name" : "Canada",
               "short_name" : "CA",
               "types" : [ "country", "political" ]
            },
            {
               "long_name" : "P3C 1P3",
               "short_name" : "P3C 1P3",
               "types" : [ "postal_code" ]
            }
         ],
         "formatted_address" : "465 Spruce St, Sudbury, ON P3C 1P3, Canada",
         "geometry" : {
            "location" : {
               "lat" : 46.49168359999999,
               "lng" : -81.01196139999999
            },
            "location_type" : "ROOFTOP",
            "viewport" : {
               "northeast" : {
                  "lat" : 46.4930325802915,
                  "lng" : -81.01061241970849
               },
               "southwest" : {
                  "lat" : 46.4903346197085,
                  "lng" : -81.0133103802915
               }
            }
         },
         "place_id" : "ChIJX-wgUR-rL00RmhUg-nnCRS0",
         "types" : [ "street_address" ]
      }
   ],
   "status" : "OK"
}
