{
   "results" : [
      {
         "address_components" : [
            {
               "long_name" : "Evans Drive",
               "short_name" : "Evans Dr",
               "types" : [ "route" ]
            },
            {
               "long_name" : "Springdale",
               "short_name" : "Springdale",
               "types" : [ "locality", "political" ]
            },
            {
               "long_name" : "Division No. 8",
               "short_name" : "Division No. 8",
               "types" : [ "administrative_area_level_2", "political" ]
            },
            {
               "long_name" : "Newfoundland and Labrador",
               "short_name" : "NL",
               "types" : [ "administrative_area_level_1", "political" ]
            },
            {
               "long_name" : "Canada",
               "short_name" : "CA",
               "types" : [ "country", "political" ]
            },
            {
               "long_name" : "A0J",
               "short_name" : "A0J",
               "types" : [ "postal_code_prefix", "postal_code" ]
            }
         ],
         "formatted_address" : "Evans Dr, Springdale, NL A0J, Canada",
         "geometry" : {
            "bounds" : {
               "northeast" : {
                  "lat" : 49.512511,
                  "lng" : -56.026284
               },
               "southwest" : {
                  "lat" : 49.511048,
                  "lng" : -56.026587
               }
            },
            "location" : {
               "lat" : 49.511323,
               "lng" : -56.026445
            },
            "location_type" : "GEOMETRIC_CENTER",
            "viewport" : {
               "northeast" : {
                  "lat" : 49.5131284802915,
                  "lng" : -56.02508651970849
               },
               "southwest" : {
                  "lat" : 49.5104305197085,
                  "lng" : -56.02778448029149
               }
            }
         },
         "partial_match" : true,
         "place_id" : "ChIJhROGvSbSeUsRqHH1AIp4VTg",
         "types" : [ "route" ]
      }
   ],
   "status" : "OK"
}
