{
   "results" : [
      {
         "address_components" : [
            {
               "long_name" : "5",
               "short_name" : "5",
               "types" : [ "street_number" ]
            },
            {
               "long_name" : "Glenbourne Park Drive",
               "short_name" : "Glenbourne Park Dr",
               "types" : [ "route" ]
            },
            {
               "long_name" : "Markham",
               "short_name" : "Markham",
               "types" : [ "locality", "political" ]
            },
            {
               "long_name" : "York Regional Municipality",
               "short_name" : "York Regional Municipality",
               "types" : [ "administrative_area_level_2", "political" ]
            },
            {
               "long_name" : "Ontario",
               "short_name" : "ON",
               "types" : [ "administrative_area_level_1", "political" ]
            },
            {
               "long_name" : "Canada",
               "short_name" : "CA",
               "types" : [ "country", "political" ]
            },
            {
               "long_name" : "L6C 1H5",
               "short_name" : "L6C 1H5",
               "types" : [ "postal_code" ]
            }
         ],
         "formatted_address" : "5 Glenbourne Park Dr, Markham, ON L6C 1H5, Canada",
         "geometry" : {
            "location" : {
               "lat" : 43.8923107,
               "lng" : -79.339635
            },
            "location_type" : "ROOFTOP",
            "viewport" : {
               "northeast" : {
                  "lat" : 43.89365968029149,
                  "lng" : -79.33828601970851
               },
               "southwest" : {
                  "lat" : 43.8909617197085,
                  "lng" : -79.34098398029151
               }
            }
         },
         "place_id" : "ChIJ3_xE6nnV1IkRFqKUiI6-Eyw",
         "types" : [ "street_address" ]
      }
   ],
   "status" : "OK"
}
