{
   "results" : [
      {
         "address_components" : [
            {
               "long_name" : "308",
               "short_name" : "308",
               "types" : [ "subpremise" ]
            },
            {
               "long_name" : "505",
               "short_name" : "505",
               "types" : [ "street_number" ]
            },
            {
               "long_name" : "Rue Cardinal",
               "short_name" : "Rue Cardinal",
               "types" : [ "route" ]
            },
            {
               "long_name" : "Laval",
               "short_name" : "Laval",
               "types" : [ "locality", "political" ]
            },
            {
               "long_name" : "Laval",
               "short_name" : "Laval",
               "types" : [ "administrative_area_level_2", "political" ]
            },
            {
               "long_name" : "Québec",
               "short_name" : "QC",
               "types" : [ "administrative_area_level_1", "political" ]
            },
            {
               "long_name" : "Canada",
               "short_name" : "CA",
               "types" : [ "country", "political" ]
            },
            {
               "long_name" : "H7V 3Y8",
               "short_name" : "H7V 3Y8",
               "types" : [ "postal_code" ]
            }
         ],
         "formatted_address" : "505 Rue Cardinal #308, Laval, QC H7V 3Y8, Canada",
         "geometry" : {
            "location" : {
               "lat" : 45.5486303,
               "lng" : -73.74521709999999
            },
            "location_type" : "ROOFTOP",
            "viewport" : {
               "northeast" : {
                  "lat" : 45.5499792802915,
                  "lng" : -73.74386811970849
               },
               "southwest" : {
                  "lat" : 45.5472813197085,
                  "lng" : -73.7465660802915
               }
            }
         },
         "place_id" : "EjA1MDUgUnVlIENhcmRpbmFsICMzMDgsIExhdmFsLCBRQyBIN1YgM1k4LCBDYW5hZGE",
         "types" : [ "subpremise" ]
      }
   ],
   "status" : "OK"
}
