{
   "results" : [
      {
         "address_components" : [
            {
               "long_name" : "5136",
               "short_name" : "5136",
               "types" : [ "street_number" ]
            },
            {
               "long_name" : "Portland Street",
               "short_name" : "Portland St",
               "types" : [ "route" ]
            },
            {
               "long_name" : "Burnaby",
               "short_name" : "Burnaby",
               "types" : [ "locality", "political" ]
            },
            {
               "long_name" : "Greater Vancouver",
               "short_name" : "Greater Vancouver",
               "types" : [ "administrative_area_level_2", "political" ]
            },
            {
               "long_name" : "British Columbia",
               "short_name" : "BC",
               "types" : [ "administrative_area_level_1", "political" ]
            },
            {
               "long_name" : "Canada",
               "short_name" : "CA",
               "types" : [ "country", "political" ]
            },
            {
               "long_name" : "V5J 2P9",
               "short_name" : "V5J 2P9",
               "types" : [ "postal_code" ]
            }
         ],
         "formatted_address" : "5136 Portland St, Burnaby, BC V5J 2P9, Canada",
         "geometry" : {
            "location" : {
               "lat" : 49.2118759,
               "lng" : -122.989624
            },
            "location_type" : "ROOFTOP",
            "viewport" : {
               "northeast" : {
                  "lat" : 49.21322488029149,
                  "lng" : -122.9882750197085
               },
               "southwest" : {
                  "lat" : 49.2105269197085,
                  "lng" : -122.9909729802915
               }
            }
         },
         "place_id" : "ChIJUbSxCkB2hlQRuvdLCkQ9TZo",
         "types" : [ "street_address" ]
      }
   ],
   "status" : "OK"
}
