{
   "results" : [
      {
         "address_components" : [
            {
               "long_name" : "51",
               "short_name" : "51",
               "types" : [ "street_number" ]
            },
            {
               "long_name" : "Washington Crescent",
               "short_name" : "Washington Crescent",
               "types" : [ "route" ]
            },
            {
               "long_name" : "Elliot Lake",
               "short_name" : "Elliot Lake",
               "types" : [ "locality", "political" ]
            },
            {
               "long_name" : "Algoma District",
               "short_name" : "Algoma District",
               "types" : [ "administrative_area_level_2", "political" ]
            },
            {
               "long_name" : "Ontario",
               "short_name" : "ON",
               "types" : [ "administrative_area_level_1", "political" ]
            },
            {
               "long_name" : "Canada",
               "short_name" : "CA",
               "types" : [ "country", "political" ]
            },
            {
               "long_name" : "P5A 2L6",
               "short_name" : "P5A 2L6",
               "types" : [ "postal_code" ]
            }
         ],
         "formatted_address" : "51 Washington Crescent, Elliot Lake, ON P5A 2L6, Canada",
         "geometry" : {
            "bounds" : {
               "northeast" : {
                  "lat" : 46.3769096,
                  "lng" : -82.6725349
               },
               "southwest" : {
                  "lat" : 46.3768976,
                  "lng" : -82.67254210000002
               }
            },
            "location" : {
               "lat" : 46.3768976,
               "lng" : -82.6725349
            },
            "location_type" : "RANGE_INTERPOLATED",
            "viewport" : {
               "northeast" : {
                  "lat" : 46.37825258029149,
                  "lng" : -82.67118951970851
               },
               "southwest" : {
                  "lat" : 46.3755546197085,
                  "lng" : -82.67388748029151
               }
            }
         },
         "partial_match" : true,
         "place_id" : "Ejc1MSBXYXNoaW5ndG9uIENyZXNjZW50LCBFbGxpb3QgTGFrZSwgT04gUDVBIDJMNiwgQ2FuYWRh",
         "types" : [ "street_address" ]
      }
   ],
   "status" : "OK"
}
