{
   "results" : [
      {
         "address_components" : [
            {
               "long_name" : "189",
               "short_name" : "189",
               "types" : [ "street_number" ]
            },
            {
               "long_name" : "Ironwood Avenue",
               "short_name" : "Ironwood Ave",
               "types" : [ "route" ]
            },
            {
               "long_name" : "Thunder Bay",
               "short_name" : "Thunder Bay",
               "types" : [ "locality", "political" ]
            },
            {
               "long_name" : "Thunder Bay District",
               "short_name" : "Thunder Bay District",
               "types" : [ "administrative_area_level_2", "political" ]
            },
            {
               "long_name" : "Ontario",
               "short_name" : "ON",
               "types" : [ "administrative_area_level_1", "political" ]
            },
            {
               "long_name" : "Canada",
               "short_name" : "CA",
               "types" : [ "country", "political" ]
            },
            {
               "long_name" : "P7C 2B1",
               "short_name" : "P7C 2B1",
               "types" : [ "postal_code" ]
            }
         ],
         "formatted_address" : "189 Ironwood Ave, Thunder Bay, ON P7C 2B1, Canada",
         "geometry" : {
            "location" : {
               "lat" : 48.39714679999999,
               "lng" : -89.28002389999999
            },
            "location_type" : "ROOFTOP",
            "viewport" : {
               "northeast" : {
                  "lat" : 48.39849578029149,
                  "lng" : -89.27867491970848
               },
               "southwest" : {
                  "lat" : 48.39579781970849,
                  "lng" : -89.2813728802915
               }
            }
         },
         "partial_match" : true,
         "place_id" : "ChIJQx9xrSogWU0R_B-Glhuc45g",
         "types" : [ "street_address" ]
      }
   ],
   "status" : "OK"
}
