{
   "results" : [
      {
         "address_components" : [
            {
               "long_name" : "5211",
               "short_name" : "5211",
               "types" : [ "street_number" ]
            },
            {
               "long_name" : "17 Avenue Northwest",
               "short_name" : "17 Ave NW",
               "types" : [ "route" ]
            },
            {
               "long_name" : "Southeast Edmonton",
               "short_name" : "Southeast Edmonton",
               "types" : [ "neighborhood", "political" ]
            },
            {
               "long_name" : "Edmonton",
               "short_name" : "Edmonton",
               "types" : [ "locality", "political" ]
            },
            {
               "long_name" : "Division No. 11",
               "short_name" : "Division No. 11",
               "types" : [ "administrative_area_level_2", "political" ]
            },
            {
               "long_name" : "Alberta",
               "short_name" : "AB",
               "types" : [ "administrative_area_level_1", "political" ]
            },
            {
               "long_name" : "Canada",
               "short_name" : "CA",
               "types" : [ "country", "political" ]
            },
            {
               "long_name" : "T6K 2C7",
               "short_name" : "T6K 2C7",
               "types" : [ "postal_code" ]
            }
         ],
         "formatted_address" : "5211 17 Ave NW, Edmonton, AB T6K 2C7, Canada",
         "geometry" : {
            "bounds" : {
               "northeast" : {
                  "lat" : 53.4481481,
                  "lng" : -113.4558486
               },
               "southwest" : {
                  "lat" : 53.4481417,
                  "lng" : -113.455864
               }
            },
            "location" : {
               "lat" : 53.4481417,
               "lng" : -113.4558486
            },
            "location_type" : "RANGE_INTERPOLATED",
            "viewport" : {
               "northeast" : {
                  "lat" : 53.44949388029151,
                  "lng" : -113.4545073197085
               },
               "southwest" : {
                  "lat" : 53.44679591970851,
                  "lng" : -113.4572052802915
               }
            }
         },
         "partial_match" : true,
         "place_id" : "Eiw1MjExIDE3IEF2ZSBOVywgRWRtb250b24sIEFCIFQ2SyAyQzcsIENhbmFkYQ",
         "types" : [ "street_address" ]
      },
      {
         "address_components" : [
            {
               "long_name" : "5211",
               "short_name" : "5211",
               "types" : [ "street_number" ]
            },
            {
               "long_name" : "17 Avenue Northwest",
               "short_name" : "17 Ave NW",
               "types" : [ "route" ]
            },
            {
               "long_name" : "Southeast Edmonton",
               "short_name" : "Southeast Edmonton",
               "types" : [ "neighborhood", "political" ]
            },
            {
               "long_name" : "Edmonton",
               "short_name" : "Edmonton",
               "types" : [ "locality", "political" ]
            },
            {
               "long_name" : "Division No. 11",
               "short_name" : "Division No. 11",
               "types" : [ "administrative_area_level_2", "political" ]
            },
            {
               "long_name" : "Alberta",
               "short_name" : "AB",
               "types" : [ "administrative_area_level_1", "political" ]
            },
            {
               "long_name" : "Canada",
               "short_name" : "CA",
               "types" : [ "country", "political" ]
            },
            {
               "long_name" : "T6K 2L8",
               "short_name" : "T6K 2L8",
               "types" : [ "postal_code" ]
            }
         ],
         "formatted_address" : "5211 17 Ave NW, Edmonton, AB T6K 2L8, Canada",
         "geometry" : {
            "bounds" : {
               "northeast" : {
                  "lat" : 53.4480724,
                  "lng" : -113.4382324
               },
               "southwest" : {
                  "lat" : 53.4480646,
                  "lng" : -113.4382459
               }
            },
            "location" : {
               "lat" : 53.4480646,
               "lng" : -113.4382324
            },
            "location_type" : "RANGE_INTERPOLATED",
            "viewport" : {
               "northeast" : {
                  "lat" : 53.44941748029149,
                  "lng" : -113.4368901697085
               },
               "southwest" : {
                  "lat" : 53.4467195197085,
                  "lng" : -113.4395881302915
               }
            }
         },
         "partial_match" : true,
         "place_id" : "Eiw1MjExIDE3IEF2ZSBOVywgRWRtb250b24sIEFCIFQ2SyAyTDgsIENhbmFkYQ",
         "types" : [ "street_address" ]
      }
   ],
   "status" : "OK"
}
