{
   "results" : [
      {
         "address_components" : [
            {
               "long_name" : "523",
               "short_name" : "523",
               "types" : [ "street_number" ]
            },
            {
               "long_name" : "Montgomery Street",
               "short_name" : "Montgomery St",
               "types" : [ "route" ]
            },
            {
               "long_name" : "Fredericton",
               "short_name" : "Fredericton",
               "types" : [ "locality", "political" ]
            },
            {
               "long_name" : "York County",
               "short_name" : "York County",
               "types" : [ "administrative_area_level_2", "political" ]
            },
            {
               "long_name" : "New Brunswick",
               "short_name" : "NB",
               "types" : [ "administrative_area_level_1", "political" ]
            },
            {
               "long_name" : "Canada",
               "short_name" : "CA",
               "types" : [ "country", "political" ]
            },
            {
               "long_name" : "E3B 2X6",
               "short_name" : "E3B 2X6",
               "types" : [ "postal_code" ]
            }
         ],
         "formatted_address" : "523 Montgomery St, Fredericton, NB E3B 2X6, Canada",
         "geometry" : {
            "location" : {
               "lat" : 45.9458052,
               "lng" : -66.65433059999999
            },
            "location_type" : "ROOFTOP",
            "viewport" : {
               "northeast" : {
                  "lat" : 45.9471541802915,
                  "lng" : -66.6529816197085
               },
               "southwest" : {
                  "lat" : 45.9444562197085,
                  "lng" : -66.6556795802915
               }
            }
         },
         "place_id" : "ChIJmZRYcxMipEwRw6MMkM6j4Vs",
         "types" : [ "street_address" ]
      }
   ],
   "status" : "OK"
}
