{
   "results" : [
      {
         "address_components" : [
            {
               "long_name" : "5237",
               "short_name" : "5237",
               "types" : [ "street_number" ]
            },
            {
               "long_name" : "Connaught Drive",
               "short_name" : "Connaught Dr",
               "types" : [ "route" ]
            },
            {
               "long_name" : "Shaughnessy",
               "short_name" : "Shaughnessy",
               "types" : [ "neighborhood", "political" ]
            },
            {
               "long_name" : "Vancouver",
               "short_name" : "Vancouver",
               "types" : [ "locality", "political" ]
            },
            {
               "long_name" : "Greater Vancouver",
               "short_name" : "Greater Vancouver",
               "types" : [ "administrative_area_level_2", "political" ]
            },
            {
               "long_name" : "British Columbia",
               "short_name" : "BC",
               "types" : [ "administrative_area_level_1", "political" ]
            },
            {
               "long_name" : "Canada",
               "short_name" : "CA",
               "types" : [ "country", "political" ]
            },
            {
               "long_name" : "V6M 3G2",
               "short_name" : "V6M 3G2",
               "types" : [ "postal_code" ]
            }
         ],
         "formatted_address" : "5237 Connaught Dr, Vancouver, BC V6M 3G2, Canada",
         "geometry" : {
            "location" : {
               "lat" : 49.2387376,
               "lng" : -123.1429718
            },
            "location_type" : "ROOFTOP",
            "viewport" : {
               "northeast" : {
                  "lat" : 49.2400865802915,
                  "lng" : -123.1416228197085
               },
               "southwest" : {
                  "lat" : 49.2373886197085,
                  "lng" : -123.1443207802915
               }
            }
         },
         "place_id" : "ChIJfRWCU4JzhlQRo1zMb53MB68",
         "types" : [ "street_address" ]
      }
   ],
   "status" : "OK"
}
