{
   "results" : [
      {
         "address_components" : [
            {
               "long_name" : "527",
               "short_name" : "527",
               "types" : [ "street_number" ]
            },
            {
               "long_name" : "Northeast 120th Street",
               "short_name" : "NE 120th St",
               "types" : [ "route" ]
            },
            {
               "long_name" : "Pinehurst",
               "short_name" : "Pinehurst",
               "types" : [ "neighborhood", "political" ]
            },
            {
               "long_name" : "Seattle",
               "short_name" : "Seattle",
               "types" : [ "locality", "political" ]
            },
            {
               "long_name" : "King County",
               "short_name" : "King County",
               "types" : [ "administrative_area_level_2", "political" ]
            },
            {
               "long_name" : "Washington",
               "short_name" : "WA",
               "types" : [ "administrative_area_level_1", "political" ]
            },
            {
               "long_name" : "United States",
               "short_name" : "US",
               "types" : [ "country", "political" ]
            },
            {
               "long_name" : "98125",
               "short_name" : "98125",
               "types" : [ "postal_code" ]
            },
            {
               "long_name" : "4937",
               "short_name" : "4937",
               "types" : [ "postal_code_suffix" ]
            }
         ],
         "formatted_address" : "527 NE 120th St, Seattle, WA 98125, USA",
         "geometry" : {
            "location" : {
               "lat" : 47.7156019,
               "lng" : -122.322225
            },
            "location_type" : "ROOFTOP",
            "viewport" : {
               "northeast" : {
                  "lat" : 47.71695088029151,
                  "lng" : -122.3208760197085
               },
               "southwest" : {
                  "lat" : 47.71425291970851,
                  "lng" : -122.3235739802915
               }
            }
         },
         "partial_match" : true,
         "place_id" : "ChIJOwZlLFsRkFQR9XoVM2xoYtc",
         "types" : [ "street_address" ]
      }
   ],
   "status" : "OK"
}
