{
   "results" : [
      {
         "address_components" : [
            {
               "long_name" : "55",
               "short_name" : "55",
               "types" : [ "street_number" ]
            },
            {
               "long_name" : "Eagle Drive",
               "short_name" : "Eagle Dr",
               "types" : [ "route" ]
            },
            {
               "long_name" : "Sherwood Park",
               "short_name" : "Sherwood Park",
               "types" : [ "locality", "political" ]
            },
            {
               "long_name" : "Strathcona County",
               "short_name" : "Strathcona County",
               "types" : [ "administrative_area_level_3", "political" ]
            },
            {
               "long_name" : "Division No. 11",
               "short_name" : "Division No. 11",
               "types" : [ "administrative_area_level_2", "political" ]
            },
            {
               "long_name" : "Alberta",
               "short_name" : "AB",
               "types" : [ "administrative_area_level_1", "political" ]
            },
            {
               "long_name" : "Canada",
               "short_name" : "CA",
               "types" : [ "country", "political" ]
            },
            {
               "long_name" : "T8A 0E1",
               "short_name" : "T8A 0E1",
               "types" : [ "postal_code" ]
            }
         ],
         "formatted_address" : "55 Eagle Dr, Sherwood Park, AB T8A 0E1, Canada",
         "geometry" : {
            "location" : {
               "lat" : 53.5203909,
               "lng" : -113.283307
            },
            "location_type" : "ROOFTOP",
            "viewport" : {
               "northeast" : {
                  "lat" : 53.52173988029149,
                  "lng" : -113.2819580197085
               },
               "southwest" : {
                  "lat" : 53.51904191970849,
                  "lng" : -113.2846559802915
               }
            }
         },
         "place_id" : "ChIJ6SU0YU4WoFMRSh4BkUQCYx8",
         "types" : [ "street_address" ]
      }
   ],
   "status" : "OK"
}
