{
   "results" : [
      {
         "address_components" : [
            {
               "long_name" : "5510",
               "short_name" : "5510",
               "types" : [ "street_number" ]
            },
            {
               "long_name" : "Whitemud Road Northwest",
               "short_name" : "Whitemud Rd NW",
               "types" : [ "route" ]
            },
            {
               "long_name" : "Southwest Edmonton",
               "short_name" : "Southwest Edmonton",
               "types" : [ "neighborhood", "political" ]
            },
            {
               "long_name" : "Edmonton",
               "short_name" : "Edmonton",
               "types" : [ "locality", "political" ]
            },
            {
               "long_name" : "Division No. 11",
               "short_name" : "Division No. 11",
               "types" : [ "administrative_area_level_2", "political" ]
            },
            {
               "long_name" : "Alberta",
               "short_name" : "AB",
               "types" : [ "administrative_area_level_1", "political" ]
            },
            {
               "long_name" : "Canada",
               "short_name" : "CA",
               "types" : [ "country", "political" ]
            },
            {
               "long_name" : "T6H 4N3",
               "short_name" : "T6H 4N3",
               "types" : [ "postal_code" ]
            }
         ],
         "formatted_address" : "5510 Whitemud Rd NW, Edmonton, AB T6H 4N3, Canada",
         "geometry" : {
            "location" : {
               "lat" : 53.49297079999999,
               "lng" : -113.5827025
            },
            "location_type" : "ROOFTOP",
            "viewport" : {
               "northeast" : {
                  "lat" : 53.4943197802915,
                  "lng" : -113.5813535197085
               },
               "southwest" : {
                  "lat" : 53.4916218197085,
                  "lng" : -113.5840514802915
               }
            }
         },
         "place_id" : "ChIJL0QQnikgoFMRhfKdamPes7U",
         "types" : [ "street_address" ]
      }
   ],
   "status" : "OK"
}
