{
   "results" : [
      {
         "address_components" : [
            {
               "long_name" : "5916",
               "short_name" : "5916",
               "types" : [ "street_number" ]
            },
            {
               "long_name" : "North Mersington Avenue",
               "short_name" : "N Mersington Ave",
               "types" : [ "route" ]
            },
            {
               "long_name" : "Kansas City",
               "short_name" : "KCMO",
               "types" : [ "locality", "political" ]
            },
            {
               "long_name" : "Gallatin Township",
               "short_name" : "Gallatin Township",
               "types" : [ "administrative_area_level_3", "political" ]
            },
            {
               "long_name" : "Clay County",
               "short_name" : "Clay County",
               "types" : [ "administrative_area_level_2", "political" ]
            },
            {
               "long_name" : "Missouri",
               "short_name" : "MO",
               "types" : [ "administrative_area_level_1", "political" ]
            },
            {
               "long_name" : "United States",
               "short_name" : "US",
               "types" : [ "country", "political" ]
            },
            {
               "long_name" : "64119",
               "short_name" : "64119",
               "types" : [ "postal_code" ]
            },
            {
               "long_name" : "2243",
               "short_name" : "2243",
               "types" : [ "postal_code_suffix" ]
            }
         ],
         "formatted_address" : "5916 N Mersington Ave, Kansas City, MO 64119, USA",
         "geometry" : {
            "location" : {
               "lat" : 39.2019019,
               "lng" : -94.5356709
            },
            "location_type" : "ROOFTOP",
            "viewport" : {
               "northeast" : {
                  "lat" : 39.20325088029149,
                  "lng" : -94.5343219197085
               },
               "southwest" : {
                  "lat" : 39.2005529197085,
                  "lng" : -94.53701988029151
               }
            }
         },
         "place_id" : "ChIJT_jT80X4wIcROU8g9sMzcDM",
         "types" : [ "street_address" ]
      }
   ],
   "status" : "OK"
}
