{
   "results" : [
      {
         "address_components" : [
            {
               "long_name" : "6",
               "short_name" : "6",
               "types" : [ "street_number" ]
            },
            {
               "long_name" : "Kittery Boulevard",
               "short_name" : "Kittery Blvd",
               "types" : [ "route" ]
            },
            {
               "long_name" : "Agincourt",
               "short_name" : "Agincourt",
               "types" : [ "neighborhood", "political" ]
            },
            {
               "long_name" : "Scarborough",
               "short_name" : "Scarborough",
               "types" : [ "sublocality_level_1", "sublocality", "political" ]
            },
            {
               "long_name" : "Toronto",
               "short_name" : "Toronto",
               "types" : [ "locality", "political" ]
            },
            {
               "long_name" : "Toronto Division",
               "short_name" : "Toronto Division",
               "types" : [ "administrative_area_level_2", "political" ]
            },
            {
               "long_name" : "Ontario",
               "short_name" : "ON",
               "types" : [ "administrative_area_level_1", "political" ]
            },
            {
               "long_name" : "Canada",
               "short_name" : "CA",
               "types" : [ "country", "political" ]
            },
            {
               "long_name" : "M1S 1K9",
               "short_name" : "M1S 1K9",
               "types" : [ "postal_code" ]
            }
         ],
         "formatted_address" : "6 Kittery Blvd, Scarborough, ON M1S 1K9, Canada",
         "geometry" : {
            "bounds" : {
               "northeast" : {
                  "lat" : 43.7965108,
                  "lng" : -79.2863584
               },
               "southwest" : {
                  "lat" : 43.7965068,
                  "lng" : -79.2863763
               }
            },
            "location" : {
               "lat" : 43.7965068,
               "lng" : -79.2863763
            },
            "location_type" : "RANGE_INTERPOLATED",
            "viewport" : {
               "northeast" : {
                  "lat" : 43.79785778029149,
                  "lng" : -79.2850183697085
               },
               "southwest" : {
                  "lat" : 43.79515981970849,
                  "lng" : -79.28771633029152
               }
            }
         },
         "partial_match" : true,
         "place_id" : "Ei82IEtpdHRlcnkgQmx2ZCwgU2NhcmJvcm91Z2gsIE9OIE0xUyAxSzksIENhbmFkYQ",
         "types" : [ "street_address" ]
      }
   ],
   "status" : "OK"
}
