{
   "results" : [
      {
         "address_components" : [
            {
               "long_name" : "6",
               "short_name" : "6",
               "types" : [ "street_number" ]
            },
            {
               "long_name" : "Ladyslipper Court",
               "short_name" : "Ladyslipper Ct",
               "types" : [ "route" ]
            },
            {
               "long_name" : "Thornhill",
               "short_name" : "Thornhill",
               "types" : [ "neighborhood", "political" ]
            },
            {
               "long_name" : "Markham",
               "short_name" : "Markham",
               "types" : [ "locality", "political" ]
            },
            {
               "long_name" : "York Regional Municipality",
               "short_name" : "York Regional Municipality",
               "types" : [ "administrative_area_level_2", "political" ]
            },
            {
               "long_name" : "Ontario",
               "short_name" : "ON",
               "types" : [ "administrative_area_level_1", "political" ]
            },
            {
               "long_name" : "Canada",
               "short_name" : "CA",
               "types" : [ "country", "political" ]
            },
            {
               "long_name" : "L3T 2S5",
               "short_name" : "L3T 2S5",
               "types" : [ "postal_code" ]
            }
         ],
         "formatted_address" : "6 Ladyslipper Ct, Thornhill, ON L3T 2S5, Canada",
         "geometry" : {
            "location" : {
               "lat" : 43.8120844,
               "lng" : -79.39735979999999
            },
            "location_type" : "ROOFTOP",
            "viewport" : {
               "northeast" : {
                  "lat" : 43.8134333802915,
                  "lng" : -79.39601081970849
               },
               "southwest" : {
                  "lat" : 43.8107354197085,
                  "lng" : -79.3987087802915
               }
            }
         },
         "partial_match" : true,
         "place_id" : "ChIJBR4bU78sK4gRID_8eqBW6kA",
         "types" : [ "street_address" ]
      }
   ],
   "status" : "OK"
}
