{
   "results" : [
      {
         "address_components" : [
            {
               "long_name" : "6019",
               "short_name" : "6019",
               "types" : [ "street_number" ]
            },
            {
               "long_name" : "Inglis Street",
               "short_name" : "Inglis St",
               "types" : [ "route" ]
            },
            {
               "long_name" : "South End",
               "short_name" : "South End",
               "types" : [ "neighborhood", "political" ]
            },
            {
               "long_name" : "Halifax",
               "short_name" : "Halifax",
               "types" : [ "locality", "political" ]
            },
            {
               "long_name" : "Halifax",
               "short_name" : "Halifax",
               "types" : [ "administrative_area_level_3", "political" ]
            },
            {
               "long_name" : "Halifax Regional Municipality",
               "short_name" : "Halifax Regional Municipality",
               "types" : [ "administrative_area_level_2", "political" ]
            },
            {
               "long_name" : "Nova Scotia",
               "short_name" : "NS",
               "types" : [ "administrative_area_level_1", "political" ]
            },
            {
               "long_name" : "Canada",
               "short_name" : "CA",
               "types" : [ "country", "political" ]
            },
            {
               "long_name" : "B3H 1K9",
               "short_name" : "B3H 1K9",
               "types" : [ "postal_code" ]
            }
         ],
         "formatted_address" : "6019 Inglis St, Halifax, NS B3H 1K9, Canada",
         "geometry" : {
            "location" : {
               "lat" : 44.6326987,
               "lng" : -63.58383240000001
            },
            "location_type" : "ROOFTOP",
            "viewport" : {
               "northeast" : {
                  "lat" : 44.6340476802915,
                  "lng" : -63.5824834197085
               },
               "southwest" : {
                  "lat" : 44.6313497197085,
                  "lng" : -63.58518138029151
               }
            }
         },
         "place_id" : "ChIJ-eijvD4iWksRmdB-7zsLFKc",
         "types" : [ "street_address" ]
      }
   ],
   "status" : "OK"
}
