{
   "results" : [
      {
         "address_components" : [
            {
               "long_name" : "1940",
               "short_name" : "1940",
               "types" : [ "street_number" ]
            },
            {
               "long_name" : "Murphy Drive",
               "short_name" : "Murphy Dr",
               "types" : [ "route" ]
            },
            {
               "long_name" : "Kerwood",
               "short_name" : "Kerwood",
               "types" : [ "locality", "political" ]
            },
            {
               "long_name" : "Adelaide Metcalfe",
               "short_name" : "Adelaide Metcalfe",
               "types" : [ "administrative_area_level_3", "political" ]
            },
            {
               "long_name" : "Middlesex County",
               "short_name" : "Middlesex County",
               "types" : [ "administrative_area_level_2", "political" ]
            },
            {
               "long_name" : "Ontario",
               "short_name" : "ON",
               "types" : [ "administrative_area_level_1", "political" ]
            },
            {
               "long_name" : "Canada",
               "short_name" : "CA",
               "types" : [ "country", "political" ]
            },
            {
               "long_name" : "N0M 2B0",
               "short_name" : "N0M 2B0",
               "types" : [ "postal_code" ]
            }
         ],
         "formatted_address" : "1940 Murphy Dr, Kerwood, ON N0M 2B0, Canada",
         "geometry" : {
            "bounds" : {
               "northeast" : {
                  "lat" : 42.9068206,
                  "lng" : -81.72956139999999
               },
               "southwest" : {
                  "lat" : 42.9068068,
                  "lng" : -81.72956139999999
               }
            },
            "location" : {
               "lat" : 42.9068206,
               "lng" : -81.72956139999999
            },
            "location_type" : "RANGE_INTERPOLATED",
            "viewport" : {
               "northeast" : {
                  "lat" : 42.90816268029149,
                  "lng" : -81.72821241970848
               },
               "southwest" : {
                  "lat" : 42.9054647197085,
                  "lng" : -81.73091038029149
               }
            }
         },
         "place_id" : "EisxOTQwIE11cnBoeSBEciwgS2Vyd29vZCwgT04gTjBNIDJCMCwgQ2FuYWRh",
         "types" : [ "street_address" ]
      }
   ],
   "status" : "OK"
}
