{
   "results" : [
      {
         "address_components" : [
            {
               "long_name" : "6089",
               "short_name" : "6089",
               "types" : [ "street_number" ]
            },
            {
               "long_name" : "Mabel and Alexander Graham Bell Way",
               "short_name" : "NS-105",
               "types" : [ "route" ]
            },
            {
               "long_name" : "River Denys",
               "short_name" : "River Denys",
               "types" : [ "locality", "political" ]
            },
            {
               "long_name" : "Inverness, Subd. C",
               "short_name" : "Inverness, Subd. C",
               "types" : [ "administrative_area_level_3", "political" ]
            },
            {
               "long_name" : "Inverness County",
               "short_name" : "Inverness County",
               "types" : [ "administrative_area_level_2", "political" ]
            },
            {
               "long_name" : "Nova Scotia",
               "short_name" : "NS",
               "types" : [ "administrative_area_level_1", "political" ]
            },
            {
               "long_name" : "Canada",
               "short_name" : "CA",
               "types" : [ "country", "political" ]
            },
            {
               "long_name" : "B0E 2Y0",
               "short_name" : "B0E 2Y0",
               "types" : [ "postal_code" ]
            }
         ],
         "formatted_address" : "6089 NS-105, River Denys, NS B0E 2Y0, Canada",
         "geometry" : {
            "bounds" : {
               "northeast" : {
                  "lat" : 45.9273836,
                  "lng" : -61.1921726
               },
               "southwest" : {
                  "lat" : 45.9273725,
                  "lng" : -61.1921827
               }
            },
            "location" : {
               "lat" : 45.9273836,
               "lng" : -61.1921827
            },
            "location_type" : "RANGE_INTERPOLATED",
            "viewport" : {
               "northeast" : {
                  "lat" : 45.9287270302915,
                  "lng" : -61.1908286697085
               },
               "southwest" : {
                  "lat" : 45.9260290697085,
                  "lng" : -61.19352663029151
               }
            }
         },
         "partial_match" : true,
         "place_id" : "Eiw2MDg5IE5TLTEwNSwgUml2ZXIgRGVueXMsIE5TIEIwRSAyWTAsIENhbmFkYQ",
         "types" : [ "street_address" ]
      }
   ],
   "status" : "OK"
}
