{
   "results" : [
      {
         "address_components" : [
            {
               "long_name" : "6094",
               "short_name" : "6094",
               "types" : [ "street_number" ]
            },
            {
               "long_name" : "Mill Woods Road South Northwest",
               "short_name" : "Mill Woods Rd S NW",
               "types" : [ "route" ]
            },
            {
               "long_name" : "Southeast Edmonton",
               "short_name" : "Southeast Edmonton",
               "types" : [ "neighborhood", "political" ]
            },
            {
               "long_name" : "Edmonton",
               "short_name" : "Edmonton",
               "types" : [ "locality", "political" ]
            },
            {
               "long_name" : "Division No. 11",
               "short_name" : "Division No. 11",
               "types" : [ "administrative_area_level_2", "political" ]
            },
            {
               "long_name" : "Alberta",
               "short_name" : "AB",
               "types" : [ "administrative_area_level_1", "political" ]
            },
            {
               "long_name" : "Canada",
               "short_name" : "CA",
               "types" : [ "country", "political" ]
            },
            {
               "long_name" : "T6L",
               "short_name" : "T6L",
               "types" : [ "postal_code_prefix", "postal_code" ]
            }
         ],
         "formatted_address" : "6094 Mill Woods Rd S NW, Edmonton, AB T6L, Canada",
         "geometry" : {
            "bounds" : {
               "northeast" : {
                  "lat" : 53.4457037,
                  "lng" : -113.4313069
               },
               "southwest" : {
                  "lat" : 53.4456927,
                  "lng" : -113.4313097
               }
            },
            "location" : {
               "lat" : 53.4457037,
               "lng" : -113.4313069
            },
            "location_type" : "RANGE_INTERPOLATED",
            "viewport" : {
               "northeast" : {
                  "lat" : 53.44704718029149,
                  "lng" : -113.4299593197085
               },
               "southwest" : {
                  "lat" : 53.44434921970849,
                  "lng" : -113.4326572802915
               }
            }
         },
         "partial_match" : true,
         "place_id" : "EjE2MDk0IE1pbGwgV29vZHMgUmQgUyBOVywgRWRtb250b24sIEFCIFQ2TCwgQ2FuYWRh",
         "types" : [ "street_address" ]
      }
   ],
   "status" : "OK"
}
