{
   "results" : [
      {
         "address_components" : [
            {
               "long_name" : "63",
               "short_name" : "63",
               "types" : [ "street_number" ]
            },
            {
               "long_name" : "Orchard Street",
               "short_name" : "Orchard St",
               "types" : [ "route" ]
            },
            {
               "long_name" : "Brockville",
               "short_name" : "Brockville",
               "types" : [ "locality", "political" ]
            },
            {
               "long_name" : "Leeds and Grenville United Counties",
               "short_name" : "Leeds and Grenville United Counties",
               "types" : [ "administrative_area_level_2", "political" ]
            },
            {
               "long_name" : "Ontario",
               "short_name" : "ON",
               "types" : [ "administrative_area_level_1", "political" ]
            },
            {
               "long_name" : "Canada",
               "short_name" : "CA",
               "types" : [ "country", "political" ]
            },
            {
               "long_name" : "K6V 2J7",
               "short_name" : "K6V 2J7",
               "types" : [ "postal_code" ]
            }
         ],
         "formatted_address" : "63 Orchard St, Brockville, ON K6V 2J7, Canada",
         "geometry" : {
            "location" : {
               "lat" : 44.593941,
               "lng" : -75.6807599
            },
            "location_type" : "ROOFTOP",
            "viewport" : {
               "northeast" : {
                  "lat" : 44.5952899802915,
                  "lng" : -75.6794109197085
               },
               "southwest" : {
                  "lat" : 44.5925920197085,
                  "lng" : -75.68210888029151
               }
            }
         },
         "place_id" : "ChIJg05L520PzUwRoNjBDjpGwKI",
         "types" : [ "street_address" ]
      }
   ],
   "status" : "OK"
}
