{
   "results" : [
      {
         "address_components" : [
            {
               "long_name" : "6460",
               "short_name" : "6460",
               "types" : [ "street_number" ]
            },
            {
               "long_name" : "Constable Drive",
               "short_name" : "Constable Dr",
               "types" : [ "route" ]
            },
            {
               "long_name" : "Richmond",
               "short_name" : "Richmond",
               "types" : [ "locality", "political" ]
            },
            {
               "long_name" : "Greater Vancouver",
               "short_name" : "Greater Vancouver",
               "types" : [ "administrative_area_level_2", "political" ]
            },
            {
               "long_name" : "British Columbia",
               "short_name" : "BC",
               "types" : [ "administrative_area_level_1", "political" ]
            },
            {
               "long_name" : "Canada",
               "short_name" : "CA",
               "types" : [ "country", "political" ]
            },
            {
               "long_name" : "V7E 3Y6",
               "short_name" : "V7E 3Y6",
               "types" : [ "postal_code" ]
            }
         ],
         "formatted_address" : "6460 Constable Dr, Richmond, BC V7E 3Y6, Canada",
         "geometry" : {
            "location" : {
               "lat" : 49.1347173,
               "lng" : -123.1502635
            },
            "location_type" : "ROOFTOP",
            "viewport" : {
               "northeast" : {
                  "lat" : 49.13606628029149,
                  "lng" : -123.1489145197085
               },
               "southwest" : {
                  "lat" : 49.1333683197085,
                  "lng" : -123.1516124802915
               }
            }
         },
         "place_id" : "ChIJoTj21CfghVQRyTawlZ8MMkY",
         "types" : [ "street_address" ]
      }
   ],
   "status" : "OK"
}
