{
   "results" : [
      {
         "address_components" : [
            {
               "long_name" : "653",
               "short_name" : "653",
               "types" : [ "street_number" ]
            },
            {
               "long_name" : "Marlbank Road",
               "short_name" : "Marlbank Rd",
               "types" : [ "route" ]
            },
            {
               "long_name" : "Tweed",
               "short_name" : "Tweed",
               "types" : [ "administrative_area_level_3", "political" ]
            },
            {
               "long_name" : "Hastings County",
               "short_name" : "Hastings County",
               "types" : [ "administrative_area_level_2", "political" ]
            },
            {
               "long_name" : "Ontario",
               "short_name" : "ON",
               "types" : [ "administrative_area_level_1", "political" ]
            },
            {
               "long_name" : "Canada",
               "short_name" : "CA",
               "types" : [ "country", "political" ]
            },
            {
               "long_name" : "K0K",
               "short_name" : "K0K",
               "types" : [ "postal_code_prefix", "postal_code" ]
            }
         ],
         "formatted_address" : "653 Marlbank Rd, Tweed, ON K0K, Canada",
         "geometry" : {
            "bounds" : {
               "northeast" : {
                  "lat" : 44.4575114,
                  "lng" : -77.2755021
               },
               "southwest" : {
                  "lat" : 44.4574981,
                  "lng" : -77.27550359999999
               }
            },
            "location" : {
               "lat" : 44.4575114,
               "lng" : -77.2755021
            },
            "location_type" : "RANGE_INTERPOLATED",
            "viewport" : {
               "northeast" : {
                  "lat" : 44.4588537302915,
                  "lng" : -77.27415386970848
               },
               "southwest" : {
                  "lat" : 44.4561557697085,
                  "lng" : -77.27685183029151
               }
            }
         },
         "partial_match" : true,
         "place_id" : "EiY2NTMgTWFybGJhbmsgUmQsIFR3ZWVkLCBPTiBLMEssIENhbmFkYQ",
         "types" : [ "street_address" ]
      }
   ],
   "status" : "OK"
}
