{
   "results" : [
      {
         "address_components" : [
            {
               "long_name" : "677",
               "short_name" : "677",
               "types" : [ "street_number" ]
            },
            {
               "long_name" : "English Bluff Road",
               "short_name" : "English Bluff Rd",
               "types" : [ "route" ]
            },
            {
               "long_name" : "Tsawwassen",
               "short_name" : "Tsawwassen",
               "types" : [ "neighborhood", "political" ]
            },
            {
               "long_name" : "Delta",
               "short_name" : "Delta",
               "types" : [ "locality", "political" ]
            },
            {
               "long_name" : "Greater Vancouver",
               "short_name" : "Greater Vancouver",
               "types" : [ "administrative_area_level_2", "political" ]
            },
            {
               "long_name" : "British Columbia",
               "short_name" : "BC",
               "types" : [ "administrative_area_level_1", "political" ]
            },
            {
               "long_name" : "Canada",
               "short_name" : "CA",
               "types" : [ "country", "political" ]
            },
            {
               "long_name" : "V4M 2M9",
               "short_name" : "V4M 2M9",
               "types" : [ "postal_code" ]
            }
         ],
         "formatted_address" : "677 English Bluff Rd, Delta, BC V4M 2M9, Canada",
         "geometry" : {
            "location" : {
               "lat" : 49.015078,
               "lng" : -123.09277
            },
            "location_type" : "ROOFTOP",
            "viewport" : {
               "northeast" : {
                  "lat" : 49.01642698029149,
                  "lng" : -123.0914210197085
               },
               "southwest" : {
                  "lat" : 49.01372901970849,
                  "lng" : -123.0941189802915
               }
            }
         },
         "place_id" : "ChIJjZMUWH_mhVQRqpXYhAOdtT8",
         "types" : [ "street_address" ]
      }
   ],
   "status" : "OK"
}
