{
   "results" : [
      {
         "address_components" : [
            {
               "long_name" : "688",
               "short_name" : "688",
               "types" : [ "street_number" ]
            },
            {
               "long_name" : "River Road",
               "short_name" : "River Rd",
               "types" : [ "route" ]
            },
            {
               "long_name" : "Columbia",
               "short_name" : "Columbia",
               "types" : [ "locality", "political" ]
            },
            {
               "long_name" : "Lexington County",
               "short_name" : "Lexington County",
               "types" : [ "administrative_area_level_2", "political" ]
            },
            {
               "long_name" : "South Carolina",
               "short_name" : "SC",
               "types" : [ "administrative_area_level_1", "political" ]
            },
            {
               "long_name" : "United States",
               "short_name" : "US",
               "types" : [ "country", "political" ]
            },
            {
               "long_name" : "29212",
               "short_name" : "29212",
               "types" : [ "postal_code" ]
            },
            {
               "long_name" : "8807",
               "short_name" : "8807",
               "types" : [ "postal_code_suffix" ]
            }
         ],
         "formatted_address" : "688 River Rd, Columbia, SC 29212, USA",
         "geometry" : {
            "location" : {
               "lat" : 34.073866,
               "lng" : -81.256371
            },
            "location_type" : "ROOFTOP",
            "viewport" : {
               "northeast" : {
                  "lat" : 34.07521498029149,
                  "lng" : -81.25502201970849
               },
               "southwest" : {
                  "lat" : 34.07251701970849,
                  "lng" : -81.2577199802915
               }
            }
         },
         "place_id" : "ChIJU03SRteb-IgR2Fer1gg1kJs",
         "types" : [ "street_address" ]
      }
   ],
   "status" : "OK"
}
