{
   "results" : [
      {
         "address_components" : [
            {
               "long_name" : "696",
               "short_name" : "696",
               "types" : [ "street_number" ]
            },
            {
               "long_name" : "Bedford Court",
               "short_name" : "Bedford Ct",
               "types" : [ "route" ]
            },
            {
               "long_name" : "Sudbury",
               "short_name" : "Sudbury",
               "types" : [ "sublocality_level_1", "sublocality", "political" ]
            },
            {
               "long_name" : "Sudbury",
               "short_name" : "Sudbury",
               "types" : [ "locality", "political" ]
            },
            {
               "long_name" : "Greater Sudbury Division",
               "short_name" : "Greater Sudbury Division",
               "types" : [ "administrative_area_level_2", "political" ]
            },
            {
               "long_name" : "Ontario",
               "short_name" : "ON",
               "types" : [ "administrative_area_level_1", "political" ]
            },
            {
               "long_name" : "Canada",
               "short_name" : "CA",
               "types" : [ "country", "political" ]
            },
            {
               "long_name" : "P3E 6J8",
               "short_name" : "P3E 6J8",
               "types" : [ "postal_code" ]
            }
         ],
         "formatted_address" : "696 Bedford Ct, Sudbury, ON P3E 6J8, Canada",
         "geometry" : {
            "location" : {
               "lat" : 46.4774149,
               "lng" : -80.9589455
            },
            "location_type" : "ROOFTOP",
            "viewport" : {
               "northeast" : {
                  "lat" : 46.4787638802915,
                  "lng" : -80.9575965197085
               },
               "southwest" : {
                  "lat" : 46.4760659197085,
                  "lng" : -80.96029448029151
               }
            }
         },
         "place_id" : "ChIJu7OBIAYAL00RPO-e-kOLKJc",
         "types" : [ "street_address" ]
      }
   ],
   "status" : "OK"
}
