{
   "results" : [
      {
         "address_components" : [
            {
               "long_name" : "29",
               "short_name" : "29",
               "types" : [ "sublocality_level_4", "sublocality", "political" ]
            },
            {
               "long_name" : "22",
               "short_name" : "22",
               "types" : [ "sublocality_level_3", "sublocality", "political" ]
            },
            {
               "long_name" : "7 Chome",
               "short_name" : "7 Chome",
               "types" : [ "sublocality_level_2", "sublocality", "political" ]
            },
            {
               "long_name" : "Fukasawa",
               "short_name" : "Fukasawa",
               "types" : [ "sublocality_level_1", "sublocality", "political" ]
            },
            {
               "long_name" : "Setagaya-ku",
               "short_name" : "Setagaya-ku",
               "types" : [ "locality", "political" ]
            },
            {
               "long_name" : "Tōkyō-to",
               "short_name" : "Tōkyō-to",
               "types" : [ "administrative_area_level_1", "political" ]
            },
            {
               "long_name" : "Japan",
               "short_name" : "JP",
               "types" : [ "country", "political" ]
            },
            {
               "long_name" : "158-0081",
               "short_name" : "158-0081",
               "types" : [ "postal_code" ]
            }
         ],
         "formatted_address" : "7 Chome-22-29 Fukasawa, Setagaya-ku, Tōkyō-to 158-0081, Japan",
         "geometry" : {
            "location" : {
               "lat" : 35.6222668,
               "lng" : 139.6462321
            },
            "location_type" : "ROOFTOP",
            "viewport" : {
               "northeast" : {
                  "lat" : 35.62361578029149,
                  "lng" : 139.6475810802915
               },
               "southwest" : {
                  "lat" : 35.6209178197085,
                  "lng" : 139.6448831197085
               }
            }
         },
         "partial_match" : true,
         "place_id" : "ChIJJQidI2H0GGAR3nTPKuMiIZE",
         "types" : [ "sublocality_level_4", "sublocality", "political" ]
      }
   ],
   "status" : "OK"
}
