{
   "results" : [
      {
         "address_components" : [
            {
               "long_name" : "2951",
               "short_name" : "2951",
               "types" : [ "street_number" ]
            },
            {
               "long_name" : "Riverside Drive",
               "short_name" : "Riverside Dr",
               "types" : [ "route" ]
            },
            {
               "long_name" : "Riverside Park",
               "short_name" : "Riverside Park",
               "types" : [ "neighborhood", "political" ]
            },
            {
               "long_name" : "Ottawa",
               "short_name" : "Ottawa",
               "types" : [ "locality", "political" ]
            },
            {
               "long_name" : "Ottawa Division",
               "short_name" : "Ottawa Division",
               "types" : [ "administrative_area_level_2", "political" ]
            },
            {
               "long_name" : "Ontario",
               "short_name" : "ON",
               "types" : [ "administrative_area_level_1", "political" ]
            },
            {
               "long_name" : "Canada",
               "short_name" : "CA",
               "types" : [ "country", "political" ]
            },
            {
               "long_name" : "K1V 6M8",
               "short_name" : "K1V 6M8",
               "types" : [ "postal_code" ]
            }
         ],
         "formatted_address" : "2951 Riverside Dr, Ottawa, ON K1V 6M8, Canada",
         "geometry" : {
            "location" : {
               "lat" : 45.3679572,
               "lng" : -75.6893664
            },
            "location_type" : "ROOFTOP",
            "viewport" : {
               "northeast" : {
                  "lat" : 45.3693061802915,
                  "lng" : -75.6880174197085
               },
               "southwest" : {
                  "lat" : 45.3666082197085,
                  "lng" : -75.69071538029151
               }
            }
         },
         "partial_match" : true,
         "place_id" : "ChIJUcL2xBYGzkwRThx09BC-IqE",
         "types" : [ "street_address" ]
      }
   ],
   "status" : "OK"
}
