{
   "results" : [
      {
         "address_components" : [
            {
               "long_name" : "2",
               "short_name" : "2",
               "types" : [ "street_number" ]
            },
            {
               "long_name" : "Candle Crescent",
               "short_name" : "Candle Crescent",
               "types" : [ "route" ]
            },
            {
               "long_name" : "Pioneer Tower West",
               "short_name" : "Pioneer Tower West",
               "types" : [ "neighborhood", "political" ]
            },
            {
               "long_name" : "Kitchener",
               "short_name" : "Kitchener",
               "types" : [ "locality", "political" ]
            },
            {
               "long_name" : "Waterloo Regional Municipality",
               "short_name" : "Waterloo Regional Municipality",
               "types" : [ "administrative_area_level_2", "political" ]
            },
            {
               "long_name" : "Ontario",
               "short_name" : "ON",
               "types" : [ "administrative_area_level_1", "political" ]
            },
            {
               "long_name" : "Canada",
               "short_name" : "CA",
               "types" : [ "country", "political" ]
            },
            {
               "long_name" : "N2P 2K7",
               "short_name" : "N2P 2K7",
               "types" : [ "postal_code" ]
            }
         ],
         "formatted_address" : "2 Candle Crescent, Kitchener, ON N2P 2K7, Canada",
         "geometry" : {
            "location" : {
               "lat" : 43.4087979,
               "lng" : -80.4037347
            },
            "location_type" : "ROOFTOP",
            "viewport" : {
               "northeast" : {
                  "lat" : 43.4101468802915,
                  "lng" : -80.40238571970849
               },
               "southwest" : {
                  "lat" : 43.4074489197085,
                  "lng" : -80.40508368029151
               }
            }
         },
         "place_id" : "ChIJJRtFyV2KK4gRob9ug5QAqK4",
         "types" : [ "street_address" ]
      }
   ],
   "status" : "OK"
}
