{
   "results" : [
      {
         "address_components" : [
            {
               "long_name" : "72",
               "short_name" : "72",
               "types" : [ "street_number" ]
            },
            {
               "long_name" : "Pine Court",
               "short_name" : "Pine Ct",
               "types" : [ "route" ]
            },
            {
               "long_name" : "Dowling",
               "short_name" : "Dowling",
               "types" : [ "sublocality_level_1", "sublocality", "political" ]
            },
            {
               "long_name" : "Sudbury",
               "short_name" : "Sudbury",
               "types" : [ "locality", "political" ]
            },
            {
               "long_name" : "Greater Sudbury Division",
               "short_name" : "Greater Sudbury Division",
               "types" : [ "administrative_area_level_2", "political" ]
            },
            {
               "long_name" : "Ontario",
               "short_name" : "ON",
               "types" : [ "administrative_area_level_1", "political" ]
            },
            {
               "long_name" : "Canada",
               "short_name" : "CA",
               "types" : [ "country", "political" ]
            },
            {
               "long_name" : "P0M 1R0",
               "short_name" : "P0M 1R0",
               "types" : [ "postal_code" ]
            }
         ],
         "formatted_address" : "72 Pine Ct, Dowling, ON P0M 1R0, Canada",
         "geometry" : {
            "bounds" : {
               "northeast" : {
                  "lat" : 46.5901331,
                  "lng" : -81.33971509999999
               },
               "southwest" : {
                  "lat" : 46.59013299999999,
                  "lng" : -81.3397339
               }
            },
            "location" : {
               "lat" : 46.5901331,
               "lng" : -81.33971509999999
            },
            "location_type" : "RANGE_INTERPOLATED",
            "viewport" : {
               "northeast" : {
                  "lat" : 46.59148203029149,
                  "lng" : -81.33837551970849
               },
               "southwest" : {
                  "lat" : 46.5887840697085,
                  "lng" : -81.3410734802915
               }
            }
         },
         "partial_match" : true,
         "place_id" : "Eic3MiBQaW5lIEN0LCBEb3dsaW5nLCBPTiBQME0gMVIwLCBDYW5hZGE",
         "types" : [ "street_address" ]
      }
   ],
   "status" : "OK"
}
