{
   "results" : [
      {
         "address_components" : [
            {
               "long_name" : "7203",
               "short_name" : "7203",
               "types" : [ "street_number" ]
            },
            {
               "long_name" : "Buffalo Street",
               "short_name" : "Buffalo St",
               "types" : [ "route" ]
            },
            {
               "long_name" : "Burnaby",
               "short_name" : "Burnaby",
               "types" : [ "locality", "political" ]
            },
            {
               "long_name" : "Greater Vancouver",
               "short_name" : "Greater Vancouver",
               "types" : [ "administrative_area_level_2", "political" ]
            },
            {
               "long_name" : "British Columbia",
               "short_name" : "BC",
               "types" : [ "administrative_area_level_1", "political" ]
            },
            {
               "long_name" : "Canada",
               "short_name" : "CA",
               "types" : [ "country", "political" ]
            },
            {
               "long_name" : "V5A 1Z1",
               "short_name" : "V5A 1Z1",
               "types" : [ "postal_code" ]
            }
         ],
         "formatted_address" : "7203 Buffalo St, Burnaby, BC V5A 1Z1, Canada",
         "geometry" : {
            "location" : {
               "lat" : 49.25386,
               "lng" : -122.9531642
            },
            "location_type" : "ROOFTOP",
            "viewport" : {
               "northeast" : {
                  "lat" : 49.2552089802915,
                  "lng" : -122.9518152197085
               },
               "southwest" : {
                  "lat" : 49.2525110197085,
                  "lng" : -122.9545131802915
               }
            }
         },
         "place_id" : "ChIJi3L2GnF3hlQRRadliQHXJNg",
         "types" : [ "street_address" ]
      }
   ],
   "status" : "OK"
}
