{
   "results" : [
      {
         "address_components" : [
            {
               "long_name" : "73",
               "short_name" : "73",
               "types" : [ "street_number" ]
            },
            {
               "long_name" : "Orchard View Boulevard",
               "short_name" : "Orchard View Blvd",
               "types" : [ "route" ]
            },
            {
               "long_name" : "Lawrence Park South",
               "short_name" : "Lawrence Park South",
               "types" : [ "neighborhood", "political" ]
            },
            {
               "long_name" : "Old Toronto",
               "short_name" : "Old Toronto",
               "types" : [ "sublocality_level_1", "sublocality", "political" ]
            },
            {
               "long_name" : "Toronto",
               "short_name" : "Toronto",
               "types" : [ "locality", "political" ]
            },
            {
               "long_name" : "Toronto Division",
               "short_name" : "Toronto Division",
               "types" : [ "administrative_area_level_2", "political" ]
            },
            {
               "long_name" : "Ontario",
               "short_name" : "ON",
               "types" : [ "administrative_area_level_1", "political" ]
            },
            {
               "long_name" : "Canada",
               "short_name" : "CA",
               "types" : [ "country", "political" ]
            },
            {
               "long_name" : "M4R 1C1",
               "short_name" : "M4R 1C1",
               "types" : [ "postal_code" ]
            }
         ],
         "formatted_address" : "73 Orchard View Blvd, Toronto, ON M4R 1C1, Canada",
         "geometry" : {
            "location" : {
               "lat" : 43.7075404,
               "lng" : -79.4010605
            },
            "location_type" : "ROOFTOP",
            "viewport" : {
               "northeast" : {
                  "lat" : 43.7088893802915,
                  "lng" : -79.3997115197085
               },
               "southwest" : {
                  "lat" : 43.7061914197085,
                  "lng" : -79.40240948029151
               }
            }
         },
         "place_id" : "ChIJlSBYMT0zK4gR1cqgkvOGiN0",
         "types" : [ "street_address" ]
      }
   ],
   "status" : "OK"
}
