{
   "results" : [
      {
         "address_components" : [
            {
               "long_name" : "74",
               "short_name" : "74",
               "types" : [ "street_number" ]
            },
            {
               "long_name" : "Riverstone Road",
               "short_name" : "Riverstone Rd",
               "types" : [ "route" ]
            },
            {
               "long_name" : "Canmore",
               "short_name" : "Canmore",
               "types" : [ "locality", "political" ]
            },
            {
               "long_name" : "Division No. 15",
               "short_name" : "Division No. 15",
               "types" : [ "administrative_area_level_2", "political" ]
            },
            {
               "long_name" : "Alberta",
               "short_name" : "AB",
               "types" : [ "administrative_area_level_1", "political" ]
            },
            {
               "long_name" : "Canada",
               "short_name" : "CA",
               "types" : [ "country", "political" ]
            },
            {
               "long_name" : "T1W 1J5",
               "short_name" : "T1W 1J5",
               "types" : [ "postal_code" ]
            }
         ],
         "formatted_address" : "74 Riverstone Rd, Canmore, AB T1W 1J5, Canada",
         "geometry" : {
            "location" : {
               "lat" : 51.0813176,
               "lng" : -115.3303966
            },
            "location_type" : "ROOFTOP",
            "viewport" : {
               "northeast" : {
                  "lat" : 51.0826665802915,
                  "lng" : -115.3290476197085
               },
               "southwest" : {
                  "lat" : 51.0799686197085,
                  "lng" : -115.3317455802915
               }
            }
         },
         "partial_match" : true,
         "place_id" : "ChIJkRxKAbDFcFMRqTelQXG1pSQ",
         "types" : [ "street_address" ]
      }
   ],
   "status" : "OK"
}
