{
   "results" : [
      {
         "address_components" : [
            {
               "long_name" : "7919",
               "short_name" : "7919",
               "types" : [ "street_number" ]
            },
            {
               "long_name" : "91 Avenue Northwest",
               "short_name" : "91 Ave NW",
               "types" : [ "route" ]
            },
            {
               "long_name" : "Holyrood",
               "short_name" : "Holyrood",
               "types" : [ "neighborhood", "political" ]
            },
            {
               "long_name" : "Edmonton",
               "short_name" : "Edmonton",
               "types" : [ "locality", "political" ]
            },
            {
               "long_name" : "Division No. 11",
               "short_name" : "Division No. 11",
               "types" : [ "administrative_area_level_2", "political" ]
            },
            {
               "long_name" : "Alberta",
               "short_name" : "AB",
               "types" : [ "administrative_area_level_1", "political" ]
            },
            {
               "long_name" : "Canada",
               "short_name" : "CA",
               "types" : [ "country", "political" ]
            },
            {
               "long_name" : "T6C 1P9",
               "short_name" : "T6C 1P9",
               "types" : [ "postal_code" ]
            }
         ],
         "formatted_address" : "7919 91 Ave NW, Edmonton, AB T6C 1P9, Canada",
         "geometry" : {
            "location" : {
               "lat" : 53.52574620000001,
               "lng" : -113.4507073
            },
            "location_type" : "ROOFTOP",
            "viewport" : {
               "northeast" : {
                  "lat" : 53.52709518029151,
                  "lng" : -113.4493583197085
               },
               "southwest" : {
                  "lat" : 53.52439721970851,
                  "lng" : -113.4520562802915
               }
            }
         },
         "place_id" : "ChIJiyGXhn0ioFMRs5WTczRQge8",
         "types" : [ "street_address" ]
      }
   ],
   "status" : "OK"
}
