{
   "results" : [
      {
         "address_components" : [
            {
               "long_name" : "2190",
               "short_name" : "2190",
               "types" : [ "street_number" ]
            },
            {
               "long_name" : "Bellevue Avenue",
               "short_name" : "Bellevue Ave",
               "types" : [ "route" ]
            },
            {
               "long_name" : "West Vancouver",
               "short_name" : "West Vancouver",
               "types" : [ "locality", "political" ]
            },
            {
               "long_name" : "West Vancouver",
               "short_name" : "West Vancouver",
               "types" : [ "administrative_area_level_3", "political" ]
            },
            {
               "long_name" : "Greater Vancouver",
               "short_name" : "Greater Vancouver",
               "types" : [ "administrative_area_level_2", "political" ]
            },
            {
               "long_name" : "British Columbia",
               "short_name" : "BC",
               "types" : [ "administrative_area_level_1", "political" ]
            },
            {
               "long_name" : "Canada",
               "short_name" : "CA",
               "types" : [ "country", "political" ]
            },
            {
               "long_name" : "V7V 1C4",
               "short_name" : "V7V 1C4",
               "types" : [ "postal_code" ]
            }
         ],
         "formatted_address" : "2190 Bellevue Ave, West Vancouver, BC V7V 1C4, Canada",
         "geometry" : {
            "location" : {
               "lat" : 49.32944209999999,
               "lng" : -123.1703099
            },
            "location_type" : "ROOFTOP",
            "viewport" : {
               "northeast" : {
                  "lat" : 49.3307910802915,
                  "lng" : -123.1689609197085
               },
               "southwest" : {
                  "lat" : 49.3280931197085,
                  "lng" : -123.1716588802915
               }
            }
         },
         "partial_match" : true,
         "place_id" : "ChIJ8YRHcQ5uhlQR4BI69EAB6GM",
         "types" : [ "street_address" ]
      }
   ],
   "status" : "OK"
}
