{
   "results" : [
      {
         "address_components" : [
            {
               "long_name" : "817",
               "short_name" : "817",
               "types" : [ "street_number" ]
            },
            {
               "long_name" : "Book Road East",
               "short_name" : "Book Rd E",
               "types" : [ "route" ]
            },
            {
               "long_name" : "Ancaster",
               "short_name" : "Ancaster",
               "types" : [ "neighborhood", "political" ]
            },
            {
               "long_name" : "Hamilton",
               "short_name" : "Hamilton",
               "types" : [ "locality", "political" ]
            },
            {
               "long_name" : "Hamilton Division",
               "short_name" : "Hamilton Division",
               "types" : [ "administrative_area_level_2", "political" ]
            },
            {
               "long_name" : "Ontario",
               "short_name" : "ON",
               "types" : [ "administrative_area_level_1", "political" ]
            },
            {
               "long_name" : "Canada",
               "short_name" : "CA",
               "types" : [ "country", "political" ]
            },
            {
               "long_name" : "L9G 3L1",
               "short_name" : "L9G 3L1",
               "types" : [ "postal_code" ]
            }
         ],
         "formatted_address" : "817 Book Rd E, Ancaster, ON L9G 3L1, Canada",
         "geometry" : {
            "bounds" : {
               "northeast" : {
                  "lat" : 43.1907966,
                  "lng" : -79.9402175
               },
               "southwest" : {
                  "lat" : 43.1907832,
                  "lng" : -79.9402218
               }
            },
            "location" : {
               "lat" : 43.1907966,
               "lng" : -79.9402218
            },
            "location_type" : "RANGE_INTERPOLATED",
            "viewport" : {
               "northeast" : {
                  "lat" : 43.19213888029149,
                  "lng" : -79.93887066970849
               },
               "southwest" : {
                  "lat" : 43.1894409197085,
                  "lng" : -79.94156863029151
               }
            }
         },
         "place_id" : "Eis4MTcgQm9vayBSZCBFLCBBbmNhc3RlciwgT04gTDlHIDNMMSwgQ2FuYWRh",
         "types" : [ "street_address" ]
      }
   ],
   "status" : "OK"
}
