{
   "results" : [
      {
         "address_components" : [
            {
               "long_name" : "819",
               "short_name" : "819",
               "types" : [ "street_number" ]
            },
            {
               "long_name" : "Sumner Street",
               "short_name" : "Sumner St",
               "types" : [ "route" ]
            },
            {
               "long_name" : "Esterhazy",
               "short_name" : "Esterhazy",
               "types" : [ "locality", "political" ]
            },
            {
               "long_name" : "Division No. 5",
               "short_name" : "Division No. 5",
               "types" : [ "administrative_area_level_2", "political" ]
            },
            {
               "long_name" : "Saskatchewan",
               "short_name" : "SK",
               "types" : [ "administrative_area_level_1", "political" ]
            },
            {
               "long_name" : "Canada",
               "short_name" : "CA",
               "types" : [ "country", "political" ]
            },
            {
               "long_name" : "S0A 0X0",
               "short_name" : "S0A 0X0",
               "types" : [ "postal_code" ]
            }
         ],
         "formatted_address" : "819 Sumner St, Esterhazy, SK S0A 0X0, Canada",
         "geometry" : {
            "location" : {
               "lat" : 50.66168099999999,
               "lng" : -102.0754268
            },
            "location_type" : "ROOFTOP",
            "viewport" : {
               "northeast" : {
                  "lat" : 50.6630299802915,
                  "lng" : -102.0740778197085
               },
               "southwest" : {
                  "lat" : 50.6603320197085,
                  "lng" : -102.0767757802915
               }
            }
         },
         "place_id" : "ChIJj0lmUMl84VIRP3gGxzpMovw",
         "types" : [ "street_address" ]
      }
   ],
   "status" : "OK"
}
