{
   "results" : [
      {
         "address_components" : [
            {
               "long_name" : "8415",
               "short_name" : "8415",
               "types" : [ "street_number" ]
            },
            {
               "long_name" : "70 Street Northwest",
               "short_name" : "70 St NW",
               "types" : [ "route" ]
            },
            {
               "long_name" : "Kenilworth",
               "short_name" : "Kenilworth",
               "types" : [ "neighborhood", "political" ]
            },
            {
               "long_name" : "Edmonton",
               "short_name" : "Edmonton",
               "types" : [ "locality", "political" ]
            },
            {
               "long_name" : "Division No. 11",
               "short_name" : "Division No. 11",
               "types" : [ "administrative_area_level_2", "political" ]
            },
            {
               "long_name" : "Alberta",
               "short_name" : "AB",
               "types" : [ "administrative_area_level_1", "political" ]
            },
            {
               "long_name" : "Canada",
               "short_name" : "CA",
               "types" : [ "country", "political" ]
            },
            {
               "long_name" : "T6B 1W5",
               "short_name" : "T6B 1W5",
               "types" : [ "postal_code" ]
            }
         ],
         "formatted_address" : "8415 70 St NW, Edmonton, AB T6B 1W5, Canada",
         "geometry" : {
            "location" : {
               "lat" : 53.5203287,
               "lng" : -113.4350066
            },
            "location_type" : "ROOFTOP",
            "viewport" : {
               "northeast" : {
                  "lat" : 53.5216776802915,
                  "lng" : -113.4336576197085
               },
               "southwest" : {
                  "lat" : 53.5189797197085,
                  "lng" : -113.4363555802915
               }
            }
         },
         "partial_match" : true,
         "place_id" : "ChIJbzZUrngYoFMR5w0UGyr7TKw",
         "types" : [ "street_address" ]
      },
      {
         "address_components" : [
            {
               "long_name" : "8415",
               "short_name" : "8415",
               "types" : [ "street_number" ]
            },
            {
               "long_name" : "70 Street Northwest",
               "short_name" : "70 St NW",
               "types" : [ "route" ]
            },
            {
               "long_name" : "Roper Industrial",
               "short_name" : "Roper Industrial",
               "types" : [ "neighborhood", "political" ]
            },
            {
               "long_name" : "Edmonton",
               "short_name" : "Edmonton",
               "types" : [ "locality", "political" ]
            },
            {
               "long_name" : "Division No. 11",
               "short_name" : "Division No. 11",
               "types" : [ "administrative_area_level_2", "political" ]
            },
            {
               "long_name" : "Alberta",
               "short_name" : "AB",
               "types" : [ "administrative_area_level_1", "political" ]
            },
            {
               "long_name" : "Canada",
               "short_name" : "CA",
               "types" : [ "country", "political" ]
            },
            {
               "long_name" : "T6B",
               "short_name" : "T6B",
               "types" : [ "postal_code_prefix", "postal_code" ]
            }
         ],
         "formatted_address" : "8415 70 St NW, Edmonton, AB T6B, Canada",
         "geometry" : {
            "bounds" : {
               "northeast" : {
                  "lat" : 53.4934865,
                  "lng" : -113.4346802
               },
               "southwest" : {
                  "lat" : 53.4934836,
                  "lng" : -113.4346983
               }
            },
            "location" : {
               "lat" : 53.4934865,
               "lng" : -113.4346802
            },
            "location_type" : "RANGE_INTERPOLATED",
            "viewport" : {
               "northeast" : {
                  "lat" : 53.49483403029149,
                  "lng" : -113.4333402697085
               },
               "southwest" : {
                  "lat" : 53.49213606970849,
                  "lng" : -113.4360382302915
               }
            }
         },
         "partial_match" : true,
         "place_id" : "Eic4NDE1IDcwIFN0IE5XLCBFZG1vbnRvbiwgQUIgVDZCLCBDYW5hZGE",
         "types" : [ "street_address" ]
      },
      {
         "address_components" : [
            {
               "long_name" : "8415",
               "short_name" : "8415",
               "types" : [ "street_number" ]
            },
            {
               "long_name" : "70 Street Northwest",
               "short_name" : "70 St NW",
               "types" : [ "route" ]
            },
            {
               "long_name" : "Ottewell",
               "short_name" : "Ottewell",
               "types" : [ "neighborhood", "political" ]
            },
            {
               "long_name" : "Edmonton",
               "short_name" : "Edmonton",
               "types" : [ "locality", "political" ]
            },
            {
               "long_name" : "Division No. 11",
               "short_name" : "Division No. 11",
               "types" : [ "administrative_area_level_2", "political" ]
            },
            {
               "long_name" : "Alberta",
               "short_name" : "AB",
               "types" : [ "administrative_area_level_1", "political" ]
            },
            {
               "long_name" : "Canada",
               "short_name" : "CA",
               "types" : [ "country", "political" ]
            },
            {
               "long_name" : "T6B 1W7",
               "short_name" : "T6B 1W7",
               "types" : [ "postal_code" ]
            }
         ],
         "formatted_address" : "8415 70 St NW, Edmonton, AB T6B 1W7, Canada",
         "geometry" : {
            "bounds" : {
               "northeast" : {
                  "lat" : 53.527121,
                  "lng" : -113.4357419
               },
               "southwest" : {
                  "lat" : 53.52711559999999,
                  "lng" : -113.4357583
               }
            },
            "location" : {
               "lat" : 53.52711559999999,
               "lng" : -113.4357419
            },
            "location_type" : "RANGE_INTERPOLATED",
            "viewport" : {
               "northeast" : {
                  "lat" : 53.5284672802915,
                  "lng" : -113.4344011197085
               },
               "southwest" : {
                  "lat" : 53.5257693197085,
                  "lng" : -113.4370990802915
               }
            }
         },
         "partial_match" : true,
         "place_id" : "Eis4NDE1IDcwIFN0IE5XLCBFZG1vbnRvbiwgQUIgVDZCIDFXNywgQ2FuYWRh",
         "types" : [ "street_address" ]
      }
   ],
   "status" : "OK"
}
