{
   "results" : [
      {
         "address_components" : [
            {
               "long_name" : "88",
               "short_name" : "88",
               "types" : [ "street_number" ]
            },
            {
               "long_name" : "Hammond Street",
               "short_name" : "Hammond St",
               "types" : [ "route" ]
            },
            {
               "long_name" : "Chestnut Hill",
               "short_name" : "Chestnut Hill",
               "types" : [ "neighborhood", "political" ]
            },
            {
               "long_name" : "Newton",
               "short_name" : "Newton",
               "types" : [ "locality", "political" ]
            },
            {
               "long_name" : "Middlesex County",
               "short_name" : "Middlesex County",
               "types" : [ "administrative_area_level_2", "political" ]
            },
            {
               "long_name" : "Massachusetts",
               "short_name" : "MA",
               "types" : [ "administrative_area_level_1", "political" ]
            },
            {
               "long_name" : "United States",
               "short_name" : "US",
               "types" : [ "country", "political" ]
            },
            {
               "long_name" : "02467",
               "short_name" : "02467",
               "types" : [ "postal_code" ]
            },
            {
               "long_name" : "1133",
               "short_name" : "1133",
               "types" : [ "postal_code_suffix" ]
            }
         ],
         "formatted_address" : "88 Hammond St, Chestnut Hill, MA 02467, USA",
         "geometry" : {
            "location" : {
               "lat" : 42.3354524,
               "lng" : -71.1778149
            },
            "location_type" : "ROOFTOP",
            "viewport" : {
               "northeast" : {
                  "lat" : 42.3368013802915,
                  "lng" : -71.17646591970849
               },
               "southwest" : {
                  "lat" : 42.33410341970851,
                  "lng" : -71.17916388029151
               }
            }
         },
         "partial_match" : true,
         "place_id" : "ChIJzcU9iWJ444kR8iA-OMrC0vA",
         "types" : [ "street_address" ]
      }
   ],
   "status" : "OK"
}
