{
   "results" : [
      {
         "address_components" : [
            {
               "long_name" : "2281",
               "short_name" : "2281",
               "types" : [ "street_number" ]
            },
            {
               "long_name" : "Rue des Roitelets",
               "short_name" : "Rue des Roitelets",
               "types" : [ "route" ]
            },
            {
               "long_name" : "Chicoutimi",
               "short_name" : "Chicoutimi",
               "types" : [ "sublocality_level_1", "sublocality", "political" ]
            },
            {
               "long_name" : "Saguenay",
               "short_name" : "Saguenay",
               "types" : [ "locality", "political" ]
            },
            {
               "long_name" : "Le Fjord-du-Saguenay",
               "short_name" : "Le Fjord-du-Saguenay",
               "types" : [ "administrative_area_level_2", "political" ]
            },
            {
               "long_name" : "Québec",
               "short_name" : "QC",
               "types" : [ "administrative_area_level_1", "political" ]
            },
            {
               "long_name" : "Canada",
               "short_name" : "CA",
               "types" : [ "country", "political" ]
            },
            {
               "long_name" : "G7H 8A6",
               "short_name" : "G7H 8A6",
               "types" : [ "postal_code" ]
            }
         ],
         "formatted_address" : "2281 Rue des Roitelets, Chicoutimi, QC G7H 8A6, Canada",
         "geometry" : {
            "bounds" : {
               "northeast" : {
                  "lat" : 48.3936281,
                  "lng" : -71.06281849999999
               },
               "southwest" : {
                  "lat" : 48.3936157,
                  "lng" : -71.0628189
               }
            },
            "location" : {
               "lat" : 48.3936157,
               "lng" : -71.06281849999999
            },
            "location_type" : "RANGE_INTERPOLATED",
            "viewport" : {
               "northeast" : {
                  "lat" : 48.3949708802915,
                  "lng" : -71.06146971970848
               },
               "southwest" : {
                  "lat" : 48.3922729197085,
                  "lng" : -71.06416768029149
               }
            }
         },
         "partial_match" : true,
         "place_id" : "EjYyMjgxIFJ1ZSBkZXMgUm9pdGVsZXRzLCBDaGljb3V0aW1pLCBRQyBHN0ggOEE2LCBDYW5hZGE",
         "types" : [ "street_address" ]
      }
   ],
   "status" : "OK"
}
