{
   "results" : [
      {
         "address_components" : [
            {
               "long_name" : "881",
               "short_name" : "881",
               "types" : [ "street_number" ]
            },
            {
               "long_name" : "McIntyre Street West",
               "short_name" : "McIntyre St W",
               "types" : [ "route" ]
            },
            {
               "long_name" : "North Bay",
               "short_name" : "North Bay",
               "types" : [ "locality", "political" ]
            },
            {
               "long_name" : "Nipissing District",
               "short_name" : "Nipissing District",
               "types" : [ "administrative_area_level_2", "political" ]
            },
            {
               "long_name" : "Ontario",
               "short_name" : "ON",
               "types" : [ "administrative_area_level_1", "political" ]
            },
            {
               "long_name" : "Canada",
               "short_name" : "CA",
               "types" : [ "country", "political" ]
            },
            {
               "long_name" : "P1B 3A2",
               "short_name" : "P1B 3A2",
               "types" : [ "postal_code" ]
            }
         ],
         "formatted_address" : "881 McIntyre St W, North Bay, ON P1B 3A2, Canada",
         "geometry" : {
            "location" : {
               "lat" : 46.318867,
               "lng" : -79.47354399999999
            },
            "location_type" : "ROOFTOP",
            "viewport" : {
               "northeast" : {
                  "lat" : 46.3202159802915,
                  "lng" : -79.47219501970848
               },
               "southwest" : {
                  "lat" : 46.3175180197085,
                  "lng" : -79.47489298029149
               }
            }
         },
         "place_id" : "ChIJkxb6m3QAKU0RorAy1xciihY",
         "types" : [ "street_address" ]
      }
   ],
   "status" : "OK"
}
