{
   "results" : [
      {
         "address_components" : [
            {
               "long_name" : "9",
               "short_name" : "9",
               "types" : [ "street_number" ]
            },
            {
               "long_name" : "Camden Street",
               "short_name" : "Camden St",
               "types" : [ "route" ]
            },
            {
               "long_name" : "Bedford",
               "short_name" : "Bedford",
               "types" : [ "locality", "political" ]
            },
            {
               "long_name" : "Halifax",
               "short_name" : "Halifax",
               "types" : [ "administrative_area_level_3", "political" ]
            },
            {
               "long_name" : "Halifax Regional Municipality",
               "short_name" : "Halifax Regional Municipality",
               "types" : [ "administrative_area_level_2", "political" ]
            },
            {
               "long_name" : "Nova Scotia",
               "short_name" : "NS",
               "types" : [ "administrative_area_level_1", "political" ]
            },
            {
               "long_name" : "Canada",
               "short_name" : "CA",
               "types" : [ "country", "political" ]
            },
            {
               "long_name" : "B4A",
               "short_name" : "B4A",
               "types" : [ "postal_code_prefix", "postal_code" ]
            }
         ],
         "formatted_address" : "9 Camden St, Bedford, NS B4A, Canada",
         "geometry" : {
            "location" : {
               "lat" : 44.72943650000001,
               "lng" : -63.65729
            },
            "location_type" : "ROOFTOP",
            "viewport" : {
               "northeast" : {
                  "lat" : 44.73078548029151,
                  "lng" : -63.65594101970849
               },
               "southwest" : {
                  "lat" : 44.72808751970851,
                  "lng" : -63.6586389802915
               }
            }
         },
         "partial_match" : true,
         "place_id" : "ChIJhaZiEMOJWUsR_7fNAewpXcw",
         "types" : [ "street_address" ]
      }
   ],
   "status" : "OK"
}
