{
   "results" : [
      {
         "address_components" : [
            {
               "long_name" : "90",
               "short_name" : "90",
               "types" : [ "street_number" ]
            },
            {
               "long_name" : "Lassie Road",
               "short_name" : "Lassie Rd",
               "types" : [ "route" ]
            },
            {
               "long_name" : "Balmertown",
               "short_name" : "Balmertown",
               "types" : [ "sublocality_level_1", "sublocality", "political" ]
            },
            {
               "long_name" : "Red Lake",
               "short_name" : "Red Lake",
               "types" : [ "locality", "political" ]
            },
            {
               "long_name" : "Kenora District",
               "short_name" : "Kenora District",
               "types" : [ "administrative_area_level_2", "political" ]
            },
            {
               "long_name" : "Ontario",
               "short_name" : "ON",
               "types" : [ "administrative_area_level_1", "political" ]
            },
            {
               "long_name" : "Canada",
               "short_name" : "CA",
               "types" : [ "country", "political" ]
            },
            {
               "long_name" : "P0V",
               "short_name" : "P0V",
               "types" : [ "postal_code_prefix", "postal_code" ]
            }
         ],
         "formatted_address" : "90 Lassie Rd, Red Lake, ON P0V, Canada",
         "geometry" : {
            "bounds" : {
               "northeast" : {
                  "lat" : 51.05613349999999,
                  "lng" : -93.7441324
               },
               "southwest" : {
                  "lat" : 51.0561217,
                  "lng" : -93.7441336
               }
            },
            "location" : {
               "lat" : 51.0561217,
               "lng" : -93.7441324
            },
            "location_type" : "RANGE_INTERPOLATED",
            "viewport" : {
               "northeast" : {
                  "lat" : 51.05747658029149,
                  "lng" : -93.74278401970849
               },
               "southwest" : {
                  "lat" : 51.05477861970849,
                  "lng" : -93.7454819802915
               }
            }
         },
         "partial_match" : true,
         "place_id" : "EiY5MCBMYXNzaWUgUmQsIFJlZCBMYWtlLCBPTiBQMFYsIENhbmFkYQ",
         "types" : [ "street_address" ]
      }
   ],
   "status" : "OK"
}
