{
   "results" : [
      {
         "address_components" : [
            {
               "long_name" : "9102",
               "short_name" : "9102",
               "types" : [ "street_number" ]
            },
            {
               "long_name" : "Brimfield-Jubilee Road",
               "short_name" : "Brimfield-Jubilee Rd",
               "types" : [ "route" ]
            },
            {
               "long_name" : "Dunlap",
               "short_name" : "Dunlap",
               "types" : [ "locality", "political" ]
            },
            {
               "long_name" : "Radnor Township",
               "short_name" : "Radnor Township",
               "types" : [ "administrative_area_level_3", "political" ]
            },
            {
               "long_name" : "Peoria County",
               "short_name" : "Peoria County",
               "types" : [ "administrative_area_level_2", "political" ]
            },
            {
               "long_name" : "Illinois",
               "short_name" : "IL",
               "types" : [ "administrative_area_level_1", "political" ]
            },
            {
               "long_name" : "United States",
               "short_name" : "US",
               "types" : [ "country", "political" ]
            },
            {
               "long_name" : "61525",
               "short_name" : "61525",
               "types" : [ "postal_code" ]
            }
         ],
         "formatted_address" : "9102 Brimfield-Jubilee Rd, Dunlap, IL 61525, USA",
         "geometry" : {
            "location" : {
               "lat" : 40.84206140000001,
               "lng" : -89.7381608
            },
            "location_type" : "ROOFTOP",
            "viewport" : {
               "northeast" : {
                  "lat" : 40.84341038029151,
                  "lng" : -89.73681181970849
               },
               "southwest" : {
                  "lat" : 40.84071241970851,
                  "lng" : -89.7395097802915
               }
            }
         },
         "place_id" : "ChIJTRMCgMlpCogRR8kW8bNOXAE",
         "types" : [ "street_address" ]
      }
   ],
   "status" : "OK"
}
