{
   "results" : [
      {
         "address_components" : [
            {
               "long_name" : "9190",
               "short_name" : "9190",
               "types" : [ "street_number" ]
            },
            {
               "long_name" : "Glacier Highway",
               "short_name" : "Glacier Hwy",
               "types" : [ "route" ]
            },
            {
               "long_name" : "Mendenhall Valley",
               "short_name" : "Mendenhall Valley",
               "types" : [ "neighborhood", "political" ]
            },
            {
               "long_name" : "Juneau",
               "short_name" : "Juneau",
               "types" : [ "locality", "political" ]
            },
            {
               "long_name" : "Juneau",
               "short_name" : "Juneau",
               "types" : [ "administrative_area_level_2", "political" ]
            },
            {
               "long_name" : "Alaska",
               "short_name" : "AK",
               "types" : [ "administrative_area_level_1", "political" ]
            },
            {
               "long_name" : "United States",
               "short_name" : "US",
               "types" : [ "country", "political" ]
            },
            {
               "long_name" : "99801",
               "short_name" : "99801",
               "types" : [ "postal_code" ]
            },
            {
               "long_name" : "8032",
               "short_name" : "8032",
               "types" : [ "postal_code_suffix" ]
            }
         ],
         "formatted_address" : "9190 Glacier Hwy, Juneau, AK 99801, USA",
         "geometry" : {
            "bounds" : {
               "northeast" : {
                  "lat" : 58.3635275,
                  "lng" : -134.5846838
               },
               "southwest" : {
                  "lat" : 58.36339820000001,
                  "lng" : -134.5850472
               }
            },
            "location" : {
               "lat" : 58.3634629,
               "lng" : -134.5848655
            },
            "location_type" : "ROOFTOP",
            "viewport" : {
               "northeast" : {
                  "lat" : 58.36481183029151,
                  "lng" : -134.5835165197085
               },
               "southwest" : {
                  "lat" : 58.36211386970849,
                  "lng" : -134.5862144802915
               }
            }
         },
         "place_id" : "ChIJJYEiQx8eAVQRJUtEb5KZjZ4",
         "types" : [ "premise" ]
      }
   ],
   "status" : "OK"
}
