{
   "results" : [
      {
         "address_components" : [
            {
               "long_name" : "9280",
               "short_name" : "9280",
               "types" : [ "street_number" ]
            },
            {
               "long_name" : "53rd Street North",
               "short_name" : "53rd St N",
               "types" : [ "route" ]
            },
            {
               "long_name" : "Lake Elmo",
               "short_name" : "Lake Elmo",
               "types" : [ "locality", "political" ]
            },
            {
               "long_name" : "Washington County",
               "short_name" : "Washington County",
               "types" : [ "administrative_area_level_2", "political" ]
            },
            {
               "long_name" : "Minnesota",
               "short_name" : "MN",
               "types" : [ "administrative_area_level_1", "political" ]
            },
            {
               "long_name" : "United States",
               "short_name" : "US",
               "types" : [ "country", "political" ]
            },
            {
               "long_name" : "55042",
               "short_name" : "55042",
               "types" : [ "postal_code" ]
            },
            {
               "long_name" : "9686",
               "short_name" : "9686",
               "types" : [ "postal_code_suffix" ]
            }
         ],
         "formatted_address" : "9280 53rd St N, Lake Elmo, MN 55042, USA",
         "geometry" : {
            "location" : {
               "lat" : 45.024516,
               "lng" : -92.91698199999999
            },
            "location_type" : "ROOFTOP",
            "viewport" : {
               "northeast" : {
                  "lat" : 45.0258649802915,
                  "lng" : -92.91563301970849
               },
               "southwest" : {
                  "lat" : 45.0231670197085,
                  "lng" : -92.9183309802915
               }
            }
         },
         "place_id" : "ChIJC9Z9N8TNslIR5V7kXKWRP74",
         "types" : [ "street_address" ]
      }
   ],
   "status" : "OK"
}
