{
   "results" : [
      {
         "address_components" : [
            {
               "long_name" : "98",
               "short_name" : "98",
               "types" : [ "street_number" ]
            },
            {
               "long_name" : "Ferrier Avenue",
               "short_name" : "Ferrier Ave",
               "types" : [ "route" ]
            },
            {
               "long_name" : "Riverdale",
               "short_name" : "Riverdale",
               "types" : [ "neighborhood", "political" ]
            },
            {
               "long_name" : "Old Toronto",
               "short_name" : "Old Toronto",
               "types" : [ "sublocality_level_1", "sublocality", "political" ]
            },
            {
               "long_name" : "Toronto",
               "short_name" : "Toronto",
               "types" : [ "locality", "political" ]
            },
            {
               "long_name" : "Toronto Division",
               "short_name" : "Toronto Division",
               "types" : [ "administrative_area_level_2", "political" ]
            },
            {
               "long_name" : "Ontario",
               "short_name" : "ON",
               "types" : [ "administrative_area_level_1", "political" ]
            },
            {
               "long_name" : "Canada",
               "short_name" : "CA",
               "types" : [ "country", "political" ]
            },
            {
               "long_name" : "M4K 3H4",
               "short_name" : "M4K 3H4",
               "types" : [ "postal_code" ]
            }
         ],
         "formatted_address" : "98 Ferrier Ave, Toronto, ON M4K 3H4, Canada",
         "geometry" : {
            "location" : {
               "lat" : 43.6809768,
               "lng" : -79.3494638
            },
            "location_type" : "ROOFTOP",
            "viewport" : {
               "northeast" : {
                  "lat" : 43.6823257802915,
                  "lng" : -79.34811481970848
               },
               "southwest" : {
                  "lat" : 43.6796278197085,
                  "lng" : -79.35081278029151
               }
            }
         },
         "place_id" : "ChIJvXa9p5vM1IkRteTJAt1ojxk",
         "types" : [ "street_address" ]
      }
   ],
   "status" : "OK"
}
