{
   "results" : [
      {
         "address_components" : [
            {
               "long_name" : "9836",
               "short_name" : "9836",
               "types" : [ "street_number" ]
            },
            {
               "long_name" : "77 Avenue Northwest",
               "short_name" : "77 Ave NW",
               "types" : [ "route" ]
            },
            {
               "long_name" : "Southeast Edmonton",
               "short_name" : "Southeast Edmonton",
               "types" : [ "neighborhood", "political" ]
            },
            {
               "long_name" : "Edmonton",
               "short_name" : "Edmonton",
               "types" : [ "locality", "political" ]
            },
            {
               "long_name" : "Division No. 11",
               "short_name" : "Division No. 11",
               "types" : [ "administrative_area_level_2", "political" ]
            },
            {
               "long_name" : "Alberta",
               "short_name" : "AB",
               "types" : [ "administrative_area_level_1", "political" ]
            },
            {
               "long_name" : "Canada",
               "short_name" : "CA",
               "types" : [ "country", "political" ]
            },
            {
               "long_name" : "T6E 1M4",
               "short_name" : "T6E 1M4",
               "types" : [ "postal_code" ]
            }
         ],
         "formatted_address" : "9836 77 Ave NW, Edmonton, AB T6E 1M4, Canada",
         "geometry" : {
            "location" : {
               "lat" : 53.513619,
               "lng" : -113.484585
            },
            "location_type" : "ROOFTOP",
            "viewport" : {
               "northeast" : {
                  "lat" : 53.5149679802915,
                  "lng" : -113.4832360197085
               },
               "southwest" : {
                  "lat" : 53.5122700197085,
                  "lng" : -113.4859339802915
               }
            }
         },
         "place_id" : "ChIJx0V-ywsioFMRQFoRVK99zus",
         "types" : [ "street_address" ]
      }
   ],
   "status" : "OK"
}
