{
   "results" : [
      {
         "address_components" : [
            {
               "long_name" : "99",
               "short_name" : "99",
               "types" : [ "street_number" ]
            },
            {
               "long_name" : "Hawkwood Crescent Northwest",
               "short_name" : "Hawkwood Crescent NW",
               "types" : [ "route" ]
            },
            {
               "long_name" : "Northwest Calgary",
               "short_name" : "Northwest Calgary",
               "types" : [ "neighborhood", "political" ]
            },
            {
               "long_name" : "Calgary",
               "short_name" : "Calgary",
               "types" : [ "locality", "political" ]
            },
            {
               "long_name" : "Division No. 6",
               "short_name" : "Division No. 6",
               "types" : [ "administrative_area_level_2", "political" ]
            },
            {
               "long_name" : "Alberta",
               "short_name" : "AB",
               "types" : [ "administrative_area_level_1", "political" ]
            },
            {
               "long_name" : "Canada",
               "short_name" : "CA",
               "types" : [ "country", "political" ]
            },
            {
               "long_name" : "T3G 1Z1",
               "short_name" : "T3G 1Z1",
               "types" : [ "postal_code" ]
            }
         ],
         "formatted_address" : "99 Hawkwood Crescent NW, Calgary, AB T3G 1Z1, Canada",
         "geometry" : {
            "location" : {
               "lat" : 51.1283932,
               "lng" : -114.1918205
            },
            "location_type" : "ROOFTOP",
            "viewport" : {
               "northeast" : {
                  "lat" : 51.12974218029149,
                  "lng" : -114.1904715197085
               },
               "southwest" : {
                  "lat" : 51.12704421970849,
                  "lng" : -114.1931694802915
               }
            }
         },
         "place_id" : "ChIJd12YyeBocVMRn5wtJRqX0JY",
         "types" : [ "street_address" ]
      }
   ],
   "status" : "OK"
}
