{
   "results" : [
      {
         "address_components" : [
            {
               "long_name" : "705",
               "short_name" : "705",
               "types" : [ "subpremise" ]
            },
            {
               "long_name" : "",
               "short_name" : "",
               "types" : [ "premise" ]
            },
            {
               "long_name" : "33",
               "short_name" : "33",
               "types" : [ "street_number" ]
            },
            {
               "long_name" : "Elmhurst Avenue",
               "short_name" : "Elmhurst Ave",
               "types" : [ "route" ]
            },
            {
               "long_name" : "Lansing",
               "short_name" : "Lansing",
               "types" : [ "neighborhood", "political" ]
            },
            {
               "long_name" : "North York",
               "short_name" : "North York",
               "types" : [ "sublocality_level_1", "sublocality", "political" ]
            },
            {
               "long_name" : "Toronto",
               "short_name" : "Toronto",
               "types" : [ "locality", "political" ]
            },
            {
               "long_name" : "Toronto Division",
               "short_name" : "Toronto Division",
               "types" : [ "administrative_area_level_2", "political" ]
            },
            {
               "long_name" : "Ontario",
               "short_name" : "ON",
               "types" : [ "administrative_area_level_1", "political" ]
            },
            {
               "long_name" : "Canada",
               "short_name" : "CA",
               "types" : [ "country", "political" ]
            },
            {
               "long_name" : "M2N 6G8",
               "short_name" : "M2N 6G8",
               "types" : [ "postal_code" ]
            }
         ],
         "formatted_address" : "33 Elmhurst Ave #705, North York, ON M2N 6G8, Canada",
         "geometry" : {
            "location" : {
               "lat" : 43.7624237,
               "lng" : -79.4128298
            },
            "location_type" : "ROOFTOP",
            "viewport" : {
               "northeast" : {
                  "lat" : 43.7637726802915,
                  "lng" : -79.41148081970849
               },
               "southwest" : {
                  "lat" : 43.7610747197085,
                  "lng" : -79.41417878029151
               }
            }
         },
         "partial_match" : true,
         "place_id" : "EjQzMyBFbG1odXJzdCBBdmUgIzcwNSwgTm9ydGggWW9yaywgT04gTTJOIDZHOCwgQ2FuYWRh",
         "types" : [ "subpremise" ]
      }
   ],
   "status" : "OK"
}
