{
   "results" : [
      {
         "address_components" : [
            {
               "long_name" : "21",
               "short_name" : "21",
               "types" : [ "street_number" ]
            },
            {
               "long_name" : "Pioneer Way",
               "short_name" : "Pioneer Way",
               "types" : [ "route" ]
            },
            {
               "long_name" : "Cambridge",
               "short_name" : "Cambridge",
               "types" : [ "locality", "political" ]
            },
            {
               "long_name" : "Hamilton Division",
               "short_name" : "Hamilton Division",
               "types" : [ "administrative_area_level_2", "political" ]
            },
            {
               "long_name" : "Ontario",
               "short_name" : "ON",
               "types" : [ "administrative_area_level_1", "political" ]
            },
            {
               "long_name" : "Canada",
               "short_name" : "CA",
               "types" : [ "country", "political" ]
            },
            {
               "long_name" : "N1R 5S7",
               "short_name" : "N1R 5S7",
               "types" : [ "postal_code" ]
            }
         ],
         "formatted_address" : "21 Pioneer Way, Cambridge, ON N1R 5S7, Canada",
         "geometry" : {
            "bounds" : {
               "northeast" : {
                  "lat" : 43.3871794,
                  "lng" : -80.18937509999999
               },
               "southwest" : {
                  "lat" : 43.3871724,
                  "lng" : -80.1893912
               }
            },
            "location" : {
               "lat" : 43.3871724,
               "lng" : -80.1893912
            },
            "location_type" : "RANGE_INTERPOLATED",
            "viewport" : {
               "northeast" : {
                  "lat" : 43.3885248802915,
                  "lng" : -80.18803416970849
               },
               "southwest" : {
                  "lat" : 43.3858269197085,
                  "lng" : -80.19073213029151
               }
            }
         },
         "place_id" : "Ei0yMSBQaW9uZWVyIFdheSwgQ2FtYnJpZGdlLCBPTiBOMVIgNVM3LCBDYW5hZGE",
         "types" : [ "street_address" ]
      }
   ],
   "status" : "OK"
}
