{
   "results" : [
      {
         "address_components" : [
            {
               "long_name" : "801",
               "short_name" : "801",
               "types" : [ "subpremise" ]
            },
            {
               "long_name" : "15",
               "short_name" : "15",
               "types" : [ "street_number" ]
            },
            {
               "long_name" : "Dundonald Street",
               "short_name" : "Dundonald St",
               "types" : [ "route" ]
            },
            {
               "long_name" : "Church and Wellesley",
               "short_name" : "Church and Wellesley",
               "types" : [ "neighborhood", "political" ]
            },
            {
               "long_name" : "Old Toronto",
               "short_name" : "Old Toronto",
               "types" : [ "sublocality_level_1", "sublocality", "political" ]
            },
            {
               "long_name" : "Toronto",
               "short_name" : "Toronto",
               "types" : [ "locality", "political" ]
            },
            {
               "long_name" : "Toronto Division",
               "short_name" : "Toronto Division",
               "types" : [ "administrative_area_level_2", "political" ]
            },
            {
               "long_name" : "Ontario",
               "short_name" : "ON",
               "types" : [ "administrative_area_level_1", "political" ]
            },
            {
               "long_name" : "Canada",
               "short_name" : "CA",
               "types" : [ "country", "political" ]
            },
            {
               "long_name" : "M4Y 1K4",
               "short_name" : "M4Y 1K4",
               "types" : [ "postal_code" ]
            }
         ],
         "formatted_address" : "15 Dundonald St #801, Toronto, ON M4Y 1K4, Canada",
         "geometry" : {
            "location" : {
               "lat" : 43.66582630000001,
               "lng" : -79.38399389999999
            },
            "location_type" : "ROOFTOP",
            "viewport" : {
               "northeast" : {
                  "lat" : 43.66717528029151,
                  "lng" : -79.38264491970848
               },
               "southwest" : {
                  "lat" : 43.66447731970851,
                  "lng" : -79.3853428802915
               }
            }
         },
         "place_id" : "EjExNSBEdW5kb25hbGQgU3QgIzgwMSwgVG9yb250bywgT04gTTRZIDFLNCwgQ2FuYWRh",
         "types" : [ "subpremise" ]
      }
   ],
   "status" : "OK"
}
