{
   "results" : [
      {
         "address_components" : [
            {
               "long_name" : "907",
               "short_name" : "907",
               "types" : [ "subpremise" ]
            },
            {
               "long_name" : "141",
               "short_name" : "141",
               "types" : [ "street_number" ]
            },
            {
               "long_name" : "Erskine Avenue",
               "short_name" : "Erskine Ave",
               "types" : [ "route" ]
            },
            {
               "long_name" : "Sherwood Park",
               "short_name" : "Sherwood Park",
               "types" : [ "neighborhood", "political" ]
            },
            {
               "long_name" : "Old Toronto",
               "short_name" : "Old Toronto",
               "types" : [ "sublocality_level_1", "sublocality", "political" ]
            },
            {
               "long_name" : "Toronto",
               "short_name" : "Toronto",
               "types" : [ "locality", "political" ]
            },
            {
               "long_name" : "Toronto Division",
               "short_name" : "Toronto Division",
               "types" : [ "administrative_area_level_2", "political" ]
            },
            {
               "long_name" : "Ontario",
               "short_name" : "ON",
               "types" : [ "administrative_area_level_1", "political" ]
            },
            {
               "long_name" : "Canada",
               "short_name" : "CA",
               "types" : [ "country", "political" ]
            },
            {
               "long_name" : "M4P 1Y9",
               "short_name" : "M4P 1Y9",
               "types" : [ "postal_code" ]
            }
         ],
         "formatted_address" : "141 Erskine Ave #907, Toronto, ON M4P 1Y9, Canada",
         "geometry" : {
            "location" : {
               "lat" : 43.7119493,
               "lng" : -79.3932854
            },
            "location_type" : "ROOFTOP",
            "viewport" : {
               "northeast" : {
                  "lat" : 43.7132982802915,
                  "lng" : -79.3919364197085
               },
               "southwest" : {
                  "lat" : 43.7106003197085,
                  "lng" : -79.39463438029151
               }
            }
         },
         "place_id" : "EjExNDEgRXJza2luZSBBdmUgIzkwNywgVG9yb250bywgT04gTTRQIDFZOSwgQ2FuYWRh",
         "types" : [ "subpremise" ]
      }
   ],
   "status" : "OK"
}
