{
   "results" : [
      {
         "address_components" : [
            {
               "long_name" : "9555",
               "short_name" : "9555",
               "types" : [ "street_number" ]
            },
            {
               "long_name" : "Yonge Street",
               "short_name" : "Yonge St",
               "types" : [ "route" ]
            },
            {
               "long_name" : "Richmond Hill",
               "short_name" : "Richmond Hill",
               "types" : [ "locality", "political" ]
            },
            {
               "long_name" : "York Regional Municipality",
               "short_name" : "York Regional Municipality",
               "types" : [ "administrative_area_level_2", "political" ]
            },
            {
               "long_name" : "Ontario",
               "short_name" : "ON",
               "types" : [ "administrative_area_level_1", "political" ]
            },
            {
               "long_name" : "Canada",
               "short_name" : "CA",
               "types" : [ "country", "political" ]
            },
            {
               "long_name" : "L4C 9M5",
               "short_name" : "L4C 9M5",
               "types" : [ "postal_code" ]
            }
         ],
         "formatted_address" : "9555 Yonge St, Richmond Hill, ON L4C 9M5, Canada",
         "geometry" : {
            "bounds" : {
               "northeast" : {
                  "lat" : 43.8602222,
                  "lng" : -79.4330245
               },
               "southwest" : {
                  "lat" : 43.85879190000001,
                  "lng" : -79.43388850000001
               }
            },
            "location" : {
               "lat" : 43.85950709999999,
               "lng" : -79.43345650000001
            },
            "location_type" : "ROOFTOP",
            "viewport" : {
               "northeast" : {
                  "lat" : 43.8608560302915,
                  "lng" : -79.43210751970851
               },
               "southwest" : {
                  "lat" : 43.8581580697085,
                  "lng" : -79.43480548029152
               }
            }
         },
         "partial_match" : true,
         "place_id" : "ChIJifnUUKQrK4gRALYYxP_xGL8",
         "types" : [ "premise" ]
      }
   ],
   "status" : "OK"
}
