{
   "results" : [
      {
         "address_components" : [
            {
               "long_name" : "T5J 3C3",
               "short_name" : "T5J 3C3",
               "types" : [ "postal_code" ]
            },
            {
               "long_name" : "Downtown",
               "short_name" : "Downtown",
               "types" : [ "neighborhood", "political" ]
            },
            {
               "long_name" : "Edmonton",
               "short_name" : "Edmonton",
               "types" : [ "locality", "political" ]
            },
            {
               "long_name" : "Division No. 11",
               "short_name" : "Division No. 11",
               "types" : [ "administrative_area_level_2", "political" ]
            },
            {
               "long_name" : "Alberta",
               "short_name" : "AB",
               "types" : [ "administrative_area_level_1", "political" ]
            },
            {
               "long_name" : "Canada",
               "short_name" : "CA",
               "types" : [ "country", "political" ]
            }
         ],
         "formatted_address" : "Edmonton, AB T5J 3C3, Canada",
         "geometry" : {
            "bounds" : {
               "northeast" : {
                  "lat" : 53.5469251,
                  "lng" : -113.4877441
               },
               "southwest" : {
                  "lat" : 53.5463749,
                  "lng" : -113.4900869
               }
            },
            "location" : {
               "lat" : 53.54661249999999,
               "lng" : -113.4890728
            },
            "location_type" : "APPROXIMATE",
            "viewport" : {
               "northeast" : {
                  "lat" : 53.5479989802915,
                  "lng" : -113.4875665197085
               },
               "southwest" : {
                  "lat" : 53.5453010197085,
                  "lng" : -113.4902644802915
               }
            }
         },
         "partial_match" : true,
         "place_id" : "ChIJ9bj2Ck8ioFMRP_OHbWusRxs",
         "types" : [ "postal_code" ]
      }
   ],
   "status" : "OK"
}
