{
   "results" : [
      {
         "address_components" : [
            {
               "long_name" : "Baudette",
               "short_name" : "Baudette",
               "types" : [ "locality", "political" ]
            },
            {
               "long_name" : "Lake of the Woods County",
               "short_name" : "Lake of the Woods County",
               "types" : [ "administrative_area_level_2", "political" ]
            },
            {
               "long_name" : "Minnesota",
               "short_name" : "MN",
               "types" : [ "administrative_area_level_1", "political" ]
            },
            {
               "long_name" : "United States",
               "short_name" : "US",
               "types" : [ "country", "political" ]
            }
         ],
         "formatted_address" : "Baudette, MN, USA",
         "geometry" : {
            "bounds" : {
               "northeast" : {
                  "lat" : 48.732523,
                  "lng" : -94.5504758
               },
               "southwest" : {
                  "lat" : 48.7001679,
                  "lng" : -94.6195621
               }
            },
            "location" : {
               "lat" : 48.7124736,
               "lng" : -94.59992989999999
            },
            "location_type" : "APPROXIMATE",
            "viewport" : {
               "northeast" : {
                  "lat" : 48.732523,
                  "lng" : -94.5504758
               },
               "southwest" : {
                  "lat" : 48.7001679,
                  "lng" : -94.6195621
               }
            }
         },
         "partial_match" : true,
         "place_id" : "ChIJ223nPKJEuVIR0ZE_8lsonx8",
         "types" : [ "locality", "political" ]
      }
   ],
   "status" : "OK"
}
