{
   "results" : [
      {
         "address_components" : [
            {
               "long_name" : "702",
               "short_name" : "702",
               "types" : [ "street_number" ]
            },
            {
               "long_name" : "East Oklahoma Street",
               "short_name" : "E Oklahoma St",
               "types" : [ "route" ]
            },
            {
               "long_name" : "Kensington",
               "short_name" : "Kensington",
               "types" : [ "neighborhood", "political" ]
            },
            {
               "long_name" : "Tulsa",
               "short_name" : "Tulsa",
               "types" : [ "locality", "political" ]
            },
            {
               "long_name" : "Tulsa County",
               "short_name" : "Tulsa County",
               "types" : [ "administrative_area_level_2", "political" ]
            },
            {
               "long_name" : "Oklahoma",
               "short_name" : "OK",
               "types" : [ "administrative_area_level_1", "political" ]
            },
            {
               "long_name" : "United States",
               "short_name" : "US",
               "types" : [ "country", "political" ]
            },
            {
               "long_name" : "74136",
               "short_name" : "74136",
               "types" : [ "postal_code" ]
            }
         ],
         "formatted_address" : "702 E Oklahoma St, Tulsa, OK 74136, USA",
         "geometry" : {
            "bounds" : {
               "northeast" : {
                  "lat" : 36.0588226,
                  "lng" : -95.96972169999999
               },
               "southwest" : {
                  "lat" : 36.0588074,
                  "lng" : -95.9697219
               }
            },
            "location" : {
               "lat" : 36.0588074,
               "lng" : -95.96972169999999
            },
            "location_type" : "RANGE_INTERPOLATED",
            "viewport" : {
               "northeast" : {
                  "lat" : 36.0601639802915,
                  "lng" : -95.96837281970849
               },
               "southwest" : {
                  "lat" : 36.0574660197085,
                  "lng" : -95.9710707802915
               }
            }
         },
         "partial_match" : true,
         "place_id" : "Eic3MDIgRSBPa2xhaG9tYSBTdCwgVHVsc2EsIE9LIDc0MTM2LCBVU0E",
         "types" : [ "street_address" ]
      }
   ],
   "status" : "OK"
}
