{
   "results" : [
      {
         "address_components" : [
            {
               "long_name" : "10606",
               "short_name" : "10606",
               "types" : [ "postal_code" ]
            },
            {
               "long_name" : "White Plains",
               "short_name" : "White Plains",
               "types" : [ "locality", "political" ]
            },
            {
               "long_name" : "Westchester County",
               "short_name" : "Westchester County",
               "types" : [ "administrative_area_level_2", "political" ]
            },
            {
               "long_name" : "New York",
               "short_name" : "NY",
               "types" : [ "administrative_area_level_1", "political" ]
            },
            {
               "long_name" : "United States",
               "short_name" : "US",
               "types" : [ "country", "political" ]
            }
         ],
         "formatted_address" : "White Plains, NY 10606, USA",
         "geometry" : {
            "bounds" : {
               "northeast" : {
                  "lat" : 41.0380878,
                  "lng" : -73.7629089
               },
               "southwest" : {
                  "lat" : 40.9984679,
                  "lng" : -73.792603
               }
            },
            "location" : {
               "lat" : 41.0233153,
               "lng" : -73.7742616
            },
            "location_type" : "APPROXIMATE",
            "viewport" : {
               "northeast" : {
                  "lat" : 41.0380878,
                  "lng" : -73.7629089
               },
               "southwest" : {
                  "lat" : 40.9984679,
                  "lng" : -73.792603
               }
            }
         },
         "partial_match" : true,
         "place_id" : "ChIJg-cH5EGUwokRYL6amAwxLLk",
         "types" : [ "postal_code" ]
      }
   ],
   "status" : "OK"
}
