{
   "results" : [
      {
         "address_components" : [
            {
               "long_name" : "70",
               "short_name" : "70",
               "types" : [ "street_number" ]
            },
            {
               "long_name" : "York Street",
               "short_name" : "York St",
               "types" : [ "route" ]
            },
            {
               "long_name" : "Financial District",
               "short_name" : "Financial District",
               "types" : [ "neighborhood", "political" ]
            },
            {
               "long_name" : "Old Toronto",
               "short_name" : "Old Toronto",
               "types" : [ "sublocality_level_1", "sublocality", "political" ]
            },
            {
               "long_name" : "Toronto",
               "short_name" : "Toronto",
               "types" : [ "locality", "political" ]
            },
            {
               "long_name" : "Toronto Division",
               "short_name" : "Toronto Division",
               "types" : [ "administrative_area_level_2", "political" ]
            },
            {
               "long_name" : "Ontario",
               "short_name" : "ON",
               "types" : [ "administrative_area_level_1", "political" ]
            },
            {
               "long_name" : "Canada",
               "short_name" : "CA",
               "types" : [ "country", "political" ]
            },
            {
               "long_name" : "M5H 1J8",
               "short_name" : "M5H 1J8",
               "types" : [ "postal_code" ]
            }
         ],
         "formatted_address" : "70 York St, Toronto, ON M5H 1J8, Canada",
         "geometry" : {
            "location" : {
               "lat" : 43.6468166,
               "lng" : -79.3834392
            },
            "location_type" : "ROOFTOP",
            "viewport" : {
               "northeast" : {
                  "lat" : 43.6481655802915,
                  "lng" : -79.3820902197085
               },
               "southwest" : {
                  "lat" : 43.6454676197085,
                  "lng" : -79.38478818029151
               }
            }
         },
         "partial_match" : true,
         "place_id" : "ChIJRVhCU9I0K4gRaQm63EVNmsY",
         "types" : [ "street_address" ]
      }
   ],
   "status" : "OK"
}
