{
   "results" : [
      {
         "address_components" : [
            {
               "long_name" : "217",
               "short_name" : "217",
               "types" : [ "street_number" ]
            },
            {
               "long_name" : "Garrard Road",
               "short_name" : "Garrard Rd",
               "types" : [ "route" ]
            },
            {
               "long_name" : "Whitby",
               "short_name" : "Whitby",
               "types" : [ "locality", "political" ]
            },
            {
               "long_name" : "Durham Regional Municipality",
               "short_name" : "Durham Regional Municipality",
               "types" : [ "administrative_area_level_2", "political" ]
            },
            {
               "long_name" : "Ontario",
               "short_name" : "ON",
               "types" : [ "administrative_area_level_1", "political" ]
            },
            {
               "long_name" : "Canada",
               "short_name" : "CA",
               "types" : [ "country", "political" ]
            },
            {
               "long_name" : "L1N 3K8",
               "short_name" : "L1N 3K8",
               "types" : [ "postal_code" ]
            }
         ],
         "formatted_address" : "217 Garrard Rd, Whitby, ON L1N 3K8, Canada",
         "geometry" : {
            "location" : {
               "lat" : 43.903255,
               "lng" : -78.908804
            },
            "location_type" : "ROOFTOP",
            "viewport" : {
               "northeast" : {
                  "lat" : 43.9046039802915,
                  "lng" : -78.90745501970851
               },
               "southwest" : {
                  "lat" : 43.9019060197085,
                  "lng" : -78.91015298029151
               }
            }
         },
         "place_id" : "ChIJUeTlXjYc1YkRrF-4z3NBQJ4",
         "types" : [ "street_address" ]
      }
   ],
   "status" : "OK"
}
