{
   "results" : [
      {
         "address_components" : [
            {
               "long_name" : "M5W 2Y8",
               "short_name" : "M5W 2Y8",
               "types" : [ "postal_code" ]
            },
            {
               "long_name" : "Downtown",
               "short_name" : "Downtown",
               "types" : [ "neighborhood", "political" ]
            },
            {
               "long_name" : "Old Toronto",
               "short_name" : "Old Toronto",
               "types" : [ "sublocality_level_1", "sublocality", "political" ]
            },
            {
               "long_name" : "Toronto",
               "short_name" : "Toronto",
               "types" : [ "locality", "political" ]
            },
            {
               "long_name" : "Toronto Division",
               "short_name" : "Toronto Division",
               "types" : [ "administrative_area_level_2", "political" ]
            },
            {
               "long_name" : "Ontario",
               "short_name" : "ON",
               "types" : [ "administrative_area_level_1", "political" ]
            },
            {
               "long_name" : "Canada",
               "short_name" : "CA",
               "types" : [ "country", "political" ]
            }
         ],
         "formatted_address" : "Toronto, ON M5W 2Y8, Canada",
         "geometry" : {
            "bounds" : {
               "northeast" : {
                  "lat" : 43.6463296,
                  "lng" : -79.374848
               },
               "southwest" : {
                  "lat" : 43.64561519999999,
                  "lng" : -79.3757318
               }
            },
            "location" : {
               "lat" : 43.6459244,
               "lng" : -79.3753299
            },
            "location_type" : "APPROXIMATE",
            "viewport" : {
               "northeast" : {
                  "lat" : 43.6473213802915,
                  "lng" : -79.3739409197085
               },
               "southwest" : {
                  "lat" : 43.6446234197085,
                  "lng" : -79.37663888029151
               }
            }
         },
         "partial_match" : true,
         "place_id" : "ChIJPfaH1i3L1IkRj3NRqBq_2Eg",
         "types" : [ "postal_code" ]
      }
   ],
   "status" : "OK"
}
