{
   "results" : [
      {
         "address_components" : [
            {
               "long_name" : "145",
               "short_name" : "145",
               "types" : [ "street_number" ]
            },
            {
               "long_name" : "Broadway",
               "short_name" : "Broadway",
               "types" : [ "route" ]
            },
            {
               "long_name" : "Orangeville",
               "short_name" : "Orangeville",
               "types" : [ "locality", "political" ]
            },
            {
               "long_name" : "Dufferin County",
               "short_name" : "Dufferin County",
               "types" : [ "administrative_area_level_2", "political" ]
            },
            {
               "long_name" : "Ontario",
               "short_name" : "ON",
               "types" : [ "administrative_area_level_1", "political" ]
            },
            {
               "long_name" : "Canada",
               "short_name" : "CA",
               "types" : [ "country", "political" ]
            },
            {
               "long_name" : "L9W 1K2",
               "short_name" : "L9W 1K2",
               "types" : [ "postal_code" ]
            }
         ],
         "formatted_address" : "145 Broadway, Orangeville, ON L9W 1K2, Canada",
         "geometry" : {
            "location" : {
               "lat" : 43.9196953,
               "lng" : -80.09602629999999
            },
            "location_type" : "ROOFTOP",
            "viewport" : {
               "northeast" : {
                  "lat" : 43.9210442802915,
                  "lng" : -80.0946773197085
               },
               "southwest" : {
                  "lat" : 43.9183463197085,
                  "lng" : -80.0973752802915
               }
            }
         },
         "partial_match" : true,
         "place_id" : "ChIJ34oZqJ0AK4gR_jwwk-AeYcI",
         "types" : [ "street_address" ]
      }
   ],
   "status" : "OK"
}
