{
   "results" : [
      {
         "address_components" : [
            {
               "long_name" : "V0B 1R0",
               "short_name" : "V0B 1R0",
               "types" : [ "postal_code" ]
            },
            {
               "long_name" : "Grasmere",
               "short_name" : "Grasmere",
               "types" : [ "locality", "political" ]
            },
            {
               "long_name" : "British Columbia",
               "short_name" : "BC",
               "types" : [ "administrative_area_level_1", "political" ]
            },
            {
               "long_name" : "Canada",
               "short_name" : "CA",
               "types" : [ "country", "political" ]
            }
         ],
         "formatted_address" : "Grasmere, BC V0B 1R0, Canada",
         "geometry" : {
            "bounds" : {
               "northeast" : {
                  "lat" : 49.565391,
                  "lng" : -114.0542211
               },
               "southwest" : {
                  "lat" : 48.998869,
                  "lng" : -115.5748759
               }
            },
            "location" : {
               "lat" : 49.180056,
               "lng" : -114.7794866
            },
            "location_type" : "APPROXIMATE",
            "viewport" : {
               "northeast" : {
                  "lat" : 49.565391,
                  "lng" : -114.0542211
               },
               "southwest" : {
                  "lat" : 48.998869,
                  "lng" : -115.5748759
               }
            }
         },
         "partial_match" : true,
         "place_id" : "ChIJy7BRSr2vZVMRa3PLdpLmp4I",
         "types" : [ "postal_code" ]
      }
   ],
   "status" : "OK"
}
