{
   "results" : [
      {
         "address_components" : [
            {
               "long_name" : "A0E 2V0",
               "short_name" : "A0E 2V0",
               "types" : [ "postal_code" ]
            },
            {
               "long_name" : "Saint Lawrence",
               "short_name" : "Saint Lawrence",
               "types" : [ "locality", "political" ]
            },
            {
               "long_name" : "Division No. 2",
               "short_name" : "Division No. 2",
               "types" : [ "administrative_area_level_2", "political" ]
            },
            {
               "long_name" : "Newfoundland and Labrador",
               "short_name" : "NL",
               "types" : [ "administrative_area_level_1", "political" ]
            },
            {
               "long_name" : "Canada",
               "short_name" : "CA",
               "types" : [ "country", "political" ]
            }
         ],
         "formatted_address" : "Saint Lawrence, NL A0E 2V0, Canada",
         "geometry" : {
            "bounds" : {
               "northeast" : {
                  "lat" : 46.9468069,
                  "lng" : -55.3465321
               },
               "southwest" : {
                  "lat" : 46.8469439,
                  "lng" : -55.7645349
               }
            },
            "location" : {
               "lat" : 46.918525,
               "lng" : -55.455303
            },
            "location_type" : "APPROXIMATE",
            "viewport" : {
               "northeast" : {
                  "lat" : 46.9468069,
                  "lng" : -55.3465321
               },
               "southwest" : {
                  "lat" : 46.8469439,
                  "lng" : -55.7645349
               }
            }
         },
         "place_id" : "ChIJXdUTo1CdbUsRLWu8MlDm2iA",
         "types" : [ "postal_code" ]
      }
   ],
   "status" : "OK"
}
