{
   "results" : [
      {
         "address_components" : [
            {
               "long_name" : "S0A 2P0",
               "short_name" : "S0A 2P0",
               "types" : [ "postal_code" ]
            },
            {
               "long_name" : "Melville",
               "short_name" : "Melville",
               "types" : [ "locality", "political" ]
            },
            {
               "long_name" : "Saskatchewan",
               "short_name" : "SK",
               "types" : [ "administrative_area_level_1", "political" ]
            },
            {
               "long_name" : "Canada",
               "short_name" : "CA",
               "types" : [ "country", "political" ]
            }
         ],
         "formatted_address" : "Melville, SK S0A 2P0, Canada",
         "geometry" : {
            "bounds" : {
               "northeast" : {
                  "lat" : 51.6469621,
                  "lng" : -102.5679249
               },
               "southwest" : {
                  "lat" : 50.84228700000001,
                  "lng" : -103.5351839
               }
            },
            "location" : {
               "lat" : 50.9346603,
               "lng" : -102.827247
            },
            "location_type" : "APPROXIMATE",
            "viewport" : {
               "northeast" : {
                  "lat" : 51.077557,
                  "lng" : -102.5679249
               },
               "southwest" : {
                  "lat" : 50.84228700000001,
                  "lng" : -102.9591197
               }
            }
         },
         "place_id" : "ChIJ8xdABIBr4lIR8bx4KbN36lE",
         "types" : [ "postal_code" ]
      }
   ],
   "status" : "OK"
}
