{
   "results" : [
      {
         "address_components" : [
            {
               "long_name" : "A0J 1R0",
               "short_name" : "A0J 1R0",
               "types" : [ "postal_code" ]
            },
            {
               "long_name" : "Robert's Arm",
               "short_name" : "Robert's Arm",
               "types" : [ "locality", "political" ]
            },
            {
               "long_name" : "Division No. 8",
               "short_name" : "Division No. 8",
               "types" : [ "administrative_area_level_2", "political" ]
            },
            {
               "long_name" : "Newfoundland and Labrador",
               "short_name" : "NL",
               "types" : [ "administrative_area_level_1", "political" ]
            },
            {
               "long_name" : "Canada",
               "short_name" : "CA",
               "types" : [ "country", "political" ]
            }
         ],
         "formatted_address" : "Robert's Arm, NL A0J 1R0, Canada",
         "geometry" : {
            "bounds" : {
               "northeast" : {
                  "lat" : 49.5311289,
                  "lng" : -55.7546739
               },
               "southwest" : {
                  "lat" : 49.47683680000001,
                  "lng" : -55.8929968
               }
            },
            "location" : {
               "lat" : 49.50532519999999,
               "lng" : -55.8320643
            },
            "location_type" : "APPROXIMATE",
            "viewport" : {
               "northeast" : {
                  "lat" : 49.5311289,
                  "lng" : -55.7546739
               },
               "southwest" : {
                  "lat" : 49.47683680000001,
                  "lng" : -55.8929968
               }
            }
         },
         "place_id" : "ChIJrcby0xvVeUsR62vvlVWkJ-k",
         "types" : [ "postal_code" ]
      }
   ],
   "status" : "OK"
}
