{
   "results" : [
      {
         "address_components" : [
            {
               "long_name" : "Burrard Stn Bay 6",
               "short_name" : "Burrard Stn Bay 6",
               "types" : [ "point_of_interest", "establishment" ]
            },
            {
               "long_name" : "Central",
               "short_name" : "Central",
               "types" : [ "neighborhood", "political" ]
            },
            {
               "long_name" : "Vancouver",
               "short_name" : "Vancouver",
               "types" : [ "locality", "political" ]
            },
            {
               "long_name" : "Greater Vancouver",
               "short_name" : "Greater Vancouver",
               "types" : [ "administrative_area_level_2", "political" ]
            },
            {
               "long_name" : "British Columbia",
               "short_name" : "BC",
               "types" : [ "administrative_area_level_1", "political" ]
            },
            {
               "long_name" : "Canada",
               "short_name" : "CA",
               "types" : [ "country", "political" ]
            },
            {
               "long_name" : "V6C",
               "short_name" : "V6C",
               "types" : [ "postal_code_prefix", "postal_code" ]
            }
         ],
         "formatted_address" : "Burrard Stn Bay 6, Vancouver, BC V6C, Canada",
         "geometry" : {
            "location" : {
               "lat" : 49.28536099999999,
               "lng" : -123.119463
            },
            "location_type" : "APPROXIMATE",
            "viewport" : {
               "northeast" : {
                  "lat" : 49.2867099802915,
                  "lng" : -123.1181140197085
               },
               "southwest" : {
                  "lat" : 49.2840120197085,
                  "lng" : -123.1208119802915
               }
            }
         },
         "partial_match" : true,
         "place_id" : "ChIJ97nfi4FxhlQRL4Numxg_JY4",
         "types" : [
            "bus_station",
            "transit_station",
            "point_of_interest",
            "establishment"
         ]
      }
   ],
   "status" : "OK"
}
