{
   "results" : [
      {
         "address_components" : [
            {
               "long_name" : "P0V 1C0",
               "short_name" : "P0V 1C0",
               "types" : [ "postal_code" ]
            },
            {
               "long_name" : "Balmertown",
               "short_name" : "Balmertown",
               "types" : [ "sublocality_level_1", "sublocality", "political" ]
            },
            {
               "long_name" : "Red Lake",
               "short_name" : "Red Lake",
               "types" : [ "locality", "political" ]
            },
            {
               "long_name" : "Kenora District",
               "short_name" : "Kenora District",
               "types" : [ "administrative_area_level_2", "political" ]
            },
            {
               "long_name" : "Ontario",
               "short_name" : "ON",
               "types" : [ "administrative_area_level_1", "political" ]
            },
            {
               "long_name" : "Canada",
               "short_name" : "CA",
               "types" : [ "country", "political" ]
            }
         ],
         "formatted_address" : "Balmertown, ON P0V 1C0, Canada",
         "geometry" : {
            "location" : {
               "lat" : 51.056653,
               "lng" : -93.74309690000001
            },
            "location_type" : "APPROXIMATE",
            "viewport" : {
               "northeast" : {
                  "lat" : 51.05800198029149,
                  "lng" : -93.74174791970852
               },
               "southwest" : {
                  "lat" : 51.05530401970849,
                  "lng" : -93.74444588029152
               }
            }
         },
         "place_id" : "ChIJOwdFK6Aml1IRv53mkRAaqtM",
         "types" : [ "postal_code" ]
      }
   ],
   "status" : "OK"
}
