{
   "results" : [
      {
         "address_components" : [
            {
               "long_name" : "S0H 3J0",
               "short_name" : "S0H 3J0",
               "types" : [ "postal_code" ]
            },
            {
               "long_name" : "Palmer",
               "short_name" : "Palmer",
               "types" : [ "locality", "political" ]
            },
            {
               "long_name" : "Division No. 3",
               "short_name" : "Division No. 3",
               "types" : [ "administrative_area_level_2", "political" ]
            },
            {
               "long_name" : "Saskatchewan",
               "short_name" : "SK",
               "types" : [ "administrative_area_level_1", "political" ]
            },
            {
               "long_name" : "Canada",
               "short_name" : "CA",
               "types" : [ "country", "political" ]
            }
         ],
         "formatted_address" : "Palmer, SK S0H 3J0, Canada",
         "geometry" : {
            "bounds" : {
               "northeast" : {
                  "lat" : 49.98967,
                  "lng" : -106.2748778
               },
               "southwest" : {
                  "lat" : 49.7563769,
                  "lng" : -106.4785629
               }
            },
            "location" : {
               "lat" : 49.8041555,
               "lng" : -106.3832389
            },
            "location_type" : "APPROXIMATE",
            "viewport" : {
               "northeast" : {
                  "lat" : 49.98967,
                  "lng" : -106.2748778
               },
               "southwest" : {
                  "lat" : 49.7563769,
                  "lng" : -106.4785629
               }
            }
         },
         "place_id" : "ChIJyctOptznGVMRo4VKoIoRKMc",
         "types" : [ "postal_code" ]
      }
   ],
   "status" : "OK"
}
