{
   "results" : [
      {
         "address_components" : [
            {
               "long_name" : "P0T 2R0",
               "short_name" : "P0T 2R0",
               "types" : [ "postal_code" ]
            },
            {
               "long_name" : "Rossport",
               "short_name" : "Rossport",
               "types" : [ "locality", "political" ]
            },
            {
               "long_name" : "Unorganized Thunder Bay District",
               "short_name" : "Unorganized Thunder Bay District",
               "types" : [ "administrative_area_level_3", "political" ]
            },
            {
               "long_name" : "Thunder Bay District",
               "short_name" : "Thunder Bay District",
               "types" : [ "administrative_area_level_2", "political" ]
            },
            {
               "long_name" : "Ontario",
               "short_name" : "ON",
               "types" : [ "administrative_area_level_1", "political" ]
            },
            {
               "long_name" : "Canada",
               "short_name" : "CA",
               "types" : [ "country", "political" ]
            }
         ],
         "formatted_address" : "Rossport, ON P0T 2R0, Canada",
         "geometry" : {
            "bounds" : {
               "northeast" : {
                  "lat" : 48.8580039,
                  "lng" : -87.35146809999999
               },
               "southwest" : {
                  "lat" : 48.7373161,
                  "lng" : -87.68407309999999
               }
            },
            "location" : {
               "lat" : 48.78237799999999,
               "lng" : -87.49316139999999
            },
            "location_type" : "APPROXIMATE",
            "viewport" : {
               "northeast" : {
                  "lat" : 48.8580039,
                  "lng" : -87.35146809999999
               },
               "southwest" : {
                  "lat" : 48.7373161,
                  "lng" : -87.68407309999999
               }
            }
         },
         "place_id" : "ChIJ0QLIk5-jXE0RXNMbiML-UMY",
         "types" : [ "postal_code" ]
      }
   ],
   "status" : "OK"
}
