{
   "results" : [
      {
         "address_components" : [
            {
               "long_name" : "3",
               "short_name" : "3",
               "types" : [ "subpremise" ]
            },
            {
               "long_name" : "22",
               "short_name" : "22",
               "types" : [ "street_number" ]
            },
            {
               "long_name" : "Balmoral Avenue",
               "short_name" : "Balmoral Ave",
               "types" : [ "route" ]
            },
            {
               "long_name" : "Midtown Toronto",
               "short_name" : "Midtown Toronto",
               "types" : [ "neighborhood", "political" ]
            },
            {
               "long_name" : "Old Toronto",
               "short_name" : "Old Toronto",
               "types" : [ "sublocality_level_1", "sublocality", "political" ]
            },
            {
               "long_name" : "Toronto",
               "short_name" : "Toronto",
               "types" : [ "locality", "political" ]
            },
            {
               "long_name" : "Toronto Division",
               "short_name" : "Toronto Division",
               "types" : [ "administrative_area_level_2", "political" ]
            },
            {
               "long_name" : "Ontario",
               "short_name" : "ON",
               "types" : [ "administrative_area_level_1", "political" ]
            },
            {
               "long_name" : "Canada",
               "short_name" : "CA",
               "types" : [ "country", "political" ]
            },
            {
               "long_name" : "M4V 1J4",
               "short_name" : "M4V 1J4",
               "types" : [ "postal_code" ]
            }
         ],
         "formatted_address" : "22 Balmoral Ave #3, Toronto, ON M4V 1J4, Canada",
         "geometry" : {
            "location" : {
               "lat" : 43.6858057,
               "lng" : -79.3941585
            },
            "location_type" : "ROOFTOP",
            "viewport" : {
               "northeast" : {
                  "lat" : 43.6871546802915,
                  "lng" : -79.39280951970849
               },
               "southwest" : {
                  "lat" : 43.6844567197085,
                  "lng" : -79.39550748029151
               }
            }
         },
         "place_id" : "Ei8yMiBCYWxtb3JhbCBBdmUgIzMsIFRvcm9udG8sIE9OIE00ViAxSjQsIENhbmFkYQ",
         "types" : [ "subpremise" ]
      }
   ],
   "status" : "OK"
}
