{
   "results" : [
      {
         "address_components" : [
            {
               "long_name" : "Beamsville",
               "short_name" : "Beamsville",
               "types" : [ "neighborhood", "political" ]
            },
            {
               "long_name" : "Lincoln",
               "short_name" : "Lincoln",
               "types" : [ "locality", "political" ]
            },
            {
               "long_name" : "Niagara Regional Municipality",
               "short_name" : "Niagara Regional Municipality",
               "types" : [ "administrative_area_level_2", "political" ]
            },
            {
               "long_name" : "Ontario",
               "short_name" : "ON",
               "types" : [ "administrative_area_level_1", "political" ]
            },
            {
               "long_name" : "Canada",
               "short_name" : "CA",
               "types" : [ "country", "political" ]
            },
            {
               "long_name" : "L0R",
               "short_name" : "L0R",
               "types" : [ "postal_code_prefix", "postal_code" ]
            }
         ],
         "formatted_address" : "Beamsville, Lincoln, ON L0R, Canada",
         "geometry" : {
            "bounds" : {
               "northeast" : {
                  "lat" : 43.1805368,
                  "lng" : -79.4635588
               },
               "southwest" : {
                  "lat" : 43.1391053,
                  "lng" : -79.49407699999999
               }
            },
            "location" : {
               "lat" : 43.1570948,
               "lng" : -79.47601329999999
            },
            "location_type" : "APPROXIMATE",
            "viewport" : {
               "northeast" : {
                  "lat" : 43.1805368,
                  "lng" : -79.4635588
               },
               "southwest" : {
                  "lat" : 43.1391053,
                  "lng" : -79.49407699999999
               }
            }
         },
         "partial_match" : true,
         "place_id" : "ChIJQb3ZO6amLIgRXzvbtk9DLgI",
         "types" : [ "neighborhood", "political" ]
      },
      {
         "address_components" : [
            {
               "long_name" : "L0R 1B0",
               "short_name" : "L0R 1B0",
               "types" : [ "postal_code" ]
            },
            {
               "long_name" : "Beamsville",
               "short_name" : "Beamsville",
               "types" : [ "neighborhood", "political" ]
            },
            {
               "long_name" : "Niagara Regional Municipality",
               "short_name" : "Niagara Regional Municipality",
               "types" : [ "administrative_area_level_2", "political" ]
            },
            {
               "long_name" : "Ontario",
               "short_name" : "ON",
               "types" : [ "administrative_area_level_1", "political" ]
            },
            {
               "long_name" : "Canada",
               "short_name" : "CA",
               "types" : [ "country", "political" ]
            }
         ],
         "formatted_address" : "Beamsville, ON L0R 1B0, Canada",
         "geometry" : {
            "bounds" : {
               "northeast" : {
                  "lat" : 43.195331,
                  "lng" : -79.44621500000001
               },
               "southwest" : {
                  "lat" : 43.13286189999999,
                  "lng" : -79.5332049
               }
            },
            "location" : {
               "lat" : 43.1895713,
               "lng" : -79.4774195
            },
            "location_type" : "APPROXIMATE",
            "viewport" : {
               "northeast" : {
                  "lat" : 43.195331,
                  "lng" : -79.44621500000001
               },
               "southwest" : {
                  "lat" : 43.185954,
                  "lng" : -79.5088192
               }
            }
         },
         "place_id" : "ChIJdWuuKQOuLIgRBQOaQLuqglU",
         "types" : [ "postal_code" ]
      }
   ],
   "status" : "OK"
}
