{
   "results" : [
      {
         "address_components" : [
            {
               "long_name" : "200",
               "short_name" : "200",
               "types" : [ "street_number" ]
            },
            {
               "long_name" : "Bay Street",
               "short_name" : "Bay St",
               "types" : [ "route" ]
            },
            {
               "long_name" : "Financial District",
               "short_name" : "Financial District",
               "types" : [ "neighborhood", "political" ]
            },
            {
               "long_name" : "Old Toronto",
               "short_name" : "Old Toronto",
               "types" : [ "sublocality_level_1", "sublocality", "political" ]
            },
            {
               "long_name" : "Toronto",
               "short_name" : "Toronto",
               "types" : [ "locality", "political" ]
            },
            {
               "long_name" : "Toronto Division",
               "short_name" : "Toronto Division",
               "types" : [ "administrative_area_level_2", "political" ]
            },
            {
               "long_name" : "Ontario",
               "short_name" : "ON",
               "types" : [ "administrative_area_level_1", "political" ]
            },
            {
               "long_name" : "Canada",
               "short_name" : "CA",
               "types" : [ "country", "political" ]
            },
            {
               "long_name" : "M5J 2J1",
               "short_name" : "M5J 2J1",
               "types" : [ "postal_code" ]
            }
         ],
         "formatted_address" : "200 Bay St, Toronto, ON M5J 2J1, Canada",
         "geometry" : {
            "location" : {
               "lat" : 43.6465059,
               "lng" : -79.38014509999999
            },
            "location_type" : "ROOFTOP",
            "viewport" : {
               "northeast" : {
                  "lat" : 43.6478548802915,
                  "lng" : -79.3787961197085
               },
               "southwest" : {
                  "lat" : 43.6451569197085,
                  "lng" : -79.3814940802915
               }
            }
         },
         "partial_match" : true,
         "place_id" : "ChIJdXD5wizL1IkR0Okn22KVGI0",
         "types" : [ "street_address" ]
      }
   ],
   "status" : "OK"
}
