{
   "results" : [
      {
         "address_components" : [
            {
               "long_name" : "Metz",
               "short_name" : "Metz",
               "types" : [ "locality", "political" ]
            },
            {
               "long_name" : "West Augusta",
               "short_name" : "West Augusta",
               "types" : [ "administrative_area_level_3", "political" ]
            },
            {
               "long_name" : "Marion County",
               "short_name" : "Marion County",
               "types" : [ "administrative_area_level_2", "political" ]
            },
            {
               "long_name" : "West Virginia",
               "short_name" : "WV",
               "types" : [ "administrative_area_level_1", "political" ]
            },
            {
               "long_name" : "United States",
               "short_name" : "US",
               "types" : [ "country", "political" ]
            },
            {
               "long_name" : "26585",
               "short_name" : "26585",
               "types" : [ "postal_code" ]
            }
         ],
         "formatted_address" : "Metz, WV 26585, USA",
         "geometry" : {
            "location" : {
               "lat" : 39.5803607,
               "lng" : -80.369805
            },
            "location_type" : "APPROXIMATE",
            "viewport" : {
               "northeast" : {
                  "lat" : 39.58896,
                  "lng" : -80.35379759999999
               },
               "southwest" : {
                  "lat" : 39.5717604,
                  "lng" : -80.38581239999999
               }
            }
         },
         "place_id" : "ChIJL9vGa_91SogRbEbAf7PECSA",
         "types" : [ "locality", "political" ]
      }
   ],
   "status" : "OK"
}
