{
   "results" : [
      {
         "address_components" : [
            {
               "long_name" : "Caledonia",
               "short_name" : "Caledonia",
               "types" : [ "locality", "political" ]
            },
            {
               "long_name" : "Haldimand",
               "short_name" : "Haldimand",
               "types" : [ "administrative_area_level_3", "political" ]
            },
            {
               "long_name" : "Haldimand County",
               "short_name" : "Haldimand County",
               "types" : [ "administrative_area_level_2", "political" ]
            },
            {
               "long_name" : "Ontario",
               "short_name" : "ON",
               "types" : [ "administrative_area_level_1", "political" ]
            },
            {
               "long_name" : "Canada",
               "short_name" : "CA",
               "types" : [ "country", "political" ]
            }
         ],
         "formatted_address" : "Caledonia, ON, Canada",
         "geometry" : {
            "bounds" : {
               "northeast" : {
                  "lat" : 43.0838016,
                  "lng" : -79.92827869999999
               },
               "southwest" : {
                  "lat" : 43.0559972,
                  "lng" : -79.9715429
               }
            },
            "location" : {
               "lat" : 43.0647528,
               "lng" : -79.95507479999999
            },
            "location_type" : "APPROXIMATE",
            "viewport" : {
               "northeast" : {
                  "lat" : 43.0838016,
                  "lng" : -79.92827869999999
               },
               "southwest" : {
                  "lat" : 43.0559972,
                  "lng" : -79.9715429
               }
            }
         },
         "partial_match" : true,
         "place_id" : "ChIJhQkwHhGNLIgRDC3LBQSg3FY",
         "types" : [ "locality", "political" ]
      }
   ],
   "status" : "OK"
}
