{
   "results" : [
      {
         "address_components" : [
            {
               "long_name" : "Mannington",
               "short_name" : "Mannington",
               "types" : [ "locality", "political" ]
            },
            {
               "long_name" : "West Augusta",
               "short_name" : "West Augusta",
               "types" : [ "administrative_area_level_3", "political" ]
            },
            {
               "long_name" : "Marion County",
               "short_name" : "Marion County",
               "types" : [ "administrative_area_level_2", "political" ]
            },
            {
               "long_name" : "West Virginia",
               "short_name" : "WV",
               "types" : [ "administrative_area_level_1", "political" ]
            },
            {
               "long_name" : "United States",
               "short_name" : "US",
               "types" : [ "country", "political" ]
            },
            {
               "long_name" : "26582",
               "short_name" : "26582",
               "types" : [ "postal_code" ]
            }
         ],
         "formatted_address" : "Mannington, WV 26582, USA",
         "geometry" : {
            "bounds" : {
               "northeast" : {
                  "lat" : 39.542006,
                  "lng" : -80.316014
               },
               "southwest" : {
                  "lat" : 39.51621100000001,
                  "lng" : -80.35970089999999
               }
            },
            "location" : {
               "lat" : 39.5309169,
               "lng" : -80.343418
            },
            "location_type" : "APPROXIMATE",
            "viewport" : {
               "northeast" : {
                  "lat" : 39.542006,
                  "lng" : -80.316014
               },
               "southwest" : {
                  "lat" : 39.51621100000001,
                  "lng" : -80.35970089999999
               }
            }
         },
         "partial_match" : true,
         "place_id" : "ChIJA_D5o250SogRNQh_pyBztiI",
         "types" : [ "locality", "political" ]
      }
   ],
   "status" : "OK"
}
