{
   "results" : [
      {
         "address_components" : [
            {
               "long_name" : "1402",
               "short_name" : "1402",
               "types" : [ "subpremise" ]
            },
            {
               "long_name" : "260",
               "short_name" : "260",
               "types" : [ "street_number" ]
            },
            {
               "long_name" : "Heath Street West",
               "short_name" : "Heath St W",
               "types" : [ "route" ]
            },
            {
               "long_name" : "Midtown Toronto",
               "short_name" : "Midtown Toronto",
               "types" : [ "neighborhood", "political" ]
            },
            {
               "long_name" : "York",
               "short_name" : "York",
               "types" : [ "sublocality_level_1", "sublocality", "political" ]
            },
            {
               "long_name" : "Toronto",
               "short_name" : "Toronto",
               "types" : [ "locality", "political" ]
            },
            {
               "long_name" : "Toronto Division",
               "short_name" : "Toronto Division",
               "types" : [ "administrative_area_level_2", "political" ]
            },
            {
               "long_name" : "Ontario",
               "short_name" : "ON",
               "types" : [ "administrative_area_level_1", "political" ]
            },
            {
               "long_name" : "Canada",
               "short_name" : "CA",
               "types" : [ "country", "political" ]
            },
            {
               "long_name" : "M5P 3L6",
               "short_name" : "M5P 3L6",
               "types" : [ "postal_code" ]
            }
         ],
         "formatted_address" : "260 Heath St W #1402, York, ON M5P 3L6, Canada",
         "geometry" : {
            "location" : {
               "lat" : 43.6863772,
               "lng" : -79.41502389999999
            },
            "location_type" : "ROOFTOP",
            "viewport" : {
               "northeast" : {
                  "lat" : 43.68772618029149,
                  "lng" : -79.41367491970848
               },
               "southwest" : {
                  "lat" : 43.68502821970849,
                  "lng" : -79.41637288029149
               }
            }
         },
         "place_id" : "Ei4yNjAgSGVhdGggU3QgVyAjMTQwMiwgWW9yaywgT04gTTVQIDNMNiwgQ2FuYWRh",
         "types" : [ "subpremise" ]
      }
   ],
   "status" : "OK"
}
