{
   "results" : [
      {
         "address_components" : [
            {
               "long_name" : "705",
               "short_name" : "705",
               "types" : [ "subpremise" ]
            },
            {
               "long_name" : "11",
               "short_name" : "11",
               "types" : [ "street_number" ]
            },
            {
               "long_name" : "Adelaide Street West",
               "short_name" : "Adelaide St W",
               "types" : [ "route" ]
            },
            {
               "long_name" : "Financial District",
               "short_name" : "Financial District",
               "types" : [ "neighborhood", "political" ]
            },
            {
               "long_name" : "Old Toronto",
               "short_name" : "Old Toronto",
               "types" : [ "sublocality_level_1", "sublocality", "political" ]
            },
            {
               "long_name" : "Toronto",
               "short_name" : "Toronto",
               "types" : [ "locality", "political" ]
            },
            {
               "long_name" : "Toronto Division",
               "short_name" : "Toronto Division",
               "types" : [ "administrative_area_level_2", "political" ]
            },
            {
               "long_name" : "Ontario",
               "short_name" : "ON",
               "types" : [ "administrative_area_level_1", "political" ]
            },
            {
               "long_name" : "Canada",
               "short_name" : "CA",
               "types" : [ "country", "political" ]
            },
            {
               "long_name" : "M5H 1N1",
               "short_name" : "M5H 1N1",
               "types" : [ "postal_code" ]
            }
         ],
         "formatted_address" : "11 Adelaide St W #705, Toronto, ON M5H 1N1, Canada",
         "geometry" : {
            "location" : {
               "lat" : 43.6501324,
               "lng" : -79.3793281
            },
            "location_type" : "ROOFTOP",
            "viewport" : {
               "northeast" : {
                  "lat" : 43.6514813802915,
                  "lng" : -79.3779791197085
               },
               "southwest" : {
                  "lat" : 43.6487834197085,
                  "lng" : -79.38067708029151
               }
            }
         },
         "partial_match" : true,
         "place_id" : "EjIxMSBBZGVsYWlkZSBTdCBXICM3MDUsIFRvcm9udG8sIE9OIE01SCAxTjEsIENhbmFkYQ",
         "types" : [ "subpremise" ]
      }
   ],
   "status" : "OK"
}
