{
   "results" : [
      {
         "address_components" : [
            {
               "long_name" : "1202",
               "short_name" : "1202",
               "types" : [ "subpremise" ]
            },
            {
               "long_name" : "",
               "short_name" : "",
               "types" : [ "premise" ]
            },
            {
               "long_name" : "4950",
               "short_name" : "4950",
               "types" : [ "street_number" ]
            },
            {
               "long_name" : "Yonge Street",
               "short_name" : "Yonge St",
               "types" : [ "route" ]
            },
            {
               "long_name" : "Lansing",
               "short_name" : "Lansing",
               "types" : [ "neighborhood", "political" ]
            },
            {
               "long_name" : "North York",
               "short_name" : "North York",
               "types" : [ "sublocality_level_1", "sublocality", "political" ]
            },
            {
               "long_name" : "Toronto",
               "short_name" : "Toronto",
               "types" : [ "locality", "political" ]
            },
            {
               "long_name" : "Toronto Division",
               "short_name" : "Toronto Division",
               "types" : [ "administrative_area_level_2", "political" ]
            },
            {
               "long_name" : "Ontario",
               "short_name" : "ON",
               "types" : [ "administrative_area_level_1", "political" ]
            },
            {
               "long_name" : "Canada",
               "short_name" : "CA",
               "types" : [ "country", "political" ]
            },
            {
               "long_name" : "M2N 6K1",
               "short_name" : "M2N 6K1",
               "types" : [ "postal_code" ]
            }
         ],
         "formatted_address" : "4950 Yonge St #1202, Toronto, ON M2N 6K1, Canada",
         "geometry" : {
            "location" : {
               "lat" : 43.764826,
               "lng" : -79.4127798
            },
            "location_type" : "ROOFTOP",
            "viewport" : {
               "northeast" : {
                  "lat" : 43.7661749802915,
                  "lng" : -79.4114308197085
               },
               "southwest" : {
                  "lat" : 43.7634770197085,
                  "lng" : -79.41412878029151
               }
            }
         },
         "place_id" : "EjA0OTUwIFlvbmdlIFN0ICMxMjAyLCBUb3JvbnRvLCBPTiBNMk4gNksxLCBDYW5hZGE",
         "types" : [ "subpremise" ]
      }
   ],
   "status" : "OK"
}
