{
   "results" : [
      {
         "address_components" : [
            {
               "long_name" : "600",
               "short_name" : "600",
               "types" : [ "subpremise" ]
            },
            {
               "long_name" : "Italian Government Tourist Board",
               "short_name" : "Italian Government Tourist Board",
               "types" : [ "premise" ]
            },
            {
               "long_name" : "110",
               "short_name" : "110",
               "types" : [ "street_number" ]
            },
            {
               "long_name" : "Yonge Street",
               "short_name" : "Yonge St",
               "types" : [ "route" ]
            },
            {
               "long_name" : "Financial District",
               "short_name" : "Financial District",
               "types" : [ "neighborhood", "political" ]
            },
            {
               "long_name" : "Old Toronto",
               "short_name" : "Old Toronto",
               "types" : [ "sublocality_level_1", "sublocality", "political" ]
            },
            {
               "long_name" : "Toronto",
               "short_name" : "Toronto",
               "types" : [ "locality", "political" ]
            },
            {
               "long_name" : "Toronto Division",
               "short_name" : "Toronto Division",
               "types" : [ "administrative_area_level_2", "political" ]
            },
            {
               "long_name" : "Ontario",
               "short_name" : "ON",
               "types" : [ "administrative_area_level_1", "political" ]
            },
            {
               "long_name" : "Canada",
               "short_name" : "CA",
               "types" : [ "country", "political" ]
            },
            {
               "long_name" : "M5C 1T4",
               "short_name" : "M5C 1T4",
               "types" : [ "postal_code" ]
            }
         ],
         "formatted_address" : "Italian Government Tourist Board, 110 Yonge St #600, Toronto, ON M5C 1T4, Canada",
         "geometry" : {
            "location" : {
               "lat" : 43.650143,
               "lng" : -79.37872419999999
            },
            "location_type" : "ROOFTOP",
            "viewport" : {
               "northeast" : {
                  "lat" : 43.6514919802915,
                  "lng" : -79.3773752197085
               },
               "southwest" : {
                  "lat" : 43.6487940197085,
                  "lng" : -79.3800731802915
               }
            }
         },
         "partial_match" : true,
         "place_id" : "ElBJdGFsaWFuIEdvdmVybm1lbnQgVG91cmlzdCBCb2FyZCwgMTEwIFlvbmdlIFN0ICM2MDAsIFRvcm9udG8sIE9OIE01QyAxVDQsIENhbmFkYQ",
         "types" : [ "subpremise" ]
      }
   ],
   "status" : "OK"
}
