{
   "results" : [
      {
         "address_components" : [
            {
               "long_name" : "10",
               "short_name" : "10",
               "types" : [ "street_number" ]
            },
            {
               "long_name" : "Boulevard des Hauts Bois",
               "short_name" : "Boulevard des Hauts Bois",
               "types" : [ "route" ]
            },
            {
               "long_name" : "Sainte-Julie",
               "short_name" : "Sainte-Julie",
               "types" : [ "locality", "political" ]
            },
            {
               "long_name" : "Lajemmerais",
               "short_name" : "Lajemmerais",
               "types" : [ "administrative_area_level_2", "political" ]
            },
            {
               "long_name" : "Québec",
               "short_name" : "QC",
               "types" : [ "administrative_area_level_1", "political" ]
            },
            {
               "long_name" : "Canada",
               "short_name" : "CA",
               "types" : [ "country", "political" ]
            },
            {
               "long_name" : "J3E 3H8",
               "short_name" : "J3E 3H8",
               "types" : [ "postal_code" ]
            }
         ],
         "formatted_address" : "10 Boulevard des Hauts Bois, Sainte-Julie, QC J3E 3H8, Canada",
         "geometry" : {
            "location" : {
               "lat" : 45.5682678,
               "lng" : -73.3135296
            },
            "location_type" : "ROOFTOP",
            "viewport" : {
               "northeast" : {
                  "lat" : 45.5696167802915,
                  "lng" : -73.31218061970849
               },
               "southwest" : {
                  "lat" : 45.5669188197085,
                  "lng" : -73.31487858029149
               }
            }
         },
         "place_id" : "ChIJd3BEQboByUwRJNmMgcA8JVY",
         "types" : [ "street_address" ]
      }
   ],
   "status" : "OK"
}
