{
   "results" : [
      {
         "address_components" : [
            {
               "long_name" : "2235",
               "short_name" : "2235",
               "types" : [ "street_number" ]
            },
            {
               "long_name" : "Boulevard des Érables",
               "short_name" : "Boulevard des Érables",
               "types" : [ "route" ]
            },
            {
               "long_name" : "Sorel-Tracy",
               "short_name" : "Sorel-Tracy",
               "types" : [ "locality", "political" ]
            },
            {
               "long_name" : "Le Bas-Richelieu",
               "short_name" : "Le Bas-Richelieu",
               "types" : [ "administrative_area_level_2", "political" ]
            },
            {
               "long_name" : "Québec",
               "short_name" : "QC",
               "types" : [ "administrative_area_level_1", "political" ]
            },
            {
               "long_name" : "Canada",
               "short_name" : "CA",
               "types" : [ "country", "political" ]
            },
            {
               "long_name" : "J3R 2W2",
               "short_name" : "J3R 2W2",
               "types" : [ "postal_code" ]
            }
         ],
         "formatted_address" : "2235 Boulevard des Érables, Sorel-Tracy, QC J3R 2W2, Canada",
         "geometry" : {
            "location" : {
               "lat" : 46.021924,
               "lng" : -73.142673
            },
            "location_type" : "ROOFTOP",
            "viewport" : {
               "northeast" : {
                  "lat" : 46.0232729802915,
                  "lng" : -73.14132401970849
               },
               "southwest" : {
                  "lat" : 46.0205750197085,
                  "lng" : -73.14402198029151
               }
            }
         },
         "place_id" : "ChIJ5bPc1puPyEwRKyYRJM60fkc",
         "types" : [ "street_address" ]
      }
   ],
   "status" : "OK"
}
