{
   "results" : [
      {
         "address_components" : [
            {
               "long_name" : "1140",
               "short_name" : "1140",
               "types" : [ "street_number" ]
            },
            {
               "long_name" : "Osler Street",
               "short_name" : "Osler St",
               "types" : [ "route" ]
            },
            {
               "long_name" : "Varsity View",
               "short_name" : "Varsity View",
               "types" : [ "neighborhood", "political" ]
            },
            {
               "long_name" : "Saskatoon",
               "short_name" : "Saskatoon",
               "types" : [ "locality", "political" ]
            },
            {
               "long_name" : "Division No. 11",
               "short_name" : "Division No. 11",
               "types" : [ "administrative_area_level_2", "political" ]
            },
            {
               "long_name" : "Saskatchewan",
               "short_name" : "SK",
               "types" : [ "administrative_area_level_1", "political" ]
            },
            {
               "long_name" : "Canada",
               "short_name" : "CA",
               "types" : [ "country", "political" ]
            },
            {
               "long_name" : "S7N 0T7",
               "short_name" : "S7N 0T7",
               "types" : [ "postal_code" ]
            }
         ],
         "formatted_address" : "1140 Osler St, Saskatoon, SK S7N 0T7, Canada",
         "geometry" : {
            "location" : {
               "lat" : 52.126713,
               "lng" : -106.641749
            },
            "location_type" : "ROOFTOP",
            "viewport" : {
               "northeast" : {
                  "lat" : 52.12806198029149,
                  "lng" : -106.6404000197085
               },
               "southwest" : {
                  "lat" : 52.12536401970849,
                  "lng" : -106.6430979802915
               }
            }
         },
         "place_id" : "ChIJ6erCuMv2BFMRijd38N6cFY4",
         "types" : [ "street_address" ]
      }
   ],
   "status" : "OK"
}
