{
   "results" : [
      {
         "address_components" : [
            {
               "long_name" : "11569",
               "short_name" : "11569",
               "types" : [ "street_number" ]
            },
            {
               "long_name" : "Tuscany Boulevard Northwest",
               "short_name" : "Tuscany Blvd NW",
               "types" : [ "route" ]
            },
            {
               "long_name" : "Northwest Calgary",
               "short_name" : "Northwest Calgary",
               "types" : [ "neighborhood", "political" ]
            },
            {
               "long_name" : "Calgary",
               "short_name" : "Calgary",
               "types" : [ "locality", "political" ]
            },
            {
               "long_name" : "Division No. 6",
               "short_name" : "Division No. 6",
               "types" : [ "administrative_area_level_2", "political" ]
            },
            {
               "long_name" : "Alberta",
               "short_name" : "AB",
               "types" : [ "administrative_area_level_1", "political" ]
            },
            {
               "long_name" : "Canada",
               "short_name" : "CA",
               "types" : [ "country", "political" ]
            },
            {
               "long_name" : "T3L 2J8",
               "short_name" : "T3L 2J8",
               "types" : [ "postal_code" ]
            }
         ],
         "formatted_address" : "11569 Tuscany Blvd NW, Calgary, AB T3L 2J8, Canada",
         "geometry" : {
            "location" : {
               "lat" : 51.1214344,
               "lng" : -114.2534051
            },
            "location_type" : "ROOFTOP",
            "viewport" : {
               "northeast" : {
                  "lat" : 51.1227833802915,
                  "lng" : -114.2520561197085
               },
               "southwest" : {
                  "lat" : 51.1200854197085,
                  "lng" : -114.2547540802915
               }
            }
         },
         "place_id" : "ChIJpU09WWRpcVMRUB1QobzUL8U",
         "types" : [ "street_address" ]
      }
   ],
   "status" : "OK"
}
