{
   "results" : [
      {
         "address_components" : [
            {
               "long_name" : "116",
               "short_name" : "116",
               "types" : [ "street_number" ]
            },
            {
               "long_name" : "West Rivertrace Walk",
               "short_name" : "W Rivertrace Walk",
               "types" : [ "route" ]
            },
            {
               "long_name" : "Sunningdale",
               "short_name" : "Sunningdale",
               "types" : [ "neighborhood", "political" ]
            },
            {
               "long_name" : "London",
               "short_name" : "London",
               "types" : [ "locality", "political" ]
            },
            {
               "long_name" : "Middlesex County",
               "short_name" : "Middlesex County",
               "types" : [ "administrative_area_level_2", "political" ]
            },
            {
               "long_name" : "Ontario",
               "short_name" : "ON",
               "types" : [ "administrative_area_level_1", "political" ]
            },
            {
               "long_name" : "Canada",
               "short_name" : "CA",
               "types" : [ "country", "political" ]
            },
            {
               "long_name" : "N6G 5J9",
               "short_name" : "N6G 5J9",
               "types" : [ "postal_code" ]
            }
         ],
         "formatted_address" : "116 W Rivertrace Walk, London, ON N6G 5J9, Canada",
         "geometry" : {
            "location" : {
               "lat" : 43.0239485,
               "lng" : -81.3019729
            },
            "location_type" : "ROOFTOP",
            "viewport" : {
               "northeast" : {
                  "lat" : 43.0252974802915,
                  "lng" : -81.3006239197085
               },
               "southwest" : {
                  "lat" : 43.0225995197085,
                  "lng" : -81.30332188029151
               }
            }
         },
         "place_id" : "ChIJlbsDXbHvLogRKGh_vtbGg6E",
         "types" : [ "street_address" ]
      }
   ],
   "status" : "OK"
}
