{
   "results" : [
      {
         "address_components" : [
            {
               "long_name" : "500",
               "short_name" : "500",
               "types" : [ "street_number" ]
            },
            {
               "long_name" : "Fairway Road South",
               "short_name" : "Fairway Rd S",
               "types" : [ "route" ]
            },
            {
               "long_name" : "Vanier",
               "short_name" : "Vanier",
               "types" : [ "neighborhood", "political" ]
            },
            {
               "long_name" : "Kitchener",
               "short_name" : "Kitchener",
               "types" : [ "locality", "political" ]
            },
            {
               "long_name" : "Waterloo Regional Municipality",
               "short_name" : "Waterloo Regional Municipality",
               "types" : [ "administrative_area_level_2", "political" ]
            },
            {
               "long_name" : "Ontario",
               "short_name" : "ON",
               "types" : [ "administrative_area_level_1", "political" ]
            },
            {
               "long_name" : "Canada",
               "short_name" : "CA",
               "types" : [ "country", "political" ]
            },
            {
               "long_name" : "N2C 1X3",
               "short_name" : "N2C 1X3",
               "types" : [ "postal_code" ]
            }
         ],
         "formatted_address" : "500 Fairway Rd S, Kitchener, ON N2C 1X3, Canada",
         "geometry" : {
            "bounds" : {
               "northeast" : {
                  "lat" : 43.4215104,
                  "lng" : -80.4453965
               },
               "southwest" : {
                  "lat" : 43.42048250000001,
                  "lng" : -80.44853809999999
               }
            },
            "location" : {
               "lat" : 43.4209964,
               "lng" : -80.4469673
            },
            "location_type" : "ROOFTOP",
            "viewport" : {
               "northeast" : {
                  "lat" : 43.42234543029151,
                  "lng" : -80.4453965
               },
               "southwest" : {
                  "lat" : 43.41964746970851,
                  "lng" : -80.44853809999999
               }
            }
         },
         "partial_match" : true,
         "place_id" : "ChIJ0_14ydGKK4gR-meBf1xwvbw",
         "types" : [ "premise" ]
      }
   ],
   "status" : "OK"
}
