{
   "results" : [
      {
         "address_components" : [
            {
               "long_name" : "1173",
               "short_name" : "1173",
               "types" : [ "street_number" ]
            },
            {
               "long_name" : "Prince Philip Drive",
               "short_name" : "Prince Philip Dr",
               "types" : [ "route" ]
            },
            {
               "long_name" : "Oakridge",
               "short_name" : "Oakridge",
               "types" : [ "neighborhood", "political" ]
            },
            {
               "long_name" : "London",
               "short_name" : "London",
               "types" : [ "locality", "political" ]
            },
            {
               "long_name" : "Middlesex County",
               "short_name" : "Middlesex County",
               "types" : [ "administrative_area_level_2", "political" ]
            },
            {
               "long_name" : "Ontario",
               "short_name" : "ON",
               "types" : [ "administrative_area_level_1", "political" ]
            },
            {
               "long_name" : "Canada",
               "short_name" : "CA",
               "types" : [ "country", "political" ]
            },
            {
               "long_name" : "N6H 4G1",
               "short_name" : "N6H 4G1",
               "types" : [ "postal_code" ]
            }
         ],
         "formatted_address" : "1173 Prince Philip Dr, London, ON N6H 4G1, Canada",
         "geometry" : {
            "location" : {
               "lat" : 42.9832176,
               "lng" : -81.323255
            },
            "location_type" : "ROOFTOP",
            "viewport" : {
               "northeast" : {
                  "lat" : 42.98456658029149,
                  "lng" : -81.32190601970849
               },
               "southwest" : {
                  "lat" : 42.9818686197085,
                  "lng" : -81.3246039802915
               }
            }
         },
         "place_id" : "ChIJrx15gRTwLogRmGSvC3er0ts",
         "types" : [ "street_address" ]
      }
   ],
   "status" : "OK"
}
