{
   "results" : [
      {
         "address_components" : [
            {
               "long_name" : "118",
               "short_name" : "118",
               "types" : [ "street_number" ]
            },
            {
               "long_name" : "Cartier Street",
               "short_name" : "Cartier St",
               "types" : [ "route" ]
            },
            {
               "long_name" : "Golden Triangle",
               "short_name" : "Golden Triangle",
               "types" : [ "neighborhood", "political" ]
            },
            {
               "long_name" : "Ottawa",
               "short_name" : "Ottawa",
               "types" : [ "locality", "political" ]
            },
            {
               "long_name" : "Ottawa Division",
               "short_name" : "Ottawa Division",
               "types" : [ "administrative_area_level_2", "political" ]
            },
            {
               "long_name" : "Ontario",
               "short_name" : "ON",
               "types" : [ "administrative_area_level_1", "political" ]
            },
            {
               "long_name" : "Canada",
               "short_name" : "CA",
               "types" : [ "country", "political" ]
            },
            {
               "long_name" : "K2P 1K4",
               "short_name" : "K2P 1K4",
               "types" : [ "postal_code" ]
            }
         ],
         "formatted_address" : "118 Cartier St, Ottawa, ON K2P 1K4, Canada",
         "geometry" : {
            "bounds" : {
               "northeast" : {
                  "lat" : 45.41610180000001,
                  "lng" : -75.686167
               },
               "southwest" : {
                  "lat" : 45.4160951,
                  "lng" : -75.6861832
               }
            },
            "location" : {
               "lat" : 45.4160951,
               "lng" : -75.6861832
            },
            "location_type" : "RANGE_INTERPOLATED",
            "viewport" : {
               "northeast" : {
                  "lat" : 45.4174474302915,
                  "lng" : -75.68482611970849
               },
               "southwest" : {
                  "lat" : 45.4147494697085,
                  "lng" : -75.68752408029151
               }
            }
         },
         "partial_match" : true,
         "place_id" : "EioxMTggQ2FydGllciBTdCwgT3R0YXdhLCBPTiBLMlAgMUs0LCBDYW5hZGE",
         "types" : [ "street_address" ]
      }
   ],
   "status" : "OK"
}
