{
   "results" : [
      {
         "address_components" : [
            {
               "long_name" : "2803",
               "short_name" : "2803",
               "types" : [ "subpremise" ]
            },
            {
               "long_name" : "1188",
               "short_name" : "1188",
               "types" : [ "street_number" ]
            },
            {
               "long_name" : "Howe Street",
               "short_name" : "Howe St",
               "types" : [ "route" ]
            },
            {
               "long_name" : "Central",
               "short_name" : "Central",
               "types" : [ "neighborhood", "political" ]
            },
            {
               "long_name" : "Vancouver",
               "short_name" : "Vancouver",
               "types" : [ "locality", "political" ]
            },
            {
               "long_name" : "Greater Vancouver",
               "short_name" : "Greater Vancouver",
               "types" : [ "administrative_area_level_2", "political" ]
            },
            {
               "long_name" : "British Columbia",
               "short_name" : "BC",
               "types" : [ "administrative_area_level_1", "political" ]
            },
            {
               "long_name" : "Canada",
               "short_name" : "CA",
               "types" : [ "country", "political" ]
            },
            {
               "long_name" : "V6Z",
               "short_name" : "V6Z",
               "types" : [ "postal_code_prefix", "postal_code" ]
            }
         ],
         "formatted_address" : "1188 Howe St #2803, Vancouver, BC V6Z, Canada",
         "geometry" : {
            "location" : {
               "lat" : 49.2777918,
               "lng" : -123.1266684
            },
            "location_type" : "ROOFTOP",
            "viewport" : {
               "northeast" : {
                  "lat" : 49.27914078029149,
                  "lng" : -123.1253194197085
               },
               "southwest" : {
                  "lat" : 49.2764428197085,
                  "lng" : -123.1280173802915
               }
            }
         },
         "partial_match" : true,
         "place_id" : "Ei0xMTg4IEhvd2UgU3QgIzI4MDMsIFZhbmNvdXZlciwgQkMgVjZaLCBDYW5hZGE",
         "types" : [ "subpremise" ]
      }
   ],
   "status" : "OK"
}
