{
   "results" : [
      {
         "address_components" : [
            {
               "long_name" : "1188",
               "short_name" : "1188",
               "types" : [ "street_number" ]
            },
            {
               "long_name" : "Rue Germaine Lecours",
               "short_name" : "Rue Germaine Lecours",
               "types" : [ "route" ]
            },
            {
               "long_name" : "Cap-Rouge",
               "short_name" : "Cap-Rouge",
               "types" : [ "neighborhood", "political" ]
            },
            {
               "long_name" : "Sainte-Foy-Sillery-Cap-Rouge",
               "short_name" : "Sainte-Foy-Sillery-Cap-Rouge",
               "types" : [ "sublocality_level_1", "sublocality", "political" ]
            },
            {
               "long_name" : "Ville de Québec",
               "short_name" : "Ville de Québec",
               "types" : [ "locality", "political" ]
            },
            {
               "long_name" : "Communauté-Urbaine-de-Québec",
               "short_name" : "Communauté-Urbaine-de-Québec",
               "types" : [ "administrative_area_level_2", "political" ]
            },
            {
               "long_name" : "Québec",
               "short_name" : "QC",
               "types" : [ "administrative_area_level_1", "political" ]
            },
            {
               "long_name" : "Canada",
               "short_name" : "CA",
               "types" : [ "country", "political" ]
            },
            {
               "long_name" : "G1X",
               "short_name" : "G1X",
               "types" : [ "postal_code_prefix", "postal_code" ]
            }
         ],
         "formatted_address" : "1188 Rue Germaine Lecours, Ville de Québec, QC G1X, Canada",
         "geometry" : {
            "location" : {
               "lat" : 46.7675422,
               "lng" : -71.3680241
            },
            "location_type" : "ROOFTOP",
            "viewport" : {
               "northeast" : {
                  "lat" : 46.7688911802915,
                  "lng" : -71.36667511970849
               },
               "southwest" : {
                  "lat" : 46.76619321970851,
                  "lng" : -71.3693730802915
               }
            }
         },
         "partial_match" : true,
         "place_id" : "ChIJW1qS-guauEwRl07i57ej-Cs",
         "types" : [ "street_address" ]
      }
   ],
   "status" : "OK"
}
