{
   "results" : [
      {
         "address_components" : [
            {
               "long_name" : "119",
               "short_name" : "119",
               "types" : [ "street_number" ]
            },
            {
               "long_name" : "Rue Brennan",
               "short_name" : "Rue Brennan",
               "types" : [ "route" ]
            },
            {
               "long_name" : "Frampton",
               "short_name" : "Frampton",
               "types" : [ "locality", "political" ]
            },
            {
               "long_name" : "Frampton",
               "short_name" : "Frampton",
               "types" : [ "administrative_area_level_3", "political" ]
            },
            {
               "long_name" : "La Nouvelle-Beauce",
               "short_name" : "La Nouvelle-Beauce",
               "types" : [ "administrative_area_level_2", "political" ]
            },
            {
               "long_name" : "Québec",
               "short_name" : "QC",
               "types" : [ "administrative_area_level_1", "political" ]
            },
            {
               "long_name" : "Canada",
               "short_name" : "CA",
               "types" : [ "country", "political" ]
            },
            {
               "long_name" : "G0R 1M0",
               "short_name" : "G0R 1M0",
               "types" : [ "postal_code" ]
            }
         ],
         "formatted_address" : "119 Rue Brennan, Frampton, QC G0R 1M0, Canada",
         "geometry" : {
            "bounds" : {
               "northeast" : {
                  "lat" : 46.457438,
                  "lng" : -70.8107155
               },
               "southwest" : {
                  "lat" : 46.4574288,
                  "lng" : -70.8107287
               }
            },
            "location" : {
               "lat" : 46.4574288,
               "lng" : -70.8107287
            },
            "location_type" : "RANGE_INTERPOLATED",
            "viewport" : {
               "northeast" : {
                  "lat" : 46.45878238029149,
                  "lng" : -70.8093731197085
               },
               "southwest" : {
                  "lat" : 46.4560844197085,
                  "lng" : -70.8120710802915
               }
            }
         },
         "place_id" : "Ei0xMTkgUnVlIEJyZW5uYW4sIEZyYW1wdG9uLCBRQyBHMFIgMU0wLCBDYW5hZGE",
         "types" : [ "street_address" ]
      }
   ],
   "status" : "OK"
}
