{
   "results" : [
      {
         "address_components" : [
            {
               "long_name" : "12",
               "short_name" : "12",
               "types" : [ "street_number" ]
            },
            {
               "long_name" : "Broughton Court",
               "short_name" : "Broughton Ct",
               "types" : [ "route" ]
            },
            {
               "long_name" : "Whitby",
               "short_name" : "Whitby",
               "types" : [ "locality", "political" ]
            },
            {
               "long_name" : "Durham Regional Municipality",
               "short_name" : "Durham Regional Municipality",
               "types" : [ "administrative_area_level_2", "political" ]
            },
            {
               "long_name" : "Ontario",
               "short_name" : "ON",
               "types" : [ "administrative_area_level_1", "political" ]
            },
            {
               "long_name" : "Canada",
               "short_name" : "CA",
               "types" : [ "country", "political" ]
            },
            {
               "long_name" : "L1N 6Y8",
               "short_name" : "L1N 6Y8",
               "types" : [ "postal_code" ]
            }
         ],
         "formatted_address" : "12 Broughton Ct, Whitby, ON L1N 6Y8, Canada",
         "geometry" : {
            "location" : {
               "lat" : 43.89115109999999,
               "lng" : -78.9375493
            },
            "location_type" : "ROOFTOP",
            "viewport" : {
               "northeast" : {
                  "lat" : 43.89250008029149,
                  "lng" : -78.93620031970849
               },
               "southwest" : {
                  "lat" : 43.88980211970849,
                  "lng" : -78.9388982802915
               }
            }
         },
         "place_id" : "ChIJnc6biHoe1YkRBZXhaBw9Qj0",
         "types" : [ "street_address" ]
      }
   ],
   "status" : "OK"
}
