{
   "results" : [
      {
         "address_components" : [
            {
               "long_name" : "12",
               "short_name" : "12",
               "types" : [ "street_number" ]
            },
            {
               "long_name" : "Hamptons Rise Northwest",
               "short_name" : "Hamptons Rise NW",
               "types" : [ "route" ]
            },
            {
               "long_name" : "Hamptons",
               "short_name" : "Hamptons",
               "types" : [ "neighborhood", "political" ]
            },
            {
               "long_name" : "Calgary",
               "short_name" : "Calgary",
               "types" : [ "locality", "political" ]
            },
            {
               "long_name" : "Division No. 6",
               "short_name" : "Division No. 6",
               "types" : [ "administrative_area_level_2", "political" ]
            },
            {
               "long_name" : "Alberta",
               "short_name" : "AB",
               "types" : [ "administrative_area_level_1", "political" ]
            },
            {
               "long_name" : "Canada",
               "short_name" : "CA",
               "types" : [ "country", "political" ]
            },
            {
               "long_name" : "T3A 5E6",
               "short_name" : "T3A 5E6",
               "types" : [ "postal_code" ]
            }
         ],
         "formatted_address" : "12 Hamptons Rise NW, Calgary, AB T3A 5E6, Canada",
         "geometry" : {
            "location" : {
               "lat" : 51.147153,
               "lng" : -114.149377
            },
            "location_type" : "ROOFTOP",
            "viewport" : {
               "northeast" : {
                  "lat" : 51.14850198029149,
                  "lng" : -114.1480280197085
               },
               "southwest" : {
                  "lat" : 51.14580401970849,
                  "lng" : -114.1507259802915
               }
            }
         },
         "place_id" : "ChIJlWXiLJ1ocVMR7ZAcabzdf-o",
         "types" : [ "street_address" ]
      }
   ],
   "status" : "OK"
}
