{
   "results" : [
      {
         "address_components" : [
            {
               "long_name" : "Walkerton",
               "short_name" : "Walkerton",
               "types" : [ "locality", "political" ]
            },
            {
               "long_name" : "Brockton",
               "short_name" : "Brockton",
               "types" : [ "administrative_area_level_3", "political" ]
            },
            {
               "long_name" : "Bruce County",
               "short_name" : "Bruce County",
               "types" : [ "administrative_area_level_2", "political" ]
            },
            {
               "long_name" : "Ontario",
               "short_name" : "ON",
               "types" : [ "administrative_area_level_1", "political" ]
            },
            {
               "long_name" : "Canada",
               "short_name" : "CA",
               "types" : [ "country", "political" ]
            },
            {
               "long_name" : "N0G",
               "short_name" : "N0G",
               "types" : [ "postal_code_prefix", "postal_code" ]
            }
         ],
         "formatted_address" : "Walkerton, ON N0G, Canada",
         "geometry" : {
            "bounds" : {
               "northeast" : {
                  "lat" : 44.1464191,
                  "lng" : -81.12160829999999
               },
               "southwest" : {
                  "lat" : 44.1035287,
                  "lng" : -81.1810517
               }
            },
            "location" : {
               "lat" : 44.1313,
               "lng" : -81.15071800000001
            },
            "location_type" : "APPROXIMATE",
            "viewport" : {
               "northeast" : {
                  "lat" : 44.1464191,
                  "lng" : -81.12160829999999
               },
               "southwest" : {
                  "lat" : 44.1035287,
                  "lng" : -81.1810517
               }
            }
         },
         "partial_match" : true,
         "place_id" : "ChIJ2R6GjEufKYgRdETm01a9NLI",
         "types" : [ "locality", "political" ]
      }
   ],
   "status" : "OK"
}
