{
   "results" : [
      {
         "address_components" : [
            {
               "long_name" : "12",
               "short_name" : "12",
               "types" : [ "street_number" ]
            },
            {
               "long_name" : "Lighthall Crescent",
               "short_name" : "Lighthall Crescent",
               "types" : [ "route" ]
            },
            {
               "long_name" : "Malvern",
               "short_name" : "Malvern",
               "types" : [ "neighborhood", "political" ]
            },
            {
               "long_name" : "Scarborough",
               "short_name" : "Scarborough",
               "types" : [ "sublocality_level_1", "sublocality", "political" ]
            },
            {
               "long_name" : "Toronto",
               "short_name" : "Toronto",
               "types" : [ "locality", "political" ]
            },
            {
               "long_name" : "Toronto Division",
               "short_name" : "Toronto Division",
               "types" : [ "administrative_area_level_2", "political" ]
            },
            {
               "long_name" : "Ontario",
               "short_name" : "ON",
               "types" : [ "administrative_area_level_1", "political" ]
            },
            {
               "long_name" : "Canada",
               "short_name" : "CA",
               "types" : [ "country", "political" ]
            },
            {
               "long_name" : "M1B 1V3",
               "short_name" : "M1B 1V3",
               "types" : [ "postal_code" ]
            }
         ],
         "formatted_address" : "12 Lighthall Crescent, Scarborough, ON M1B 1V3, Canada",
         "geometry" : {
            "bounds" : {
               "northeast" : {
                  "lat" : 43.8109496,
                  "lng" : -79.23462139999999
               },
               "southwest" : {
                  "lat" : 43.8109367,
                  "lng" : -79.23462719999999
               }
            },
            "location" : {
               "lat" : 43.8109496,
               "lng" : -79.23462719999999
            },
            "location_type" : "RANGE_INTERPOLATED",
            "viewport" : {
               "northeast" : {
                  "lat" : 43.8122921302915,
                  "lng" : -79.23327531970848
               },
               "southwest" : {
                  "lat" : 43.8095941697085,
                  "lng" : -79.23597328029149
               }
            }
         },
         "place_id" : "EjYxMiBMaWdodGhhbGwgQ3Jlc2NlbnQsIFNjYXJib3JvdWdoLCBPTiBNMUIgMVYzLCBDYW5hZGE",
         "types" : [ "street_address" ]
      }
   ],
   "status" : "OK"
}
