{
   "results" : [
      {
         "address_components" : [
            {
               "long_name" : "12",
               "short_name" : "12",
               "types" : [ "street_number" ]
            },
            {
               "long_name" : "Stonybrook Drive",
               "short_name" : "Stonybrook Dr",
               "types" : [ "route" ]
            },
            {
               "long_name" : "Meinzinger State Park",
               "short_name" : "Meinzinger State Park",
               "types" : [ "neighborhood", "political" ]
            },
            {
               "long_name" : "Kitchener",
               "short_name" : "Kitchener",
               "types" : [ "locality", "political" ]
            },
            {
               "long_name" : "Waterloo Regional Municipality",
               "short_name" : "Waterloo Regional Municipality",
               "types" : [ "administrative_area_level_2", "political" ]
            },
            {
               "long_name" : "Ontario",
               "short_name" : "ON",
               "types" : [ "administrative_area_level_1", "political" ]
            },
            {
               "long_name" : "Canada",
               "short_name" : "CA",
               "types" : [ "country", "political" ]
            },
            {
               "long_name" : "N2M 4L5",
               "short_name" : "N2M 4L5",
               "types" : [ "postal_code" ]
            }
         ],
         "formatted_address" : "12 Stonybrook Dr, Kitchener, ON N2M 4L5, Canada",
         "geometry" : {
            "bounds" : {
               "northeast" : {
                  "lat" : 43.4280121,
                  "lng" : -80.50216019999999
               },
               "southwest" : {
                  "lat" : 43.4279986,
                  "lng" : -80.50216279999999
               }
            },
            "location" : {
               "lat" : 43.4280121,
               "lng" : -80.50216279999999
            },
            "location_type" : "RANGE_INTERPOLATED",
            "viewport" : {
               "northeast" : {
                  "lat" : 43.4293543302915,
                  "lng" : -80.50081251970849
               },
               "southwest" : {
                  "lat" : 43.4266563697085,
                  "lng" : -80.5035104802915
               }
            }
         },
         "partial_match" : true,
         "place_id" : "Ei8xMiBTdG9ueWJyb29rIERyLCBLaXRjaGVuZXIsIE9OIE4yTSA0TDUsIENhbmFkYQ",
         "types" : [ "street_address" ]
      }
   ],
   "status" : "OK"
}
