{
   "results" : [
      {
         "address_components" : [
            {
               "long_name" : "12",
               "short_name" : "12",
               "types" : [ "street_number" ]
            },
            {
               "long_name" : "Wakefield Crescent",
               "short_name" : "Wakefield Crescent",
               "types" : [ "route" ]
            },
            {
               "long_name" : "Stoneybrook",
               "short_name" : "Stoneybrook",
               "types" : [ "neighborhood", "political" ]
            },
            {
               "long_name" : "London",
               "short_name" : "London",
               "types" : [ "locality", "political" ]
            },
            {
               "long_name" : "Middlesex County",
               "short_name" : "Middlesex County",
               "types" : [ "administrative_area_level_2", "political" ]
            },
            {
               "long_name" : "Ontario",
               "short_name" : "ON",
               "types" : [ "administrative_area_level_1", "political" ]
            },
            {
               "long_name" : "Canada",
               "short_name" : "CA",
               "types" : [ "country", "political" ]
            },
            {
               "long_name" : "N5X 1Z7",
               "short_name" : "N5X 1Z7",
               "types" : [ "postal_code" ]
            }
         ],
         "formatted_address" : "12 Wakefield Crescent, London, ON N5X 1Z7, Canada",
         "geometry" : {
            "location" : {
               "lat" : 43.0376,
               "lng" : -81.2334
            },
            "location_type" : "ROOFTOP",
            "viewport" : {
               "northeast" : {
                  "lat" : 43.03894898029149,
                  "lng" : -81.23205101970851
               },
               "southwest" : {
                  "lat" : 43.03625101970849,
                  "lng" : -81.23474898029151
               }
            }
         },
         "place_id" : "ChIJjZxBkDbsLogR3XiGusdoDiE",
         "types" : [ "street_address" ]
      }
   ],
   "status" : "OK"
}
