{
   "results" : [
      {
         "address_components" : [
            {
               "long_name" : "80",
               "short_name" : "80",
               "types" : [ "street_number" ]
            },
            {
               "long_name" : "McGee Avenue",
               "short_name" : "McGee Ave",
               "types" : [ "route" ]
            },
            {
               "long_name" : "Heritage Park",
               "short_name" : "Heritage Park",
               "types" : [ "neighborhood", "political" ]
            },
            {
               "long_name" : "Kitchener",
               "short_name" : "Kitchener",
               "types" : [ "locality", "political" ]
            },
            {
               "long_name" : "Waterloo Regional Municipality",
               "short_name" : "Waterloo Regional Municipality",
               "types" : [ "administrative_area_level_2", "political" ]
            },
            {
               "long_name" : "Ontario",
               "short_name" : "ON",
               "types" : [ "administrative_area_level_1", "political" ]
            },
            {
               "long_name" : "Canada",
               "short_name" : "CA",
               "types" : [ "country", "political" ]
            },
            {
               "long_name" : "N2B 2T2",
               "short_name" : "N2B 2T2",
               "types" : [ "postal_code" ]
            }
         ],
         "formatted_address" : "80 McGee Ave, Kitchener, ON N2B 2T2, Canada",
         "geometry" : {
            "location" : {
               "lat" : 43.454385,
               "lng" : -80.43594499999999
            },
            "location_type" : "ROOFTOP",
            "viewport" : {
               "northeast" : {
                  "lat" : 43.45573398029151,
                  "lng" : -80.43459601970849
               },
               "southwest" : {
                  "lat" : 43.45303601970851,
                  "lng" : -80.4372939802915
               }
            }
         },
         "partial_match" : true,
         "place_id" : "ChIJqQdVrkOLK4gROtZUsUvnJo0",
         "types" : [ "street_address" ]
      }
   ],
   "status" : "OK"
}
