{
   "results" : [
      {
         "address_components" : [
            {
               "long_name" : "1200",
               "short_name" : "1200",
               "types" : [ "street_number" ]
            },
            {
               "long_name" : "Rue Saint Jean",
               "short_name" : "Rue St Jean",
               "types" : [ "route" ]
            },
            {
               "long_name" : "Mascouche",
               "short_name" : "Mascouche",
               "types" : [ "locality", "political" ]
            },
            {
               "long_name" : "Les Moulins Regional County Municipality",
               "short_name" : "Les Moulins Regional County Municipality",
               "types" : [ "administrative_area_level_2", "political" ]
            },
            {
               "long_name" : "Québec",
               "short_name" : "QC",
               "types" : [ "administrative_area_level_1", "political" ]
            },
            {
               "long_name" : "Canada",
               "short_name" : "CA",
               "types" : [ "country", "political" ]
            },
            {
               "long_name" : "J7K 2K8",
               "short_name" : "J7K 2K8",
               "types" : [ "postal_code" ]
            }
         ],
         "formatted_address" : "1200 Rue St Jean, Mascouche, QC J7K 2K8, Canada",
         "geometry" : {
            "bounds" : {
               "northeast" : {
                  "lat" : 45.7508698,
                  "lng" : -73.60544110000001
               },
               "southwest" : {
                  "lat" : 45.750865,
                  "lng" : -73.60545859999999
               }
            },
            "location" : {
               "lat" : 45.7508698,
               "lng" : -73.60545859999999
            },
            "location_type" : "RANGE_INTERPOLATED",
            "viewport" : {
               "northeast" : {
                  "lat" : 45.7522163802915,
                  "lng" : -73.6041008697085
               },
               "southwest" : {
                  "lat" : 45.7495184197085,
                  "lng" : -73.60679883029151
               }
            }
         },
         "partial_match" : true,
         "place_id" : "Ei8xMjAwIFJ1ZSBTdCBKZWFuLCBNYXNjb3VjaGUsIFFDIEo3SyAySzgsIENhbmFkYQ",
         "types" : [ "street_address" ]
      },
      {
         "address_components" : [
            {
               "long_name" : "1200",
               "short_name" : "1200",
               "types" : [ "street_number" ]
            },
            {
               "long_name" : "Place Saint Jean",
               "short_name" : "Place Saint Jean",
               "types" : [ "route" ]
            },
            {
               "long_name" : "Mascouche",
               "short_name" : "Mascouche",
               "types" : [ "locality", "political" ]
            },
            {
               "long_name" : "Les Moulins",
               "short_name" : "Les Moulins",
               "types" : [ "administrative_area_level_2", "political" ]
            },
            {
               "long_name" : "Québec",
               "short_name" : "QC",
               "types" : [ "administrative_area_level_1", "political" ]
            },
            {
               "long_name" : "Canada",
               "short_name" : "CA",
               "types" : [ "country", "political" ]
            },
            {
               "long_name" : "J7K 2L4",
               "short_name" : "J7K 2L4",
               "types" : [ "postal_code" ]
            }
         ],
         "formatted_address" : "1200 Place Saint Jean, Mascouche, QC J7K 2L4, Canada",
         "geometry" : {
            "bounds" : {
               "northeast" : {
                  "lat" : 45.7556439,
                  "lng" : -73.6030339
               },
               "southwest" : {
                  "lat" : 45.7556311,
                  "lng" : -73.60303789999999
               }
            },
            "location" : {
               "lat" : 45.7556311,
               "lng" : -73.60303789999999
            },
            "location_type" : "RANGE_INTERPOLATED",
            "viewport" : {
               "northeast" : {
                  "lat" : 45.75698648029149,
                  "lng" : -73.6016869197085
               },
               "southwest" : {
                  "lat" : 45.7542885197085,
                  "lng" : -73.60438488029151
               }
            }
         },
         "partial_match" : true,
         "place_id" : "EjQxMjAwIFBsYWNlIFNhaW50IEplYW4sIE1hc2NvdWNoZSwgUUMgSjdLIDJMNCwgQ2FuYWRh",
         "types" : [ "street_address" ]
      }
   ],
   "status" : "OK"
}
