{
   "results" : [
      {
         "address_components" : [
            {
               "long_name" : "12028",
               "short_name" : "12028",
               "types" : [ "street_number" ]
            },
            {
               "long_name" : "Lake Emerald Crescent Southeast",
               "short_name" : "Lake Emerald Crescent SE",
               "types" : [ "route" ]
            },
            {
               "long_name" : "Lake Bonavista",
               "short_name" : "Lake Bonavista",
               "types" : [ "neighborhood", "political" ]
            },
            {
               "long_name" : "Calgary",
               "short_name" : "Calgary",
               "types" : [ "locality", "political" ]
            },
            {
               "long_name" : "Division No. 6",
               "short_name" : "Division No. 6",
               "types" : [ "administrative_area_level_2", "political" ]
            },
            {
               "long_name" : "Alberta",
               "short_name" : "AB",
               "types" : [ "administrative_area_level_1", "political" ]
            },
            {
               "long_name" : "Canada",
               "short_name" : "CA",
               "types" : [ "country", "political" ]
            },
            {
               "long_name" : "T2J 2J5",
               "short_name" : "T2J 2J5",
               "types" : [ "postal_code" ]
            }
         ],
         "formatted_address" : "12028 Lake Emerald Crescent SE, Calgary, AB T2J 2J5, Canada",
         "geometry" : {
            "location" : {
               "lat" : 50.947041,
               "lng" : -114.048898
            },
            "location_type" : "ROOFTOP",
            "viewport" : {
               "northeast" : {
                  "lat" : 50.94838998029149,
                  "lng" : -114.0475490197085
               },
               "southwest" : {
                  "lat" : 50.9456920197085,
                  "lng" : -114.0502469802915
               }
            }
         },
         "place_id" : "ChIJ810Kmtp2cVMR-EVeGG6ScTw",
         "types" : [ "street_address" ]
      }
   ],
   "status" : "OK"
}
