{
   "results" : [
      {
         "address_components" : [
            {
               "long_name" : "500",
               "short_name" : "500",
               "types" : [ "street_number" ]
            },
            {
               "long_name" : "Talbot Street",
               "short_name" : "Talbot St",
               "types" : [ "route" ]
            },
            {
               "long_name" : "Central London",
               "short_name" : "Central London",
               "types" : [ "neighborhood", "political" ]
            },
            {
               "long_name" : "London",
               "short_name" : "London",
               "types" : [ "locality", "political" ]
            },
            {
               "long_name" : "Middlesex County",
               "short_name" : "Middlesex County",
               "types" : [ "administrative_area_level_2", "political" ]
            },
            {
               "long_name" : "Ontario",
               "short_name" : "ON",
               "types" : [ "administrative_area_level_1", "political" ]
            },
            {
               "long_name" : "Canada",
               "short_name" : "CA",
               "types" : [ "country", "political" ]
            },
            {
               "long_name" : "N6A 2S3",
               "short_name" : "N6A 2S3",
               "types" : [ "postal_code" ]
            }
         ],
         "formatted_address" : "500 Talbot St, London, ON N6A 2S3, Canada",
         "geometry" : {
            "bounds" : {
               "northeast" : {
                  "lat" : 42.9859653,
                  "lng" : -81.25263409999999
               },
               "southwest" : {
                  "lat" : 42.9855571,
                  "lng" : -81.2529742
               }
            },
            "location" : {
               "lat" : 42.9857612,
               "lng" : -81.25280409999999
            },
            "location_type" : "ROOFTOP",
            "viewport" : {
               "northeast" : {
                  "lat" : 42.9871101802915,
                  "lng" : -81.25145516970849
               },
               "southwest" : {
                  "lat" : 42.9844122197085,
                  "lng" : -81.2541531302915
               }
            }
         },
         "partial_match" : true,
         "place_id" : "ChIJ1cKyG_jxLogRT2n4RgqZcBw",
         "types" : [ "premise" ]
      }
   ],
   "status" : "OK"
}
