{
   "results" : [
      {
         "address_components" : [
            {
               "long_name" : "2191",
               "short_name" : "2191",
               "types" : [ "street_number" ]
            },
            {
               "long_name" : "Yonge Street",
               "short_name" : "Yonge St",
               "types" : [ "route" ]
            },
            {
               "long_name" : "Midtown Toronto",
               "short_name" : "Midtown Toronto",
               "types" : [ "neighborhood", "political" ]
            },
            {
               "long_name" : "Old Toronto",
               "short_name" : "Old Toronto",
               "types" : [ "sublocality_level_1", "sublocality", "political" ]
            },
            {
               "long_name" : "Toronto",
               "short_name" : "Toronto",
               "types" : [ "locality", "political" ]
            },
            {
               "long_name" : "Toronto Division",
               "short_name" : "Toronto Division",
               "types" : [ "administrative_area_level_2", "political" ]
            },
            {
               "long_name" : "Ontario",
               "short_name" : "ON",
               "types" : [ "administrative_area_level_1", "political" ]
            },
            {
               "long_name" : "Canada",
               "short_name" : "CA",
               "types" : [ "country", "political" ]
            },
            {
               "long_name" : "M4S 3H8",
               "short_name" : "M4S 3H8",
               "types" : [ "postal_code" ]
            }
         ],
         "formatted_address" : "2191 Yonge St, Toronto, ON M4S 3H8, Canada",
         "geometry" : {
            "location" : {
               "lat" : 43.70563629999999,
               "lng" : -79.3980861
            },
            "location_type" : "ROOFTOP",
            "viewport" : {
               "northeast" : {
                  "lat" : 43.70698528029149,
                  "lng" : -79.39673711970849
               },
               "southwest" : {
                  "lat" : 43.70428731970849,
                  "lng" : -79.3994350802915
               }
            }
         },
         "partial_match" : true,
         "place_id" : "ChIJyULLFDwzK4gRs-uHXquziQg",
         "types" : [ "street_address" ]
      }
   ],
   "status" : "OK"
}
