{
   "results" : [
      {
         "address_components" : [
            {
               "long_name" : "121",
               "short_name" : "121",
               "types" : [ "street_number" ]
            },
            {
               "long_name" : "Chemin Radcliffe",
               "short_name" : "Chemin Radcliffe",
               "types" : [ "route" ]
            },
            {
               "long_name" : "Montréal-Ouest",
               "short_name" : "Montréal-Ouest",
               "types" : [ "locality", "political" ]
            },
            {
               "long_name" : "Communauté-Urbaine-de-Montréal",
               "short_name" : "Communauté-Urbaine-de-Montréal",
               "types" : [ "administrative_area_level_2", "political" ]
            },
            {
               "long_name" : "Québec",
               "short_name" : "QC",
               "types" : [ "administrative_area_level_1", "political" ]
            },
            {
               "long_name" : "Canada",
               "short_name" : "CA",
               "types" : [ "country", "political" ]
            },
            {
               "long_name" : "H4X 1C1",
               "short_name" : "H4X 1C1",
               "types" : [ "postal_code" ]
            }
         ],
         "formatted_address" : "121 Chemin Radcliffe, Montréal-Ouest, QC H4X 1C1, Canada",
         "geometry" : {
            "location" : {
               "lat" : 45.454894,
               "lng" : -73.65883199999999
            },
            "location_type" : "ROOFTOP",
            "viewport" : {
               "northeast" : {
                  "lat" : 45.4562429802915,
                  "lng" : -73.65748301970848
               },
               "southwest" : {
                  "lat" : 45.4535450197085,
                  "lng" : -73.66018098029149
               }
            }
         },
         "place_id" : "ChIJu_YUvyEXyUwRsOrIkbX76Jo",
         "types" : [ "street_address" ]
      }
   ],
   "status" : "OK"
}
