{
   "results" : [
      {
         "address_components" : [
            {
               "long_name" : "121",
               "short_name" : "121",
               "types" : [ "street_number" ]
            },
            {
               "long_name" : "Rue Dugal",
               "short_name" : "Rue Dugal",
               "types" : [ "route" ]
            },
            {
               "long_name" : "Masson-Angers",
               "short_name" : "Masson-Angers",
               "types" : [ "sublocality_level_1", "sublocality", "political" ]
            },
            {
               "long_name" : "Gatineau",
               "short_name" : "Gatineau",
               "types" : [ "locality", "political" ]
            },
            {
               "long_name" : "Communauté-Urbaine-de-l'Outaouais",
               "short_name" : "Communauté-Urbaine-de-l'Outaouais",
               "types" : [ "administrative_area_level_2", "political" ]
            },
            {
               "long_name" : "Québec",
               "short_name" : "QC",
               "types" : [ "administrative_area_level_1", "political" ]
            },
            {
               "long_name" : "Canada",
               "short_name" : "CA",
               "types" : [ "country", "political" ]
            },
            {
               "long_name" : "J8M 1C6",
               "short_name" : "J8M 1C6",
               "types" : [ "postal_code" ]
            }
         ],
         "formatted_address" : "121 Rue Dugal, Gatineau, QC J8M 1C6, Canada",
         "geometry" : {
            "location" : {
               "lat" : 45.5476523,
               "lng" : -75.41117559999999
            },
            "location_type" : "ROOFTOP",
            "viewport" : {
               "northeast" : {
                  "lat" : 45.54900128029149,
                  "lng" : -75.40982661970848
               },
               "southwest" : {
                  "lat" : 45.54630331970849,
                  "lng" : -75.4125245802915
               }
            }
         },
         "place_id" : "ChIJ6-cAxhoVzkwR8EL8Nyi1OZE",
         "types" : [ "street_address" ]
      }
   ],
   "status" : "OK"
}
