{
   "results" : [
      {
         "address_components" : [
            {
               "long_name" : "121",
               "short_name" : "121",
               "types" : [ "street_number" ]
            },
            {
               "long_name" : "Saint Leonards Avenue",
               "short_name" : "St Leonards Ave",
               "types" : [ "route" ]
            },
            {
               "long_name" : "Lawrence Park",
               "short_name" : "Lawrence Park",
               "types" : [ "neighborhood", "political" ]
            },
            {
               "long_name" : "Old Toronto",
               "short_name" : "Old Toronto",
               "types" : [ "sublocality_level_1", "sublocality", "political" ]
            },
            {
               "long_name" : "Toronto",
               "short_name" : "Toronto",
               "types" : [ "locality", "political" ]
            },
            {
               "long_name" : "Toronto Division",
               "short_name" : "Toronto Division",
               "types" : [ "administrative_area_level_2", "political" ]
            },
            {
               "long_name" : "Ontario",
               "short_name" : "ON",
               "types" : [ "administrative_area_level_1", "political" ]
            },
            {
               "long_name" : "Canada",
               "short_name" : "CA",
               "types" : [ "country", "political" ]
            },
            {
               "long_name" : "M4N 1K6",
               "short_name" : "M4N 1K6",
               "types" : [ "postal_code" ]
            }
         ],
         "formatted_address" : "121 St Leonards Ave, Toronto, ON M4N 1K6, Canada",
         "geometry" : {
            "location" : {
               "lat" : 43.7227957,
               "lng" : -79.3926256
            },
            "location_type" : "ROOFTOP",
            "viewport" : {
               "northeast" : {
                  "lat" : 43.7241446802915,
                  "lng" : -79.39127661970851
               },
               "southwest" : {
                  "lat" : 43.7214467197085,
                  "lng" : -79.39397458029151
               }
            }
         },
         "place_id" : "ChIJ306wbtoyK4gRubKx0S0PXno",
         "types" : [ "street_address" ]
      }
   ],
   "status" : "OK"
}
