{
   "results" : [
      {
         "address_components" : [
            {
               "long_name" : "12115",
               "short_name" : "12115",
               "types" : [ "street_number" ]
            },
            {
               "long_name" : "Lake Louise Way Southeast",
               "short_name" : "Lake Louise Way SE",
               "types" : [ "route" ]
            },
            {
               "long_name" : "Lake Bonavista",
               "short_name" : "Lake Bonavista",
               "types" : [ "neighborhood", "political" ]
            },
            {
               "long_name" : "Calgary",
               "short_name" : "Calgary",
               "types" : [ "locality", "political" ]
            },
            {
               "long_name" : "Division No. 6",
               "short_name" : "Division No. 6",
               "types" : [ "administrative_area_level_2", "political" ]
            },
            {
               "long_name" : "Alberta",
               "short_name" : "AB",
               "types" : [ "administrative_area_level_1", "political" ]
            },
            {
               "long_name" : "Canada",
               "short_name" : "CA",
               "types" : [ "country", "political" ]
            },
            {
               "long_name" : "T2J 2M3",
               "short_name" : "T2J 2M3",
               "types" : [ "postal_code" ]
            }
         ],
         "formatted_address" : "12115 Lake Louise Way SE, Calgary, AB T2J 2M3, Canada",
         "geometry" : {
            "location" : {
               "lat" : 50.9454091,
               "lng" : -114.051129
            },
            "location_type" : "ROOFTOP",
            "viewport" : {
               "northeast" : {
                  "lat" : 50.9467580802915,
                  "lng" : -114.0497800197085
               },
               "southwest" : {
                  "lat" : 50.9440601197085,
                  "lng" : -114.0524779802915
               }
            }
         },
         "partial_match" : true,
         "place_id" : "ChIJdRUeMcV2cVMR4WSoFT2ewLw",
         "types" : [ "street_address" ]
      }
   ],
   "status" : "OK"
}
