{
   "results" : [
      {
         "address_components" : [
            {
               "long_name" : "122",
               "short_name" : "122",
               "types" : [ "street_number" ]
            },
            {
               "long_name" : "Northumberland Road",
               "short_name" : "Northumberland Rd",
               "types" : [ "route" ]
            },
            {
               "long_name" : "Oakridge",
               "short_name" : "Oakridge",
               "types" : [ "neighborhood", "political" ]
            },
            {
               "long_name" : "London",
               "short_name" : "London",
               "types" : [ "locality", "political" ]
            },
            {
               "long_name" : "Middlesex County",
               "short_name" : "Middlesex County",
               "types" : [ "administrative_area_level_2", "political" ]
            },
            {
               "long_name" : "Ontario",
               "short_name" : "ON",
               "types" : [ "administrative_area_level_1", "political" ]
            },
            {
               "long_name" : "Canada",
               "short_name" : "CA",
               "types" : [ "country", "political" ]
            },
            {
               "long_name" : "N6H",
               "short_name" : "N6H",
               "types" : [ "postal_code_prefix", "postal_code" ]
            }
         ],
         "formatted_address" : "122 Northumberland Rd, London, ON N6H, Canada",
         "geometry" : {
            "location" : {
               "lat" : 42.9821937,
               "lng" : -81.33129869999999
            },
            "location_type" : "ROOFTOP",
            "viewport" : {
               "northeast" : {
                  "lat" : 42.98354268029149,
                  "lng" : -81.32994971970849
               },
               "southwest" : {
                  "lat" : 42.9808447197085,
                  "lng" : -81.3326476802915
               }
            }
         },
         "partial_match" : true,
         "place_id" : "ChIJJ2c6Lw3wLogRWjIYIuJF1lw",
         "types" : [ "street_address" ]
      }
   ],
   "status" : "OK"
}
