{
   "results" : [
      {
         "address_components" : [
            {
               "long_name" : "123",
               "short_name" : "123",
               "types" : [ "street_number" ]
            },
            {
               "long_name" : "Trillium Lane",
               "short_name" : "Trillium Ln",
               "types" : [ "route" ]
            },
            {
               "long_name" : "Paris",
               "short_name" : "Paris",
               "types" : [ "neighborhood", "political" ]
            },
            {
               "long_name" : "Brant",
               "short_name" : "Brant",
               "types" : [ "locality", "political" ]
            },
            {
               "long_name" : "Brant County",
               "short_name" : "Brant County",
               "types" : [ "administrative_area_level_2", "political" ]
            },
            {
               "long_name" : "Ontario",
               "short_name" : "ON",
               "types" : [ "administrative_area_level_1", "political" ]
            },
            {
               "long_name" : "Canada",
               "short_name" : "CA",
               "types" : [ "country", "political" ]
            },
            {
               "long_name" : "N3L 3E1",
               "short_name" : "N3L 3E1",
               "types" : [ "postal_code" ]
            }
         ],
         "formatted_address" : "123 Trillium Ln, Paris, ON N3L 3E1, Canada",
         "geometry" : {
            "bounds" : {
               "northeast" : {
                  "lat" : 43.2330932,
                  "lng" : -80.2631351
               },
               "southwest" : {
                  "lat" : 43.2330893,
                  "lng" : -80.2631531
               }
            },
            "location" : {
               "lat" : 43.2330893,
               "lng" : -80.2631531
            },
            "location_type" : "RANGE_INTERPOLATED",
            "viewport" : {
               "northeast" : {
                  "lat" : 43.2344402302915,
                  "lng" : -80.26179511970849
               },
               "southwest" : {
                  "lat" : 43.2317422697085,
                  "lng" : -80.2644930802915
               }
            }
         },
         "partial_match" : true,
         "place_id" : "EioxMjMgVHJpbGxpdW0gTG4sIFBhcmlzLCBPTiBOM0wgM0UxLCBDYW5hZGE",
         "types" : [ "street_address" ]
      }
   ],
   "status" : "OK"
}
