{
   "results" : [
      {
         "address_components" : [
            {
               "long_name" : "124",
               "short_name" : "124",
               "types" : [ "street_number" ]
            },
            {
               "long_name" : "Langley Avenue",
               "short_name" : "Langley Ave",
               "types" : [ "route" ]
            },
            {
               "long_name" : "Riverdale",
               "short_name" : "Riverdale",
               "types" : [ "neighborhood", "political" ]
            },
            {
               "long_name" : "Old Toronto",
               "short_name" : "Old Toronto",
               "types" : [ "sublocality_level_1", "sublocality", "political" ]
            },
            {
               "long_name" : "Toronto",
               "short_name" : "Toronto",
               "types" : [ "locality", "political" ]
            },
            {
               "long_name" : "Toronto Division",
               "short_name" : "Toronto Division",
               "types" : [ "administrative_area_level_2", "political" ]
            },
            {
               "long_name" : "Ontario",
               "short_name" : "ON",
               "types" : [ "administrative_area_level_1", "political" ]
            },
            {
               "long_name" : "Canada",
               "short_name" : "CA",
               "types" : [ "country", "political" ]
            },
            {
               "long_name" : "M4K 1B5",
               "short_name" : "M4K 1B5",
               "types" : [ "postal_code" ]
            }
         ],
         "formatted_address" : "124 Langley Ave, Toronto, ON M4K 1B5, Canada",
         "geometry" : {
            "location" : {
               "lat" : 43.6692232,
               "lng" : -79.3474452
            },
            "location_type" : "ROOFTOP",
            "viewport" : {
               "northeast" : {
                  "lat" : 43.67057218029149,
                  "lng" : -79.34609621970849
               },
               "southwest" : {
                  "lat" : 43.66787421970849,
                  "lng" : -79.34879418029151
               }
            }
         },
         "place_id" : "ChIJoQxNpGTL1IkREsgVXqR44k8",
         "types" : [ "street_address" ]
      }
   ],
   "status" : "OK"
}
