{
   "results" : [
      {
         "address_components" : [
            {
               "long_name" : "125",
               "short_name" : "125",
               "types" : [ "street_number" ]
            },
            {
               "long_name" : "Hawk Crest Lane",
               "short_name" : "Hawk Crest Ln",
               "types" : [ "route" ]
            },
            {
               "long_name" : "Taylor Oaks",
               "short_name" : "Taylor Oaks",
               "types" : [ "neighborhood", "political" ]
            },
            {
               "long_name" : "Double Oak",
               "short_name" : "Double Oak",
               "types" : [ "locality", "political" ]
            },
            {
               "long_name" : "Denton County",
               "short_name" : "Denton County",
               "types" : [ "administrative_area_level_2", "political" ]
            },
            {
               "long_name" : "Texas",
               "short_name" : "TX",
               "types" : [ "administrative_area_level_1", "political" ]
            },
            {
               "long_name" : "United States",
               "short_name" : "US",
               "types" : [ "country", "political" ]
            },
            {
               "long_name" : "75077",
               "short_name" : "75077",
               "types" : [ "postal_code" ]
            },
            {
               "long_name" : "7346",
               "short_name" : "7346",
               "types" : [ "postal_code_suffix" ]
            }
         ],
         "formatted_address" : "125 Hawk Crest Ln, Double Oak, TX 75077, USA",
         "geometry" : {
            "location" : {
               "lat" : 33.06731600000001,
               "lng" : -97.12528390000001
            },
            "location_type" : "ROOFTOP",
            "viewport" : {
               "northeast" : {
                  "lat" : 33.06866498029151,
                  "lng" : -97.12393491970852
               },
               "southwest" : {
                  "lat" : 33.06596701970851,
                  "lng" : -97.12663288029152
               }
            }
         },
         "place_id" : "ChIJv7EzHXDNTYYR7RbLp0BhWUA",
         "types" : [ "street_address" ]
      }
   ],
   "status" : "OK"
}
