{
   "results" : [
      {
         "address_components" : [
            {
               "long_name" : "125",
               "short_name" : "125",
               "types" : [ "street_number" ]
            },
            {
               "long_name" : "Pinebrook Place",
               "short_name" : "Pinebrook Pl",
               "types" : [ "route" ]
            },
            {
               "long_name" : "Waterloo",
               "short_name" : "Waterloo",
               "types" : [ "locality", "political" ]
            },
            {
               "long_name" : "Waterloo Regional Municipality",
               "short_name" : "Waterloo Regional Municipality",
               "types" : [ "administrative_area_level_2", "political" ]
            },
            {
               "long_name" : "Ontario",
               "short_name" : "ON",
               "types" : [ "administrative_area_level_1", "political" ]
            },
            {
               "long_name" : "Canada",
               "short_name" : "CA",
               "types" : [ "country", "political" ]
            },
            {
               "long_name" : "N2V",
               "short_name" : "N2V",
               "types" : [ "postal_code_prefix", "postal_code" ]
            }
         ],
         "formatted_address" : "125 Pinebrook Pl, Waterloo, ON N2V, Canada",
         "geometry" : {
            "bounds" : {
               "northeast" : {
                  "lat" : 43.4958864,
                  "lng" : -80.5625352
               },
               "southwest" : {
                  "lat" : 43.4958853,
                  "lng" : -80.5625539
               }
            },
            "location" : {
               "lat" : 43.4958864,
               "lng" : -80.5625352
            },
            "location_type" : "RANGE_INTERPOLATED",
            "viewport" : {
               "northeast" : {
                  "lat" : 43.4972348302915,
                  "lng" : -80.56119556970849
               },
               "southwest" : {
                  "lat" : 43.4945368697085,
                  "lng" : -80.56389353029151
               }
            }
         },
         "partial_match" : true,
         "place_id" : "EioxMjUgUGluZWJyb29rIFBsLCBXYXRlcmxvbywgT04gTjJWLCBDYW5hZGE",
         "types" : [ "street_address" ]
      }
   ],
   "status" : "OK"
}
