{
   "results" : [
      {
         "address_components" : [
            {
               "long_name" : "12580",
               "short_name" : "12580",
               "types" : [ "street_number" ]
            },
            {
               "long_name" : "5e Ave",
               "short_name" : "5e Ave",
               "types" : [ "route" ]
            },
            {
               "long_name" : "Riviere-des-Prairies—Pointe-aux-Trembles",
               "short_name" : "Riviere-des-Prairies—Pointe-aux-Trembles",
               "types" : [ "sublocality_level_1", "sublocality", "political" ]
            },
            {
               "long_name" : "Montréal",
               "short_name" : "Montréal",
               "types" : [ "locality", "political" ]
            },
            {
               "long_name" : "Communauté-Urbaine-de-Montréal",
               "short_name" : "Communauté-Urbaine-de-Montréal",
               "types" : [ "administrative_area_level_2", "political" ]
            },
            {
               "long_name" : "Québec",
               "short_name" : "QC",
               "types" : [ "administrative_area_level_1", "political" ]
            },
            {
               "long_name" : "Canada",
               "short_name" : "CA",
               "types" : [ "country", "political" ]
            },
            {
               "long_name" : "H1E 1R2",
               "short_name" : "H1E 1R2",
               "types" : [ "postal_code" ]
            }
         ],
         "formatted_address" : "12580 5e Ave, Montréal, QC H1E 1R2, Canada",
         "geometry" : {
            "location" : {
               "lat" : 45.6321532,
               "lng" : -73.61124079999999
            },
            "location_type" : "ROOFTOP",
            "viewport" : {
               "northeast" : {
                  "lat" : 45.63350218029149,
                  "lng" : -73.60989181970848
               },
               "southwest" : {
                  "lat" : 45.63080421970849,
                  "lng" : -73.6125897802915
               }
            }
         },
         "place_id" : "ChIJs7ISQucfyUwR4qUfsQxz8AI",
         "types" : [ "street_address" ]
      }
   ],
   "status" : "OK"
}
