{
   "results" : [
      {
         "address_components" : [
            {
               "long_name" : "1265",
               "short_name" : "1265",
               "types" : [ "street_number" ]
            },
            {
               "long_name" : "Avenue Charles Huot",
               "short_name" : "Avenue Charles Huot",
               "types" : [ "route" ]
            },
            {
               "long_name" : "Sillery",
               "short_name" : "Sillery",
               "types" : [ "neighborhood", "political" ]
            },
            {
               "long_name" : "Sainte-Foy-Sillery-Cap-Rouge",
               "short_name" : "Sainte-Foy-Sillery-Cap-Rouge",
               "types" : [ "sublocality_level_1", "sublocality", "political" ]
            },
            {
               "long_name" : "Ville de Québec",
               "short_name" : "Ville de Québec",
               "types" : [ "locality", "political" ]
            },
            {
               "long_name" : "Communauté-Urbaine-de-Québec",
               "short_name" : "Communauté-Urbaine-de-Québec",
               "types" : [ "administrative_area_level_2", "political" ]
            },
            {
               "long_name" : "Québec",
               "short_name" : "QC",
               "types" : [ "administrative_area_level_1", "political" ]
            },
            {
               "long_name" : "Canada",
               "short_name" : "CA",
               "types" : [ "country", "political" ]
            },
            {
               "long_name" : "G1T 2L9",
               "short_name" : "G1T 2L9",
               "types" : [ "postal_code" ]
            }
         ],
         "formatted_address" : "1265 Avenue Charles Huot, Ville de Québec, QC G1T 2L9, Canada",
         "geometry" : {
            "location" : {
               "lat" : 46.7723064,
               "lng" : -71.2706627
            },
            "location_type" : "ROOFTOP",
            "viewport" : {
               "northeast" : {
                  "lat" : 46.77365538029149,
                  "lng" : -71.26931371970849
               },
               "southwest" : {
                  "lat" : 46.7709574197085,
                  "lng" : -71.27201168029151
               }
            }
         },
         "place_id" : "ChIJG4HkD7aWuEwRCx92vrcs7xE",
         "types" : [ "street_address" ]
      }
   ],
   "status" : "OK"
}
