{
   "results" : [
      {
         "address_components" : [
            {
               "long_name" : "11",
               "short_name" : "11",
               "types" : [ "subpremise" ]
            },
            {
               "long_name" : "1265",
               "short_name" : "1265",
               "types" : [ "street_number" ]
            },
            {
               "long_name" : "Rue Saint-Gregoire",
               "short_name" : "Rue Saint-Gregoire",
               "types" : [ "route" ]
            },
            {
               "long_name" : "Laurier-Est",
               "short_name" : "Laurier-Est",
               "types" : [ "neighborhood", "political" ]
            },
            {
               "long_name" : "Le Plateau-Mont-Royal",
               "short_name" : "Le Plateau-Mont-Royal",
               "types" : [ "sublocality_level_1", "sublocality", "political" ]
            },
            {
               "long_name" : "Montréal",
               "short_name" : "Montréal",
               "types" : [ "locality", "political" ]
            },
            {
               "long_name" : "Communauté-Urbaine-de-Montréal",
               "short_name" : "Communauté-Urbaine-de-Montréal",
               "types" : [ "administrative_area_level_2", "political" ]
            },
            {
               "long_name" : "Québec",
               "short_name" : "QC",
               "types" : [ "administrative_area_level_1", "political" ]
            },
            {
               "long_name" : "Canada",
               "short_name" : "CA",
               "types" : [ "country", "political" ]
            },
            {
               "long_name" : "H2J 0A4",
               "short_name" : "H2J 0A4",
               "types" : [ "postal_code" ]
            }
         ],
         "formatted_address" : "1265 Rue Saint-Gregoire #11, Montréal, QC H2J 0A4, Canada",
         "geometry" : {
            "location" : {
               "lat" : 45.5344639,
               "lng" : -73.5887456
            },
            "location_type" : "ROOFTOP",
            "viewport" : {
               "northeast" : {
                  "lat" : 45.5358128802915,
                  "lng" : -73.5873966197085
               },
               "southwest" : {
                  "lat" : 45.5331149197085,
                  "lng" : -73.59009458029151
               }
            }
         },
         "place_id" : "EjoxMjY1IFJ1ZSBTYWludC1HcmVnb2lyZSAjMTEsIE1vbnRyw6lhbCwgUUMgSDJKIDBBNCwgQ2FuYWRh",
         "types" : [ "subpremise" ]
      }
   ],
   "status" : "OK"
}
