{
   "results" : [
      {
         "address_components" : [
            {
               "long_name" : "1",
               "short_name" : "1",
               "types" : [ "subpremise" ]
            },
            {
               "long_name" : "127",
               "short_name" : "127",
               "types" : [ "street_number" ]
            },
            {
               "long_name" : "Alfred Street West",
               "short_name" : "Alfred St W",
               "types" : [ "route" ]
            },
            {
               "long_name" : "Thornbury",
               "short_name" : "Thornbury",
               "types" : [ "neighborhood", "political" ]
            },
            {
               "long_name" : "The Blue Mountains",
               "short_name" : "The Blue Mountains",
               "types" : [ "locality", "political" ]
            },
            {
               "long_name" : "Grey County",
               "short_name" : "Grey County",
               "types" : [ "administrative_area_level_2", "political" ]
            },
            {
               "long_name" : "Ontario",
               "short_name" : "ON",
               "types" : [ "administrative_area_level_1", "political" ]
            },
            {
               "long_name" : "Canada",
               "short_name" : "CA",
               "types" : [ "country", "political" ]
            },
            {
               "long_name" : "N0H 2P0",
               "short_name" : "N0H 2P0",
               "types" : [ "postal_code" ]
            }
         ],
         "formatted_address" : "127 Alfred St W #1, Thornbury, ON N0H 2P0, Canada",
         "geometry" : {
            "location" : {
               "lat" : 44.56138809999999,
               "lng" : -80.4638844
            },
            "location_type" : "ROOFTOP",
            "viewport" : {
               "northeast" : {
                  "lat" : 44.5627370802915,
                  "lng" : -80.4625354197085
               },
               "southwest" : {
                  "lat" : 44.5600391197085,
                  "lng" : -80.46523338029151
               }
            }
         },
         "place_id" : "EjExMjcgQWxmcmVkIFN0IFcgIzEsIFRob3JuYnVyeSwgT04gTjBIIDJQMCwgQ2FuYWRh",
         "types" : [ "subpremise" ]
      }
   ],
   "status" : "OK"
}
