{
   "results" : [
      {
         "address_components" : [
            {
               "long_name" : "1271",
               "short_name" : "1271",
               "types" : [ "street_number" ]
            },
            {
               "long_name" : "Rue du Phare",
               "short_name" : "Rue du Phare",
               "types" : [ "route" ]
            },
            {
               "long_name" : "Laval",
               "short_name" : "Laval",
               "types" : [ "locality", "political" ]
            },
            {
               "long_name" : "Laval",
               "short_name" : "Laval",
               "types" : [ "administrative_area_level_2", "political" ]
            },
            {
               "long_name" : "Québec",
               "short_name" : "QC",
               "types" : [ "administrative_area_level_1", "political" ]
            },
            {
               "long_name" : "Canada",
               "short_name" : "CA",
               "types" : [ "country", "political" ]
            },
            {
               "long_name" : "H7R 6J3",
               "short_name" : "H7R 6J3",
               "types" : [ "postal_code" ]
            }
         ],
         "formatted_address" : "1271 Rue du Phare, Laval, QC H7R 6J3, Canada",
         "geometry" : {
            "location" : {
               "lat" : 45.57273499999999,
               "lng" : -73.849926
            },
            "location_type" : "ROOFTOP",
            "viewport" : {
               "northeast" : {
                  "lat" : 45.5740839802915,
                  "lng" : -73.8485770197085
               },
               "southwest" : {
                  "lat" : 45.5713860197085,
                  "lng" : -73.85127498029151
               }
            }
         },
         "place_id" : "ChIJdY34EbklyUwROrzV8ifG8zg",
         "types" : [ "street_address" ]
      }
   ],
   "status" : "OK"
}
