{
   "results" : [
      {
         "address_components" : [
            {
               "long_name" : "1276",
               "short_name" : "1276",
               "types" : [ "street_number" ]
            },
            {
               "long_name" : "Walkers Point Road",
               "short_name" : "Walkers Point Rd",
               "types" : [ "route" ]
            },
            {
               "long_name" : "Gravenhurst",
               "short_name" : "Gravenhurst",
               "types" : [ "locality", "political" ]
            },
            {
               "long_name" : "Muskoka Lakes",
               "short_name" : "Muskoka Lakes",
               "types" : [ "administrative_area_level_3", "political" ]
            },
            {
               "long_name" : "Muskoka District Municipality",
               "short_name" : "Muskoka District Municipality",
               "types" : [ "administrative_area_level_2", "political" ]
            },
            {
               "long_name" : "Ontario",
               "short_name" : "ON",
               "types" : [ "administrative_area_level_1", "political" ]
            },
            {
               "long_name" : "Canada",
               "short_name" : "CA",
               "types" : [ "country", "political" ]
            },
            {
               "long_name" : "P1P 1R2",
               "short_name" : "P1P 1R2",
               "types" : [ "postal_code" ]
            }
         ],
         "formatted_address" : "1276 Walkers Point Rd, Gravenhurst, ON P1P 1R2, Canada",
         "geometry" : {
            "location" : {
               "lat" : 45.0211619,
               "lng" : -79.488821
            },
            "location_type" : "ROOFTOP",
            "viewport" : {
               "northeast" : {
                  "lat" : 45.02251088029149,
                  "lng" : -79.48747201970849
               },
               "southwest" : {
                  "lat" : 45.0198129197085,
                  "lng" : -79.4901699802915
               }
            }
         },
         "place_id" : "ChIJrbpxJD6MKk0RJIIGPrV499g",
         "types" : [ "street_address" ]
      }
   ],
   "status" : "OK"
}
