{
   "results" : [
      {
         "address_components" : [
            {
               "long_name" : "128",
               "short_name" : "128",
               "types" : [ "street_number" ]
            },
            {
               "long_name" : "Chemin Taché",
               "short_name" : "Chemin Taché",
               "types" : [ "route" ]
            },
            {
               "long_name" : "District de Limbour",
               "short_name" : "District de Limbour",
               "types" : [ "neighborhood", "political" ]
            },
            {
               "long_name" : "Gatineau",
               "short_name" : "Gatineau",
               "types" : [ "locality", "political" ]
            },
            {
               "long_name" : "Communauté-Urbaine-de-l'Outaouais",
               "short_name" : "Communauté-Urbaine-de-l'Outaouais",
               "types" : [ "administrative_area_level_2", "political" ]
            },
            {
               "long_name" : "Québec",
               "short_name" : "QC",
               "types" : [ "administrative_area_level_1", "political" ]
            },
            {
               "long_name" : "Canada",
               "short_name" : "CA",
               "types" : [ "country", "political" ]
            },
            {
               "long_name" : "J8V 3N3",
               "short_name" : "J8V 3N3",
               "types" : [ "postal_code" ]
            }
         ],
         "formatted_address" : "128 Chemin Taché, Gatineau, QC J8V 3N3, Canada",
         "geometry" : {
            "location" : {
               "lat" : 45.5219365,
               "lng" : -75.7486675
            },
            "location_type" : "ROOFTOP",
            "viewport" : {
               "northeast" : {
                  "lat" : 45.5232854802915,
                  "lng" : -75.74731851970849
               },
               "southwest" : {
                  "lat" : 45.5205875197085,
                  "lng" : -75.75001648029149
               }
            }
         },
         "partial_match" : true,
         "place_id" : "ChIJ073ozrQdzkwRlXg93naEAVU",
         "types" : [ "street_address" ]
      }
   ],
   "status" : "OK"
}
