{
   "results" : [
      {
         "address_components" : [
            {
               "long_name" : "128",
               "short_name" : "128",
               "types" : [ "street_number" ]
            },
            {
               "long_name" : "Shaughnessy Place",
               "short_name" : "Shaughnessy Pl",
               "types" : [ "route" ]
            },
            {
               "long_name" : "Beechwood",
               "short_name" : "Beechwood",
               "types" : [ "neighborhood", "political" ]
            },
            {
               "long_name" : "Waterloo",
               "short_name" : "Waterloo",
               "types" : [ "locality", "political" ]
            },
            {
               "long_name" : "Waterloo Regional Municipality",
               "short_name" : "Waterloo Regional Municipality",
               "types" : [ "administrative_area_level_2", "political" ]
            },
            {
               "long_name" : "Ontario",
               "short_name" : "ON",
               "types" : [ "administrative_area_level_1", "political" ]
            },
            {
               "long_name" : "Canada",
               "short_name" : "CA",
               "types" : [ "country", "political" ]
            },
            {
               "long_name" : "N2T 1C8",
               "short_name" : "N2T 1C8",
               "types" : [ "postal_code" ]
            }
         ],
         "formatted_address" : "128 Shaughnessy Pl, Waterloo, ON N2T 1C8, Canada",
         "geometry" : {
            "location" : {
               "lat" : 43.4535288,
               "lng" : -80.5653215
            },
            "location_type" : "ROOFTOP",
            "viewport" : {
               "northeast" : {
                  "lat" : 43.4548777802915,
                  "lng" : -80.5639725197085
               },
               "southwest" : {
                  "lat" : 43.4521798197085,
                  "lng" : -80.56667048029151
               }
            }
         },
         "place_id" : "ChIJ85PPWZP2K4gRkEOzEqpPYbY",
         "types" : [ "street_address" ]
      }
   ],
   "status" : "OK"
}
