{
   "results" : [
      {
         "address_components" : [
            {
               "long_name" : "128",
               "short_name" : "128",
               "types" : [ "street_number" ]
            },
            {
               "long_name" : "William Street West",
               "short_name" : "William St W",
               "types" : [ "route" ]
            },
            {
               "long_name" : "Waterloo",
               "short_name" : "Waterloo",
               "types" : [ "locality", "political" ]
            },
            {
               "long_name" : "Waterloo Regional Municipality",
               "short_name" : "Waterloo Regional Municipality",
               "types" : [ "administrative_area_level_2", "political" ]
            },
            {
               "long_name" : "Ontario",
               "short_name" : "ON",
               "types" : [ "administrative_area_level_1", "political" ]
            },
            {
               "long_name" : "Canada",
               "short_name" : "CA",
               "types" : [ "country", "political" ]
            },
            {
               "long_name" : "N2L 1K1",
               "short_name" : "N2L 1K1",
               "types" : [ "postal_code" ]
            }
         ],
         "formatted_address" : "128 William St W, Waterloo, ON N2L 1K1, Canada",
         "geometry" : {
            "location" : {
               "lat" : 43.4572644,
               "lng" : -80.5272179
            },
            "location_type" : "ROOFTOP",
            "viewport" : {
               "northeast" : {
                  "lat" : 43.4586133802915,
                  "lng" : -80.52586891970849
               },
               "southwest" : {
                  "lat" : 43.4559154197085,
                  "lng" : -80.52856688029151
               }
            }
         },
         "place_id" : "ChIJj96HeBb0K4gRcZEBp2sAtcI",
         "types" : [ "street_address" ]
      }
   ],
   "status" : "OK"
}
