{
   "results" : [
      {
         "address_components" : [
            {
               "long_name" : "129",
               "short_name" : "129",
               "types" : [ "street_number" ]
            },
            {
               "long_name" : "Shea Crescent",
               "short_name" : "Shea Crescent",
               "types" : [ "route" ]
            },
            {
               "long_name" : "Laurentian Hills",
               "short_name" : "Laurentian Hills",
               "types" : [ "neighborhood", "political" ]
            },
            {
               "long_name" : "Kitchener",
               "short_name" : "Kitchener",
               "types" : [ "locality", "political" ]
            },
            {
               "long_name" : "Waterloo Regional Municipality",
               "short_name" : "Waterloo Regional Municipality",
               "types" : [ "administrative_area_level_2", "political" ]
            },
            {
               "long_name" : "Ontario",
               "short_name" : "ON",
               "types" : [ "administrative_area_level_1", "political" ]
            },
            {
               "long_name" : "Canada",
               "short_name" : "CA",
               "types" : [ "country", "political" ]
            },
            {
               "long_name" : "N2E 1E9",
               "short_name" : "N2E 1E9",
               "types" : [ "postal_code" ]
            }
         ],
         "formatted_address" : "129 Shea Crescent, Kitchener, ON N2E 1E9, Canada",
         "geometry" : {
            "location" : {
               "lat" : 43.4187511,
               "lng" : -80.4943602
            },
            "location_type" : "ROOFTOP",
            "viewport" : {
               "northeast" : {
                  "lat" : 43.4201000802915,
                  "lng" : -80.49301121970849
               },
               "southwest" : {
                  "lat" : 43.41740211970851,
                  "lng" : -80.49570918029151
               }
            }
         },
         "place_id" : "ChIJm9YL-wv1K4gR5rP8b2FB2ko",
         "types" : [ "street_address" ]
      }
   ],
   "status" : "OK"
}
