{
   "results" : [
      {
         "address_components" : [
            {
               "long_name" : "13",
               "short_name" : "13",
               "types" : [ "street_number" ]
            },
            {
               "long_name" : "Croatia Court",
               "short_name" : "Croatia Ct",
               "types" : [ "route" ]
            },
            {
               "long_name" : "Saint Thomas",
               "short_name" : "St. Thomas",
               "types" : [ "locality", "political" ]
            },
            {
               "long_name" : "Elgin County",
               "short_name" : "Elgin County",
               "types" : [ "administrative_area_level_2", "political" ]
            },
            {
               "long_name" : "Ontario",
               "short_name" : "ON",
               "types" : [ "administrative_area_level_1", "political" ]
            },
            {
               "long_name" : "Canada",
               "short_name" : "CA",
               "types" : [ "country", "political" ]
            },
            {
               "long_name" : "N5R 5P6",
               "short_name" : "N5R 5P6",
               "types" : [ "postal_code" ]
            }
         ],
         "formatted_address" : "13 Croatia Ct, St. Thomas, ON N5R 5P6, Canada",
         "geometry" : {
            "location" : {
               "lat" : 42.7696485,
               "lng" : -81.16465409999999
            },
            "location_type" : "ROOFTOP",
            "viewport" : {
               "northeast" : {
                  "lat" : 42.77099748029149,
                  "lng" : -81.16330511970848
               },
               "southwest" : {
                  "lat" : 42.7682995197085,
                  "lng" : -81.1660030802915
               }
            }
         },
         "place_id" : "ChIJbSc_7B1eLogRk5jDRWecdP0",
         "types" : [ "street_address" ]
      }
   ],
   "status" : "OK"
}
