{
   "results" : [
      {
         "address_components" : [
            {
               "long_name" : "13",
               "short_name" : "13",
               "types" : [ "street_number" ]
            },
            {
               "long_name" : "Kitimat Crescent",
               "short_name" : "Kitimat Crescent",
               "types" : [ "route" ]
            },
            {
               "long_name" : "Qualicum - Redwood Park",
               "short_name" : "Qualicum - Redwood Park",
               "types" : [ "neighborhood", "political" ]
            },
            {
               "long_name" : "Nepean",
               "short_name" : "Nepean",
               "types" : [ "sublocality_level_1", "sublocality", "political" ]
            },
            {
               "long_name" : "Ottawa",
               "short_name" : "Ottawa",
               "types" : [ "locality", "political" ]
            },
            {
               "long_name" : "Ottawa Division",
               "short_name" : "Ottawa Division",
               "types" : [ "administrative_area_level_2", "political" ]
            },
            {
               "long_name" : "Ontario",
               "short_name" : "ON",
               "types" : [ "administrative_area_level_1", "political" ]
            },
            {
               "long_name" : "Canada",
               "short_name" : "CA",
               "types" : [ "country", "political" ]
            },
            {
               "long_name" : "K2H 7G4",
               "short_name" : "K2H 7G4",
               "types" : [ "postal_code" ]
            }
         ],
         "formatted_address" : "13 Kitimat Crescent, Nepean, ON K2H 7G4, Canada",
         "geometry" : {
            "location" : {
               "lat" : 45.3399629,
               "lng" : -75.8026344
            },
            "location_type" : "ROOFTOP",
            "viewport" : {
               "northeast" : {
                  "lat" : 45.34131188029151,
                  "lng" : -75.80128541970851
               },
               "southwest" : {
                  "lat" : 45.33861391970851,
                  "lng" : -75.80398338029151
               }
            }
         },
         "place_id" : "ChIJBSjvB7gAzkwRIpC58XOf-AU",
         "types" : [ "street_address" ]
      }
   ],
   "status" : "OK"
}
