{
   "results" : [
      {
         "address_components" : [
            {
               "long_name" : "13",
               "short_name" : "13",
               "types" : [ "street_number" ]
            },
            {
               "long_name" : "Marion Crescent",
               "short_name" : "Marion Crescent",
               "types" : [ "route" ]
            },
            {
               "long_name" : "Dundas",
               "short_name" : "Dundas",
               "types" : [ "neighborhood", "political" ]
            },
            {
               "long_name" : "Hamilton",
               "short_name" : "Hamilton",
               "types" : [ "locality", "political" ]
            },
            {
               "long_name" : "Hamilton Division",
               "short_name" : "Hamilton Division",
               "types" : [ "administrative_area_level_2", "political" ]
            },
            {
               "long_name" : "Ontario",
               "short_name" : "ON",
               "types" : [ "administrative_area_level_1", "political" ]
            },
            {
               "long_name" : "Canada",
               "short_name" : "CA",
               "types" : [ "country", "political" ]
            },
            {
               "long_name" : "L9H 1H9",
               "short_name" : "L9H 1H9",
               "types" : [ "postal_code" ]
            }
         ],
         "formatted_address" : "13 Marion Crescent, Hamilton, ON L9H 1H9, Canada",
         "geometry" : {
            "bounds" : {
               "northeast" : {
                  "lat" : 43.27618,
                  "lng" : -79.9443637
               },
               "southwest" : {
                  "lat" : 43.2761666,
                  "lng" : -79.9443675
               }
            },
            "location" : {
               "lat" : 43.2761666,
               "lng" : -79.9443637
            },
            "location_type" : "RANGE_INTERPOLATED",
            "viewport" : {
               "northeast" : {
                  "lat" : 43.27752228029149,
                  "lng" : -79.94301661970849
               },
               "southwest" : {
                  "lat" : 43.27482431970849,
                  "lng" : -79.94571458029151
               }
            }
         },
         "partial_match" : true,
         "place_id" : "EjAxMyBNYXJpb24gQ3Jlc2NlbnQsIEhhbWlsdG9uLCBPTiBMOUggMUg5LCBDYW5hZGE",
         "types" : [ "street_address" ]
      }
   ],
   "status" : "OK"
}
