{
   "results" : [
      {
         "address_components" : [
            {
               "long_name" : "13",
               "short_name" : "13",
               "types" : [ "street_number" ]
            },
            {
               "long_name" : "Prince William Street",
               "short_name" : "Prince William St",
               "types" : [ "route" ]
            },
            {
               "long_name" : "Langton",
               "short_name" : "Langton",
               "types" : [ "locality", "political" ]
            },
            {
               "long_name" : "Norfolk County",
               "short_name" : "Norfolk County",
               "types" : [ "administrative_area_level_3", "political" ]
            },
            {
               "long_name" : "Norfolk County",
               "short_name" : "Norfolk County",
               "types" : [ "administrative_area_level_2", "political" ]
            },
            {
               "long_name" : "Ontario",
               "short_name" : "ON",
               "types" : [ "administrative_area_level_1", "political" ]
            },
            {
               "long_name" : "Canada",
               "short_name" : "CA",
               "types" : [ "country", "political" ]
            },
            {
               "long_name" : "N0E 1G0",
               "short_name" : "N0E 1G0",
               "types" : [ "postal_code" ]
            }
         ],
         "formatted_address" : "13 Prince William St, Langton, ON N0E 1G0, Canada",
         "geometry" : {
            "location" : {
               "lat" : 42.744708,
               "lng" : -80.5827228
            },
            "location_type" : "ROOFTOP",
            "viewport" : {
               "northeast" : {
                  "lat" : 42.7460569802915,
                  "lng" : -80.58137381970849
               },
               "southwest" : {
                  "lat" : 42.7433590197085,
                  "lng" : -80.5840717802915
               }
            }
         },
         "place_id" : "ChIJYbfYn1bMLYgRg4Ks89o-7lM",
         "types" : [ "street_address" ]
      }
   ],
   "status" : "OK"
}
