{
   "results" : [
      {
         "address_components" : [
            {
               "long_name" : "1315",
               "short_name" : "1315",
               "types" : [ "street_number" ]
            },
            {
               "long_name" : "Carlyle Road Southwest",
               "short_name" : "Carlyle Rd SW",
               "types" : [ "route" ]
            },
            {
               "long_name" : "Chinook Park",
               "short_name" : "Chinook Park",
               "types" : [ "neighborhood", "political" ]
            },
            {
               "long_name" : "Calgary",
               "short_name" : "Calgary",
               "types" : [ "locality", "political" ]
            },
            {
               "long_name" : "Division No. 6",
               "short_name" : "Division No. 6",
               "types" : [ "administrative_area_level_2", "political" ]
            },
            {
               "long_name" : "Alberta",
               "short_name" : "AB",
               "types" : [ "administrative_area_level_1", "political" ]
            },
            {
               "long_name" : "Canada",
               "short_name" : "CA",
               "types" : [ "country", "political" ]
            },
            {
               "long_name" : "T2V 2T9",
               "short_name" : "T2V 2T9",
               "types" : [ "postal_code" ]
            }
         ],
         "formatted_address" : "1315 Carlyle Rd SW, Calgary, AB T2V 2T9, Canada",
         "geometry" : {
            "location" : {
               "lat" : 50.982665,
               "lng" : -114.091887
            },
            "location_type" : "ROOFTOP",
            "viewport" : {
               "northeast" : {
                  "lat" : 50.9840139802915,
                  "lng" : -114.0905380197085
               },
               "southwest" : {
                  "lat" : 50.9813160197085,
                  "lng" : -114.0932359802915
               }
            }
         },
         "place_id" : "ChIJu20NHQ5xcVMRBPWCIC0-IzM",
         "types" : [ "street_address" ]
      }
   ],
   "status" : "OK"
}
