{
   "results" : [
      {
         "address_components" : [
            {
               "long_name" : "132",
               "short_name" : "132",
               "types" : [ "street_number" ]
            },
            {
               "long_name" : "Gray Street",
               "short_name" : "Gray St",
               "types" : [ "route" ]
            },
            {
               "long_name" : "Idlewood",
               "short_name" : "Idlewood",
               "types" : [ "neighborhood", "political" ]
            },
            {
               "long_name" : "Kitchener",
               "short_name" : "Kitchener",
               "types" : [ "locality", "political" ]
            },
            {
               "long_name" : "Waterloo Regional Municipality",
               "short_name" : "Waterloo Regional Municipality",
               "types" : [ "administrative_area_level_2", "political" ]
            },
            {
               "long_name" : "Ontario",
               "short_name" : "ON",
               "types" : [ "administrative_area_level_1", "political" ]
            },
            {
               "long_name" : "Canada",
               "short_name" : "CA",
               "types" : [ "country", "political" ]
            },
            {
               "long_name" : "N2A 3R1",
               "short_name" : "N2A 3R1",
               "types" : [ "postal_code" ]
            }
         ],
         "formatted_address" : "132 Gray St, Kitchener, ON N2A 3R1, Canada",
         "geometry" : {
            "location" : {
               "lat" : 43.4542693,
               "lng" : -80.4270566
            },
            "location_type" : "ROOFTOP",
            "viewport" : {
               "northeast" : {
                  "lat" : 43.4556182802915,
                  "lng" : -80.42570761970849
               },
               "southwest" : {
                  "lat" : 43.4529203197085,
                  "lng" : -80.4284055802915
               }
            }
         },
         "place_id" : "ChIJeVUuK2-LK4gRBKAWtouF9ro",
         "types" : [ "street_address" ]
      }
   ],
   "status" : "OK"
}
