{
   "results" : [
      {
         "address_components" : [
            {
               "long_name" : "1331",
               "short_name" : "1331",
               "types" : [ "street_number" ]
            },
            {
               "long_name" : "Bramblewood Street",
               "short_name" : "Bramblewood St",
               "types" : [ "route" ]
            },
            {
               "long_name" : "Byron",
               "short_name" : "Byron",
               "types" : [ "neighborhood", "political" ]
            },
            {
               "long_name" : "London",
               "short_name" : "London",
               "types" : [ "locality", "political" ]
            },
            {
               "long_name" : "Middlesex County",
               "short_name" : "Middlesex County",
               "types" : [ "administrative_area_level_2", "political" ]
            },
            {
               "long_name" : "Ontario",
               "short_name" : "ON",
               "types" : [ "administrative_area_level_1", "political" ]
            },
            {
               "long_name" : "Canada",
               "short_name" : "CA",
               "types" : [ "country", "political" ]
            },
            {
               "long_name" : "N6K 4X2",
               "short_name" : "N6K 4X2",
               "types" : [ "postal_code" ]
            }
         ],
         "formatted_address" : "1331 Bramblewood St, London, ON N6K 4X2, Canada",
         "geometry" : {
            "location" : {
               "lat" : 42.9355986,
               "lng" : -81.3361651
            },
            "location_type" : "ROOFTOP",
            "viewport" : {
               "northeast" : {
                  "lat" : 42.93694758029149,
                  "lng" : -81.33481611970849
               },
               "southwest" : {
                  "lat" : 42.9342496197085,
                  "lng" : -81.33751408029151
               }
            }
         },
         "place_id" : "ChIJg-pVW6bwLogR5y897o3DbA8",
         "types" : [ "street_address" ]
      }
   ],
   "status" : "OK"
}
