{
   "results" : [
      {
         "address_components" : [
            {
               "long_name" : "1336",
               "short_name" : "1336",
               "types" : [ "street_number" ]
            },
            {
               "long_name" : "7A Street Northwest",
               "short_name" : "7a St NW",
               "types" : [ "route" ]
            },
            {
               "long_name" : "Northwest Calgary",
               "short_name" : "Northwest Calgary",
               "types" : [ "neighborhood", "political" ]
            },
            {
               "long_name" : "Calgary",
               "short_name" : "Calgary",
               "types" : [ "locality", "political" ]
            },
            {
               "long_name" : "Division No. 6",
               "short_name" : "Division No. 6",
               "types" : [ "administrative_area_level_2", "political" ]
            },
            {
               "long_name" : "Alberta",
               "short_name" : "AB",
               "types" : [ "administrative_area_level_1", "political" ]
            },
            {
               "long_name" : "Canada",
               "short_name" : "CA",
               "types" : [ "country", "political" ]
            },
            {
               "long_name" : "T2M 3J6",
               "short_name" : "T2M 3J6",
               "types" : [ "postal_code" ]
            }
         ],
         "formatted_address" : "1336 7a St NW, Calgary, AB T2M 3J6, Canada",
         "geometry" : {
            "bounds" : {
               "northeast" : {
                  "lat" : 51.0636249,
                  "lng" : -114.0799217
               },
               "southwest" : {
                  "lat" : 51.0636249,
                  "lng" : -114.0799405
               }
            },
            "location" : {
               "lat" : 51.0636249,
               "lng" : -114.0799217
            },
            "location_type" : "RANGE_INTERPOLATED",
            "viewport" : {
               "northeast" : {
                  "lat" : 51.0649738802915,
                  "lng" : -114.0785821197085
               },
               "southwest" : {
                  "lat" : 51.0622759197085,
                  "lng" : -114.0812800802915
               }
            }
         },
         "place_id" : "EioxMzM2IDdhIFN0IE5XLCBDYWxnYXJ5LCBBQiBUMk0gM0o2LCBDYW5hZGE",
         "types" : [ "street_address" ]
      }
   ],
   "status" : "OK"
}
