{
   "results" : [
      {
         "address_components" : [
            {
               "long_name" : "1337",
               "short_name" : "1337",
               "types" : [ "street_number" ]
            },
            {
               "long_name" : "93 Avenue",
               "short_name" : "93 Ave",
               "types" : [ "route" ]
            },
            {
               "long_name" : "Dawson Creek",
               "short_name" : "Dawson Creek",
               "types" : [ "locality", "political" ]
            },
            {
               "long_name" : "Peace River",
               "short_name" : "Peace River",
               "types" : [ "administrative_area_level_2", "political" ]
            },
            {
               "long_name" : "British Columbia",
               "short_name" : "BC",
               "types" : [ "administrative_area_level_1", "political" ]
            },
            {
               "long_name" : "Canada",
               "short_name" : "CA",
               "types" : [ "country", "political" ]
            },
            {
               "long_name" : "V1G 1E5",
               "short_name" : "V1G 1E5",
               "types" : [ "postal_code" ]
            }
         ],
         "formatted_address" : "1337 93 Ave, Dawson Creek, BC V1G 1E5, Canada",
         "geometry" : {
            "location" : {
               "lat" : 55.769439,
               "lng" : -120.240673
            },
            "location_type" : "ROOFTOP",
            "viewport" : {
               "northeast" : {
                  "lat" : 55.7707879802915,
                  "lng" : -120.2393240197085
               },
               "southwest" : {
                  "lat" : 55.7680900197085,
                  "lng" : -120.2420219802915
               }
            }
         },
         "place_id" : "ChIJ7dUXqFqZkVMREzVGWngRngE",
         "types" : [ "street_address" ]
      }
   ],
   "status" : "OK"
}
