{
   "results" : [
      {
         "address_components" : [
            {
               "long_name" : "134",
               "short_name" : "134",
               "types" : [ "street_number" ]
            },
            {
               "long_name" : "Conestoga Street North",
               "short_name" : "Conestoga St N",
               "types" : [ "route" ]
            },
            {
               "long_name" : "Arthur",
               "short_name" : "Arthur",
               "types" : [ "sublocality_level_1", "sublocality", "political" ]
            },
            {
               "long_name" : "Wellington North",
               "short_name" : "Wellington North",
               "types" : [ "administrative_area_level_3", "political" ]
            },
            {
               "long_name" : "Wellington County",
               "short_name" : "Wellington County",
               "types" : [ "administrative_area_level_2", "political" ]
            },
            {
               "long_name" : "Ontario",
               "short_name" : "ON",
               "types" : [ "administrative_area_level_1", "political" ]
            },
            {
               "long_name" : "Canada",
               "short_name" : "CA",
               "types" : [ "country", "political" ]
            },
            {
               "long_name" : "N0G 1A0",
               "short_name" : "N0G 1A0",
               "types" : [ "postal_code" ]
            }
         ],
         "formatted_address" : "134 Conestoga St N, Arthur, ON N0G 1A0, Canada",
         "geometry" : {
            "location" : {
               "lat" : 43.83401,
               "lng" : -80.543339
            },
            "location_type" : "ROOFTOP",
            "viewport" : {
               "northeast" : {
                  "lat" : 43.8353589802915,
                  "lng" : -80.54199001970849
               },
               "southwest" : {
                  "lat" : 43.8326610197085,
                  "lng" : -80.5446879802915
               }
            }
         },
         "partial_match" : true,
         "place_id" : "ChIJs0b0jnXGK4gR3EkjyvKiINo",
         "types" : [ "street_address" ]
      }
   ],
   "status" : "OK"
}
