{
   "results" : [
      {
         "address_components" : [
            {
               "long_name" : "134",
               "short_name" : "134",
               "types" : [ "street_number" ]
            },
            {
               "long_name" : "Grant Boulevard",
               "short_name" : "Grant Blvd",
               "types" : [ "route" ]
            },
            {
               "long_name" : "Dundas",
               "short_name" : "Dundas",
               "types" : [ "neighborhood", "political" ]
            },
            {
               "long_name" : "Hamilton",
               "short_name" : "Hamilton",
               "types" : [ "locality", "political" ]
            },
            {
               "long_name" : "Hamilton Division",
               "short_name" : "Hamilton Division",
               "types" : [ "administrative_area_level_2", "political" ]
            },
            {
               "long_name" : "Ontario",
               "short_name" : "ON",
               "types" : [ "administrative_area_level_1", "political" ]
            },
            {
               "long_name" : "Canada",
               "short_name" : "CA",
               "types" : [ "country", "political" ]
            },
            {
               "long_name" : "L9H 6J4",
               "short_name" : "L9H 6J4",
               "types" : [ "postal_code" ]
            }
         ],
         "formatted_address" : "134 Grant Blvd, Dundas, ON L9H 6J4, Canada",
         "geometry" : {
            "location" : {
               "lat" : 43.2642798,
               "lng" : -79.92997129999999
            },
            "location_type" : "ROOFTOP",
            "viewport" : {
               "northeast" : {
                  "lat" : 43.2656287802915,
                  "lng" : -79.9286223197085
               },
               "southwest" : {
                  "lat" : 43.2629308197085,
                  "lng" : -79.9313202802915
               }
            }
         },
         "place_id" : "ChIJhQJTXK-ELIgRqd6M7a3aS88",
         "types" : [ "street_address" ]
      }
   ],
   "status" : "OK"
}
