{
   "results" : [
      {
         "address_components" : [
            {
               "long_name" : "134",
               "short_name" : "134",
               "types" : [ "street_number" ]
            },
            {
               "long_name" : "Odessa Avenue",
               "short_name" : "Odessa Ave",
               "types" : [ "route" ]
            },
            {
               "long_name" : "Highland",
               "short_name" : "Highland",
               "types" : [ "neighborhood", "political" ]
            },
            {
               "long_name" : "London",
               "short_name" : "London",
               "types" : [ "locality", "political" ]
            },
            {
               "long_name" : "Middlesex County",
               "short_name" : "Middlesex County",
               "types" : [ "administrative_area_level_2", "political" ]
            },
            {
               "long_name" : "Ontario",
               "short_name" : "ON",
               "types" : [ "administrative_area_level_1", "political" ]
            },
            {
               "long_name" : "Canada",
               "short_name" : "CA",
               "types" : [ "country", "political" ]
            },
            {
               "long_name" : "N6J 2Z8",
               "short_name" : "N6J 2Z8",
               "types" : [ "postal_code" ]
            }
         ],
         "formatted_address" : "134 Odessa Ave, London, ON N6J 2Z8, Canada",
         "geometry" : {
            "location" : {
               "lat" : 42.9554814,
               "lng" : -81.26998399999999
            },
            "location_type" : "ROOFTOP",
            "viewport" : {
               "northeast" : {
                  "lat" : 42.9568303802915,
                  "lng" : -81.26863501970848
               },
               "southwest" : {
                  "lat" : 42.9541324197085,
                  "lng" : -81.2713329802915
               }
            }
         },
         "place_id" : "ChIJe8lPtHXxLogRqK7q6EiLJLE",
         "types" : [ "street_address" ]
      }
   ],
   "status" : "OK"
}
