{
   "results" : [
      {
         "address_components" : [
            {
               "long_name" : "135",
               "short_name" : "135",
               "types" : [ "street_number" ]
            },
            {
               "long_name" : "Hesketh Street",
               "short_name" : "Hesketh St",
               "types" : [ "route" ]
            },
            {
               "long_name" : "Masonville",
               "short_name" : "Masonville",
               "types" : [ "neighborhood", "political" ]
            },
            {
               "long_name" : "London",
               "short_name" : "London",
               "types" : [ "locality", "political" ]
            },
            {
               "long_name" : "Middlesex County",
               "short_name" : "Middlesex County",
               "types" : [ "administrative_area_level_2", "political" ]
            },
            {
               "long_name" : "Ontario",
               "short_name" : "ON",
               "types" : [ "administrative_area_level_1", "political" ]
            },
            {
               "long_name" : "Canada",
               "short_name" : "CA",
               "types" : [ "country", "political" ]
            },
            {
               "long_name" : "N6G 5H5",
               "short_name" : "N6G 5H5",
               "types" : [ "postal_code" ]
            }
         ],
         "formatted_address" : "135 Hesketh St, London, ON N6G 5H5, Canada",
         "geometry" : {
            "location" : {
               "lat" : 43.0181013,
               "lng" : -81.2948885
            },
            "location_type" : "ROOFTOP",
            "viewport" : {
               "northeast" : {
                  "lat" : 43.0194502802915,
                  "lng" : -81.29353951970849
               },
               "southwest" : {
                  "lat" : 43.0167523197085,
                  "lng" : -81.29623748029151
               }
            }
         },
         "place_id" : "ChIJ1-FVo0ruLogRX67H5tbQxO4",
         "types" : [ "street_address" ]
      }
   ],
   "status" : "OK"
}
