{
   "results" : [
      {
         "address_components" : [
            {
               "long_name" : "135",
               "short_name" : "135",
               "types" : [ "street_number" ]
            },
            {
               "long_name" : "Valleyview Court Southeast",
               "short_name" : "Valleyview Ct SE",
               "types" : [ "route" ]
            },
            {
               "long_name" : "Southeast Calgary",
               "short_name" : "Southeast Calgary",
               "types" : [ "neighborhood", "political" ]
            },
            {
               "long_name" : "Calgary",
               "short_name" : "Calgary",
               "types" : [ "locality", "political" ]
            },
            {
               "long_name" : "Division No. 6",
               "short_name" : "Division No. 6",
               "types" : [ "administrative_area_level_2", "political" ]
            },
            {
               "long_name" : "Alberta",
               "short_name" : "AB",
               "types" : [ "administrative_area_level_1", "political" ]
            },
            {
               "long_name" : "Canada",
               "short_name" : "CA",
               "types" : [ "country", "political" ]
            },
            {
               "long_name" : "T2B 0K8",
               "short_name" : "T2B 0K8",
               "types" : [ "postal_code" ]
            }
         ],
         "formatted_address" : "135 Valleyview Ct SE, Calgary, AB T2B 0K8, Canada",
         "geometry" : {
            "bounds" : {
               "northeast" : {
                  "lat" : 51.0246331,
                  "lng" : -113.994244
               },
               "southwest" : {
                  "lat" : 51.0246213,
                  "lng" : -113.9942443
               }
            },
            "location" : {
               "lat" : 51.0246213,
               "lng" : -113.9942443
            },
            "location_type" : "RANGE_INTERPOLATED",
            "viewport" : {
               "northeast" : {
                  "lat" : 51.0259761802915,
                  "lng" : -113.9928951697085
               },
               "southwest" : {
                  "lat" : 51.0232782197085,
                  "lng" : -113.9955931302915
               }
            }
         },
         "partial_match" : true,
         "place_id" : "EjExMzUgVmFsbGV5dmlldyBDdCBTRSwgQ2FsZ2FyeSwgQUIgVDJCIDBLOCwgQ2FuYWRh",
         "types" : [ "street_address" ]
      }
   ],
   "status" : "OK"
}
