{
   "results" : [
      {
         "address_components" : [
            {
               "long_name" : "13612",
               "short_name" : "13612",
               "types" : [ "street_number" ]
            },
            {
               "long_name" : "23A Avenue",
               "short_name" : "23A Ave",
               "types" : [ "route" ]
            },
            {
               "long_name" : "Surrey",
               "short_name" : "Surrey",
               "types" : [ "locality", "political" ]
            },
            {
               "long_name" : "Greater Vancouver",
               "short_name" : "Greater Vancouver",
               "types" : [ "administrative_area_level_2", "political" ]
            },
            {
               "long_name" : "British Columbia",
               "short_name" : "BC",
               "types" : [ "administrative_area_level_1", "political" ]
            },
            {
               "long_name" : "Canada",
               "short_name" : "CA",
               "types" : [ "country", "political" ]
            },
            {
               "long_name" : "V4A",
               "short_name" : "V4A",
               "types" : [ "postal_code_prefix", "postal_code" ]
            }
         ],
         "formatted_address" : "13612 23A Ave, Surrey, BC V4A, Canada",
         "geometry" : {
            "location" : {
               "lat" : 49.0450127,
               "lng" : -122.845163
            },
            "location_type" : "ROOFTOP",
            "viewport" : {
               "northeast" : {
                  "lat" : 49.0463616802915,
                  "lng" : -122.8438140197085
               },
               "southwest" : {
                  "lat" : 49.0436637197085,
                  "lng" : -122.8465119802915
               }
            }
         },
         "partial_match" : true,
         "place_id" : "ChIJP6DNxEjDhVQRgl7Hinl9M4g",
         "types" : [ "street_address" ]
      },
      {
         "address_components" : [
            {
               "long_name" : "13612",
               "short_name" : "13612",
               "types" : [ "street_number" ]
            },
            {
               "long_name" : "23A Avenue",
               "short_name" : "23a Ave",
               "types" : [ "route" ]
            },
            {
               "long_name" : "Surrey",
               "short_name" : "Surrey",
               "types" : [ "locality", "political" ]
            },
            {
               "long_name" : "Greater Vancouver",
               "short_name" : "Greater Vancouver",
               "types" : [ "administrative_area_level_2", "political" ]
            },
            {
               "long_name" : "British Columbia",
               "short_name" : "BC",
               "types" : [ "administrative_area_level_1", "political" ]
            },
            {
               "long_name" : "Canada",
               "short_name" : "CA",
               "types" : [ "country", "political" ]
            },
            {
               "long_name" : "V4A 8S8",
               "short_name" : "V4A 8S8",
               "types" : [ "postal_code" ]
            }
         ],
         "formatted_address" : "13612 23a Ave, Surrey, BC V4A 8S8, Canada",
         "geometry" : {
            "bounds" : {
               "northeast" : {
                  "lat" : 49.0446692,
                  "lng" : -122.8039348
               },
               "southwest" : {
                  "lat" : 49.04465690000001,
                  "lng" : -122.803935
               }
            },
            "location" : {
               "lat" : 49.04465690000001,
               "lng" : -122.803935
            },
            "location_type" : "RANGE_INTERPOLATED",
            "viewport" : {
               "northeast" : {
                  "lat" : 49.04601203029151,
                  "lng" : -122.8025859197085
               },
               "southwest" : {
                  "lat" : 49.04331406970851,
                  "lng" : -122.8052838802915
               }
            }
         },
         "partial_match" : true,
         "place_id" : "EikxMzYxMiAyM2EgQXZlLCBTdXJyZXksIEJDIFY0QSA4UzgsIENhbmFkYQ",
         "types" : [ "street_address" ]
      },
      {
         "address_components" : [
            {
               "long_name" : "13612",
               "short_name" : "13612",
               "types" : [ "street_number" ]
            },
            {
               "long_name" : "23A Avenue",
               "short_name" : "23a Ave",
               "types" : [ "route" ]
            },
            {
               "long_name" : "Surrey",
               "short_name" : "Surrey",
               "types" : [ "locality", "political" ]
            },
            {
               "long_name" : "Greater Vancouver",
               "short_name" : "Greater Vancouver",
               "types" : [ "administrative_area_level_2", "political" ]
            },
            {
               "long_name" : "British Columbia",
               "short_name" : "BC",
               "types" : [ "administrative_area_level_1", "political" ]
            },
            {
               "long_name" : "Canada",
               "short_name" : "CA",
               "types" : [ "country", "political" ]
            },
            {
               "long_name" : "V4A 9X6",
               "short_name" : "V4A 9X6",
               "types" : [ "postal_code" ]
            }
         ],
         "formatted_address" : "13612 23a Ave, Surrey, BC V4A 9X6, Canada",
         "geometry" : {
            "bounds" : {
               "northeast" : {
                  "lat" : 49.0449703,
                  "lng" : -122.8764822
               },
               "southwest" : {
                  "lat" : 49.04496049999999,
                  "lng" : -122.8764934
               }
            },
            "location" : {
               "lat" : 49.04496049999999,
               "lng" : -122.8764822
            },
            "location_type" : "RANGE_INTERPOLATED",
            "viewport" : {
               "northeast" : {
                  "lat" : 49.04631438029149,
                  "lng" : -122.8751388197085
               },
               "southwest" : {
                  "lat" : 49.0436164197085,
                  "lng" : -122.8778367802915
               }
            }
         },
         "partial_match" : true,
         "place_id" : "EikxMzYxMiAyM2EgQXZlLCBTdXJyZXksIEJDIFY0QSA5WDYsIENhbmFkYQ",
         "types" : [ "street_address" ]
      },
      {
         "address_components" : [
            {
               "long_name" : "13612",
               "short_name" : "13612",
               "types" : [ "street_number" ]
            },
            {
               "long_name" : "23A Avenue",
               "short_name" : "23a Ave",
               "types" : [ "route" ]
            },
            {
               "long_name" : "Surrey",
               "short_name" : "Surrey",
               "types" : [ "locality", "political" ]
            },
            {
               "long_name" : "Greater Vancouver",
               "short_name" : "Greater Vancouver",
               "types" : [ "administrative_area_level_2", "political" ]
            },
            {
               "long_name" : "British Columbia",
               "short_name" : "BC",
               "types" : [ "administrative_area_level_1", "political" ]
            },
            {
               "long_name" : "Canada",
               "short_name" : "CA",
               "types" : [ "country", "political" ]
            },
            {
               "long_name" : "V4A 9Z3",
               "short_name" : "V4A 9Z3",
               "types" : [ "postal_code" ]
            }
         ],
         "formatted_address" : "13612 23a Ave, Surrey, BC V4A 9Z3, Canada",
         "geometry" : {
            "bounds" : {
               "northeast" : {
                  "lat" : 49.0448347,
                  "lng" : -122.7884155
               },
               "southwest" : {
                  "lat" : 49.0448223,
                  "lng" : -122.7884157
               }
            },
            "location" : {
               "lat" : 49.0448223,
               "lng" : -122.7884157
            },
            "location_type" : "RANGE_INTERPOLATED",
            "viewport" : {
               "northeast" : {
                  "lat" : 49.0461774802915,
                  "lng" : -122.7870666197085
               },
               "southwest" : {
                  "lat" : 49.0434795197085,
                  "lng" : -122.7897645802915
               }
            }
         },
         "partial_match" : true,
         "place_id" : "EikxMzYxMiAyM2EgQXZlLCBTdXJyZXksIEJDIFY0QSA5WjMsIENhbmFkYQ",
         "types" : [ "street_address" ]
      },
      {
         "address_components" : [
            {
               "long_name" : "13612",
               "short_name" : "13612",
               "types" : [ "street_number" ]
            },
            {
               "long_name" : "23 Avenue",
               "short_name" : "23 Ave",
               "types" : [ "route" ]
            },
            {
               "long_name" : "Surrey",
               "short_name" : "Surrey",
               "types" : [ "locality", "political" ]
            },
            {
               "long_name" : "Greater Vancouver",
               "short_name" : "Greater Vancouver",
               "types" : [ "administrative_area_level_2", "political" ]
            },
            {
               "long_name" : "British Columbia",
               "short_name" : "BC",
               "types" : [ "administrative_area_level_1", "political" ]
            },
            {
               "long_name" : "Canada",
               "short_name" : "CA",
               "types" : [ "country", "political" ]
            },
            {
               "long_name" : "V4A",
               "short_name" : "V4A",
               "types" : [ "postal_code_prefix", "postal_code" ]
            }
         ],
         "formatted_address" : "13612 23 Ave, Surrey, BC V4A, Canada",
         "geometry" : {
            "bounds" : {
               "northeast" : {
                  "lat" : 49.0442587,
                  "lng" : -122.8610714
               },
               "southwest" : {
                  "lat" : 49.04424640000001,
                  "lng" : -122.8610717
               }
            },
            "location" : {
               "lat" : 49.04424640000001,
               "lng" : -122.8610717
            },
            "location_type" : "RANGE_INTERPOLATED",
            "viewport" : {
               "northeast" : {
                  "lat" : 49.04560153029151,
                  "lng" : -122.8597225697085
               },
               "southwest" : {
                  "lat" : 49.04290356970851,
                  "lng" : -122.8624205302915
               }
            }
         },
         "partial_match" : true,
         "place_id" : "EiQxMzYxMiAyMyBBdmUsIFN1cnJleSwgQkMgVjRBLCBDYW5hZGE",
         "types" : [ "street_address" ]
      },
      {
         "address_components" : [
            {
               "long_name" : "13612",
               "short_name" : "13612",
               "types" : [ "street_number" ]
            },
            {
               "long_name" : "23 Avenue",
               "short_name" : "23 Ave",
               "types" : [ "route" ]
            },
            {
               "long_name" : "Surrey",
               "short_name" : "Surrey",
               "types" : [ "locality", "political" ]
            },
            {
               "long_name" : "Greater Vancouver",
               "short_name" : "Greater Vancouver",
               "types" : [ "administrative_area_level_2", "political" ]
            },
            {
               "long_name" : "British Columbia",
               "short_name" : "BC",
               "types" : [ "administrative_area_level_1", "political" ]
            },
            {
               "long_name" : "Canada",
               "short_name" : "CA",
               "types" : [ "country", "political" ]
            },
            {
               "long_name" : "V4A 9X2",
               "short_name" : "V4A 9X2",
               "types" : [ "postal_code" ]
            }
         ],
         "formatted_address" : "13612 23 Ave, Surrey, BC V4A 9X2, Canada",
         "geometry" : {
            "bounds" : {
               "northeast" : {
                  "lat" : 49.0437404,
                  "lng" : -122.8106264
               },
               "southwest" : {
                  "lat" : 49.043731,
                  "lng" : -122.8106385
               }
            },
            "location" : {
               "lat" : 49.043731,
               "lng" : -122.8106264
            },
            "location_type" : "RANGE_INTERPOLATED",
            "viewport" : {
               "northeast" : {
                  "lat" : 49.0450846802915,
                  "lng" : -122.8092834697085
               },
               "southwest" : {
                  "lat" : 49.0423867197085,
                  "lng" : -122.8119814302915
               }
            }
         },
         "partial_match" : true,
         "place_id" : "EigxMzYxMiAyMyBBdmUsIFN1cnJleSwgQkMgVjRBIDlYMiwgQ2FuYWRh",
         "types" : [ "street_address" ]
      }
   ],
   "status" : "OK"
}
