{
   "results" : [
      {
         "address_components" : [
            {
               "long_name" : "137",
               "short_name" : "137",
               "types" : [ "street_number" ]
            },
            {
               "long_name" : "Avenue Ballantyne Sud",
               "short_name" : "Avenue Ballantyne S",
               "types" : [ "route" ]
            },
            {
               "long_name" : "Montréal-Ouest",
               "short_name" : "Montréal-Ouest",
               "types" : [ "locality", "political" ]
            },
            {
               "long_name" : "Communauté-Urbaine-de-Montréal",
               "short_name" : "Communauté-Urbaine-de-Montréal",
               "types" : [ "administrative_area_level_2", "political" ]
            },
            {
               "long_name" : "Québec",
               "short_name" : "QC",
               "types" : [ "administrative_area_level_1", "political" ]
            },
            {
               "long_name" : "Canada",
               "short_name" : "CA",
               "types" : [ "country", "political" ]
            },
            {
               "long_name" : "H4X 2B4",
               "short_name" : "H4X 2B4",
               "types" : [ "postal_code" ]
            }
         ],
         "formatted_address" : "137 Avenue Ballantyne S, Montréal-Ouest, QC H4X 2B4, Canada",
         "geometry" : {
            "bounds" : {
               "northeast" : {
                  "lat" : 45.451015,
                  "lng" : -73.6393444
               },
               "southwest" : {
                  "lat" : 45.4510035,
                  "lng" : -73.6393537
               }
            },
            "location" : {
               "lat" : 45.451015,
               "lng" : -73.6393444
            },
            "location_type" : "RANGE_INTERPOLATED",
            "viewport" : {
               "northeast" : {
                  "lat" : 45.4523582302915,
                  "lng" : -73.63800006970848
               },
               "southwest" : {
                  "lat" : 45.4496602697085,
                  "lng" : -73.6406980302915
               }
            }
         },
         "partial_match" : true,
         "place_id" : "EjwxMzcgQXZlbnVlIEJhbGxhbnR5bmUgUywgTW9udHLDqWFsLU91ZXN0LCBRQyBINFggMkI0LCBDYW5hZGE",
         "types" : [ "street_address" ]
      }
   ],
   "status" : "OK"
}
