{
   "results" : [
      {
         "address_components" : [
            {
               "long_name" : "137",
               "short_name" : "137",
               "types" : [ "street_number" ]
            },
            {
               "long_name" : "Sexton Crescent",
               "short_name" : "Sexton Crescent",
               "types" : [ "route" ]
            },
            {
               "long_name" : "Hillcrest Village",
               "short_name" : "Hillcrest Village",
               "types" : [ "neighborhood", "political" ]
            },
            {
               "long_name" : "North York",
               "short_name" : "North York",
               "types" : [ "sublocality_level_1", "sublocality", "political" ]
            },
            {
               "long_name" : "Toronto",
               "short_name" : "Toronto",
               "types" : [ "locality", "political" ]
            },
            {
               "long_name" : "Toronto Division",
               "short_name" : "Toronto Division",
               "types" : [ "administrative_area_level_2", "political" ]
            },
            {
               "long_name" : "Ontario",
               "short_name" : "ON",
               "types" : [ "administrative_area_level_1", "political" ]
            },
            {
               "long_name" : "Canada",
               "short_name" : "CA",
               "types" : [ "country", "political" ]
            },
            {
               "long_name" : "M2H 2L7",
               "short_name" : "M2H 2L7",
               "types" : [ "postal_code" ]
            }
         ],
         "formatted_address" : "137 Sexton Crescent, North York, ON M2H 2L7, Canada",
         "geometry" : {
            "location" : {
               "lat" : 43.8013488,
               "lng" : -79.34670269999999
            },
            "location_type" : "ROOFTOP",
            "viewport" : {
               "northeast" : {
                  "lat" : 43.8026977802915,
                  "lng" : -79.3453537197085
               },
               "southwest" : {
                  "lat" : 43.7999998197085,
                  "lng" : -79.3480516802915
               }
            }
         },
         "place_id" : "ChIJ-wkx4hHT1IkRQz31W6fSzuI",
         "types" : [ "street_address" ]
      }
   ],
   "status" : "OK"
}
