{
   "results" : [
      {
         "address_components" : [
            {
               "long_name" : "605",
               "short_name" : "605",
               "types" : [ "subpremise" ]
            },
            {
               "long_name" : "1370",
               "short_name" : "1370",
               "types" : [ "street_number" ]
            },
            {
               "long_name" : "Duchess Avenue",
               "short_name" : "Duchess Ave",
               "types" : [ "route" ]
            },
            {
               "long_name" : "West Vancouver",
               "short_name" : "West Vancouver",
               "types" : [ "locality", "political" ]
            },
            {
               "long_name" : "West Vancouver",
               "short_name" : "West Vancouver",
               "types" : [ "administrative_area_level_3", "political" ]
            },
            {
               "long_name" : "Greater Vancouver",
               "short_name" : "Greater Vancouver",
               "types" : [ "administrative_area_level_2", "political" ]
            },
            {
               "long_name" : "British Columbia",
               "short_name" : "BC",
               "types" : [ "administrative_area_level_1", "political" ]
            },
            {
               "long_name" : "Canada",
               "short_name" : "CA",
               "types" : [ "country", "political" ]
            },
            {
               "long_name" : "V7T 1H6",
               "short_name" : "V7T 1H6",
               "types" : [ "postal_code" ]
            }
         ],
         "formatted_address" : "1370 Duchess Ave #605, West Vancouver, BC V7T 1H6, Canada",
         "geometry" : {
            "location" : {
               "lat" : 49.329528,
               "lng" : -123.153335
            },
            "location_type" : "ROOFTOP",
            "viewport" : {
               "northeast" : {
                  "lat" : 49.33087698029149,
                  "lng" : -123.1519860197085
               },
               "southwest" : {
                  "lat" : 49.32817901970849,
                  "lng" : -123.1546839802915
               }
            }
         },
         "place_id" : "EjkxMzcwIER1Y2hlc3MgQXZlICM2MDUsIFdlc3QgVmFuY291dmVyLCBCQyBWN1QgMUg2LCBDYW5hZGE",
         "types" : [ "subpremise" ]
      }
   ],
   "status" : "OK"
}
