{
   "results" : [
      {
         "address_components" : [
            {
               "long_name" : "1370",
               "short_name" : "1370",
               "types" : [ "street_number" ]
            },
            {
               "long_name" : "Rue Dubeau",
               "short_name" : "Rue Dubeau",
               "types" : [ "route" ]
            },
            {
               "long_name" : "Laval",
               "short_name" : "Laval",
               "types" : [ "locality", "political" ]
            },
            {
               "long_name" : "Laval",
               "short_name" : "Laval",
               "types" : [ "administrative_area_level_2", "political" ]
            },
            {
               "long_name" : "Québec",
               "short_name" : "QC",
               "types" : [ "administrative_area_level_1", "political" ]
            },
            {
               "long_name" : "Canada",
               "short_name" : "CA",
               "types" : [ "country", "political" ]
            },
            {
               "long_name" : "H7W 5N1",
               "short_name" : "H7W 5N1",
               "types" : [ "postal_code" ]
            }
         ],
         "formatted_address" : "1370 Rue Dubeau, Laval, QC H7W 5N1, Canada",
         "geometry" : {
            "location" : {
               "lat" : 45.5422804,
               "lng" : -73.7846701
            },
            "location_type" : "ROOFTOP",
            "viewport" : {
               "northeast" : {
                  "lat" : 45.5436293802915,
                  "lng" : -73.7833211197085
               },
               "southwest" : {
                  "lat" : 45.5409314197085,
                  "lng" : -73.78601908029151
               }
            }
         },
         "place_id" : "ChIJC8hPHnojyUwRY599HeEAlYA",
         "types" : [ "street_address" ]
      }
   ],
   "status" : "OK"
}
