{
   "results" : [
      {
         "address_components" : [
            {
               "long_name" : "Mannheim Road",
               "short_name" : "Mannheim Rd",
               "types" : [ "route" ]
            },
            {
               "long_name" : "Petersburg",
               "short_name" : "Petersburg",
               "types" : [ "locality", "political" ]
            },
            {
               "long_name" : "Wilmot",
               "short_name" : "Wilmot",
               "types" : [ "administrative_area_level_3", "political" ]
            },
            {
               "long_name" : "Waterloo Regional Municipality",
               "short_name" : "Waterloo Regional Municipality",
               "types" : [ "administrative_area_level_2", "political" ]
            },
            {
               "long_name" : "Ontario",
               "short_name" : "ON",
               "types" : [ "administrative_area_level_1", "political" ]
            },
            {
               "long_name" : "Canada",
               "short_name" : "CA",
               "types" : [ "country", "political" ]
            },
            {
               "long_name" : "N0B 2H0",
               "short_name" : "N0B 2H0",
               "types" : [ "postal_code" ]
            }
         ],
         "formatted_address" : "Mannheim Rd, Petersburg, ON N0B 2H0, Canada",
         "geometry" : {
            "bounds" : {
               "northeast" : {
                  "lat" : 43.39821250000001,
                  "lng" : -80.528429
               },
               "southwest" : {
                  "lat" : 43.3755505,
                  "lng" : -80.5459003
               }
            },
            "location" : {
               "lat" : 43.38498449999999,
               "lng" : -80.53913539999999
            },
            "location_type" : "GEOMETRIC_CENTER",
            "viewport" : {
               "northeast" : {
                  "lat" : 43.39821250000001,
                  "lng" : -80.528429
               },
               "southwest" : {
                  "lat" : 43.3755505,
                  "lng" : -80.5459003
               }
            }
         },
         "partial_match" : true,
         "place_id" : "ChIJL54BdhsKLIgRa-CWeyriI04",
         "types" : [ "route" ]
      }
   ],
   "status" : "OK"
}
