{
   "results" : [
      {
         "address_components" : [
            {
               "long_name" : "138",
               "short_name" : "138",
               "types" : [ "street_number" ]
            },
            {
               "long_name" : "Roxborough Drive",
               "short_name" : "Roxborough Dr",
               "types" : [ "route" ]
            },
            {
               "long_name" : "Midtown Toronto",
               "short_name" : "Midtown Toronto",
               "types" : [ "neighborhood", "political" ]
            },
            {
               "long_name" : "Old Toronto",
               "short_name" : "Old Toronto",
               "types" : [ "sublocality_level_1", "sublocality", "political" ]
            },
            {
               "long_name" : "Toronto",
               "short_name" : "Toronto",
               "types" : [ "locality", "political" ]
            },
            {
               "long_name" : "Toronto Division",
               "short_name" : "Toronto Division",
               "types" : [ "administrative_area_level_2", "political" ]
            },
            {
               "long_name" : "Ontario",
               "short_name" : "ON",
               "types" : [ "administrative_area_level_1", "political" ]
            },
            {
               "long_name" : "Canada",
               "short_name" : "CA",
               "types" : [ "country", "political" ]
            },
            {
               "long_name" : "M4W 1X4",
               "short_name" : "M4W 1X4",
               "types" : [ "postal_code" ]
            }
         ],
         "formatted_address" : "138 Roxborough Dr, Toronto, ON M4W 1X4, Canada",
         "geometry" : {
            "location" : {
               "lat" : 43.6835665,
               "lng" : -79.37428849999999
            },
            "location_type" : "ROOFTOP",
            "viewport" : {
               "northeast" : {
                  "lat" : 43.6849154802915,
                  "lng" : -79.3729395197085
               },
               "southwest" : {
                  "lat" : 43.6822175197085,
                  "lng" : -79.3756374802915
               }
            }
         },
         "place_id" : "ChIJUQhhhK7M1IkR7-wV9vjAVZ8",
         "types" : [ "street_address" ]
      }
   ],
   "status" : "OK"
}
