{
   "results" : [
      {
         "address_components" : [
            {
               "long_name" : "1382",
               "short_name" : "1382",
               "types" : [ "street_number" ]
            },
            {
               "long_name" : "East 10th Avenue",
               "short_name" : "E 10th Ave",
               "types" : [ "route" ]
            },
            {
               "long_name" : "East Side",
               "short_name" : "East Side",
               "types" : [ "neighborhood", "political" ]
            },
            {
               "long_name" : "Vancouver",
               "short_name" : "Vancouver",
               "types" : [ "locality", "political" ]
            },
            {
               "long_name" : "Greater Vancouver",
               "short_name" : "Greater Vancouver",
               "types" : [ "administrative_area_level_2", "political" ]
            },
            {
               "long_name" : "British Columbia",
               "short_name" : "BC",
               "types" : [ "administrative_area_level_1", "political" ]
            },
            {
               "long_name" : "Canada",
               "short_name" : "CA",
               "types" : [ "country", "political" ]
            },
            {
               "long_name" : "V5N 1X4",
               "short_name" : "V5N 1X4",
               "types" : [ "postal_code" ]
            }
         ],
         "formatted_address" : "1382 E 10th Ave, Vancouver, BC V5N 1X4, Canada",
         "geometry" : {
            "bounds" : {
               "northeast" : {
                  "lat" : 49.26143889999999,
                  "lng" : -123.0757151
               },
               "southwest" : {
                  "lat" : 49.2614267,
                  "lng" : -123.0757151
               }
            },
            "location" : {
               "lat" : 49.2614267,
               "lng" : -123.0757151
            },
            "location_type" : "RANGE_INTERPOLATED",
            "viewport" : {
               "northeast" : {
                  "lat" : 49.2627817802915,
                  "lng" : -123.0743661197085
               },
               "southwest" : {
                  "lat" : 49.2600838197085,
                  "lng" : -123.0770640802915
               }
            }
         },
         "partial_match" : true,
         "place_id" : "Ei4xMzgyIEUgMTB0aCBBdmUsIFZhbmNvdXZlciwgQkMgVjVOIDFYNCwgQ2FuYWRh",
         "types" : [ "street_address" ]
      }
   ],
   "status" : "OK"
}
