{
   "results" : [
      {
         "address_components" : [
            {
               "long_name" : "139",
               "short_name" : "139",
               "types" : [ "street_number" ]
            },
            {
               "long_name" : "Garafraxa Street East",
               "short_name" : "Garafraxa St E",
               "types" : [ "route" ]
            },
            {
               "long_name" : "Fergus",
               "short_name" : "Fergus",
               "types" : [ "locality", "political" ]
            },
            {
               "long_name" : "Centre Wellington",
               "short_name" : "Centre Wellington",
               "types" : [ "administrative_area_level_3", "political" ]
            },
            {
               "long_name" : "Wellington County",
               "short_name" : "Wellington County",
               "types" : [ "administrative_area_level_2", "political" ]
            },
            {
               "long_name" : "Ontario",
               "short_name" : "ON",
               "types" : [ "administrative_area_level_1", "political" ]
            },
            {
               "long_name" : "Canada",
               "short_name" : "CA",
               "types" : [ "country", "political" ]
            },
            {
               "long_name" : "N1M 1C9",
               "short_name" : "N1M 1C9",
               "types" : [ "postal_code" ]
            }
         ],
         "formatted_address" : "139 Garafraxa St E, Fergus, ON N1M 1C9, Canada",
         "geometry" : {
            "location" : {
               "lat" : 43.708201,
               "lng" : -80.3816171
            },
            "location_type" : "ROOFTOP",
            "viewport" : {
               "northeast" : {
                  "lat" : 43.70954998029149,
                  "lng" : -80.3802681197085
               },
               "southwest" : {
                  "lat" : 43.7068520197085,
                  "lng" : -80.38296608029151
               }
            }
         },
         "partial_match" : true,
         "place_id" : "ChIJOZrqbhO-K4gRX2l2w0mrFCU",
         "types" : [ "street_address" ]
      }
   ],
   "status" : "OK"
}
