{
   "results" : [
      {
         "address_components" : [
            {
               "long_name" : "1392",
               "short_name" : "1392",
               "types" : [ "street_number" ]
            },
            {
               "long_name" : "Boulevard Saint Charles",
               "short_name" : "Boulevard St Charles",
               "types" : [ "route" ]
            },
            {
               "long_name" : "Saint-Charles-de-Drummond",
               "short_name" : "Saint-Charles-de-Drummond",
               "types" : [ "sublocality_level_1", "sublocality", "political" ]
            },
            {
               "long_name" : "Saint-Charles-de-Drummond",
               "short_name" : "Saint-Charles-de-Drummond",
               "types" : [ "administrative_area_level_3", "political" ]
            },
            {
               "long_name" : "Drummond",
               "short_name" : "Drummond",
               "types" : [ "administrative_area_level_2", "political" ]
            },
            {
               "long_name" : "Québec",
               "short_name" : "QC",
               "types" : [ "administrative_area_level_1", "political" ]
            },
            {
               "long_name" : "Canada",
               "short_name" : "CA",
               "types" : [ "country", "political" ]
            },
            {
               "long_name" : "J2C 4Z5",
               "short_name" : "J2C 4Z5",
               "types" : [ "postal_code" ]
            }
         ],
         "formatted_address" : "1392 Boulevard St Charles, Saint-Charles-de-Drummond, QC J2C 4Z5, Canada",
         "geometry" : {
            "location" : {
               "lat" : 45.9015223,
               "lng" : -72.46223549999999
            },
            "location_type" : "ROOFTOP",
            "viewport" : {
               "northeast" : {
                  "lat" : 45.90287128029149,
                  "lng" : -72.4608865197085
               },
               "southwest" : {
                  "lat" : 45.90017331970849,
                  "lng" : -72.4635844802915
               }
            }
         },
         "place_id" : "ChIJYctBzKIRyEwR_mRv-ZOJgx8",
         "types" : [ "street_address" ]
      }
   ],
   "status" : "OK"
}
