{
   "results" : [
      {
         "address_components" : [
            {
               "long_name" : "14",
               "short_name" : "14",
               "types" : [ "street_number" ]
            },
            {
               "long_name" : "Angels Road",
               "short_name" : "Angels Rd",
               "types" : [ "route" ]
            },
            {
               "long_name" : "Paradise",
               "short_name" : "Paradise",
               "types" : [ "locality", "political" ]
            },
            {
               "long_name" : "Division No. 1",
               "short_name" : "Division No. 1",
               "types" : [ "administrative_area_level_2", "political" ]
            },
            {
               "long_name" : "Newfoundland and Labrador",
               "short_name" : "NL",
               "types" : [ "administrative_area_level_1", "political" ]
            },
            {
               "long_name" : "Canada",
               "short_name" : "CA",
               "types" : [ "country", "political" ]
            },
            {
               "long_name" : "A1L 2C2",
               "short_name" : "A1L 2C2",
               "types" : [ "postal_code" ]
            }
         ],
         "formatted_address" : "14 Angels Rd, Paradise, NL A1L 2C2, Canada",
         "geometry" : {
            "bounds" : {
               "northeast" : {
                  "lat" : 47.5172714,
                  "lng" : -52.9040275
               },
               "southwest" : {
                  "lat" : 47.5172627,
                  "lng" : -52.9040411
               }
            },
            "location" : {
               "lat" : 47.5172714,
               "lng" : -52.9040411
            },
            "location_type" : "RANGE_INTERPOLATED",
            "viewport" : {
               "northeast" : {
                  "lat" : 47.5186160302915,
                  "lng" : -52.9026853197085
               },
               "southwest" : {
                  "lat" : 47.5159180697085,
                  "lng" : -52.9053832802915
               }
            }
         },
         "partial_match" : true,
         "place_id" : "EioxNCBBbmdlbHMgUmQsIFBhcmFkaXNlLCBOTCBBMUwgMkMyLCBDYW5hZGE",
         "types" : [ "street_address" ]
      }
   ],
   "status" : "OK"
}
