{
   "results" : [
      {
         "address_components" : [
            {
               "long_name" : "14",
               "short_name" : "14",
               "types" : [ "street_number" ]
            },
            {
               "long_name" : "Black Maple Crescent",
               "short_name" : "Black Maple Crescent",
               "types" : [ "route" ]
            },
            {
               "long_name" : "Pioneer Tower West",
               "short_name" : "Pioneer Tower West",
               "types" : [ "neighborhood", "political" ]
            },
            {
               "long_name" : "Kitchener",
               "short_name" : "Kitchener",
               "types" : [ "locality", "political" ]
            },
            {
               "long_name" : "Waterloo Regional Municipality",
               "short_name" : "Waterloo Regional Municipality",
               "types" : [ "administrative_area_level_2", "political" ]
            },
            {
               "long_name" : "Ontario",
               "short_name" : "ON",
               "types" : [ "administrative_area_level_1", "political" ]
            },
            {
               "long_name" : "Canada",
               "short_name" : "CA",
               "types" : [ "country", "political" ]
            },
            {
               "long_name" : "N2P 2W7",
               "short_name" : "N2P 2W7",
               "types" : [ "postal_code" ]
            }
         ],
         "formatted_address" : "14 Black Maple Crescent, Kitchener, ON N2P 2W7, Canada",
         "geometry" : {
            "location" : {
               "lat" : 43.4031715,
               "lng" : -80.4229088
            },
            "location_type" : "ROOFTOP",
            "viewport" : {
               "northeast" : {
                  "lat" : 43.4045204802915,
                  "lng" : -80.42155981970849
               },
               "southwest" : {
                  "lat" : 43.4018225197085,
                  "lng" : -80.42425778029151
               }
            }
         },
         "place_id" : "ChIJKRot85GKK4gRj0IGQ-aoyq0",
         "types" : [ "street_address" ]
      }
   ],
   "status" : "OK"
}
