{
   "results" : [
      {
         "address_components" : [
            {
               "long_name" : "14",
               "short_name" : "14",
               "types" : [ "street_number" ]
            },
            {
               "long_name" : "Blakley Avenue",
               "short_name" : "Blakley Ave",
               "types" : [ "route" ]
            },
            {
               "long_name" : "Rockcliffe - Smythe",
               "short_name" : "Rockcliffe - Smythe",
               "types" : [ "neighborhood", "political" ]
            },
            {
               "long_name" : "York",
               "short_name" : "York",
               "types" : [ "sublocality_level_1", "sublocality", "political" ]
            },
            {
               "long_name" : "Toronto",
               "short_name" : "Toronto",
               "types" : [ "locality", "political" ]
            },
            {
               "long_name" : "Toronto Division",
               "short_name" : "Toronto Division",
               "types" : [ "administrative_area_level_2", "political" ]
            },
            {
               "long_name" : "Ontario",
               "short_name" : "ON",
               "types" : [ "administrative_area_level_1", "political" ]
            },
            {
               "long_name" : "Canada",
               "short_name" : "CA",
               "types" : [ "country", "political" ]
            },
            {
               "long_name" : "M6N 3Y5",
               "short_name" : "M6N 3Y5",
               "types" : [ "postal_code" ]
            }
         ],
         "formatted_address" : "14 Blakley Ave, York, ON M6N 3Y5, Canada",
         "geometry" : {
            "location" : {
               "lat" : 43.6718376,
               "lng" : -79.48120569999999
            },
            "location_type" : "ROOFTOP",
            "viewport" : {
               "northeast" : {
                  "lat" : 43.6731865802915,
                  "lng" : -79.47985671970849
               },
               "southwest" : {
                  "lat" : 43.6704886197085,
                  "lng" : -79.4825546802915
               }
            }
         },
         "place_id" : "ChIJaeSSTqM2K4gRudDqmvGjTPw",
         "types" : [ "street_address" ]
      }
   ],
   "status" : "OK"
}
