{
   "results" : [
      {
         "address_components" : [
            {
               "long_name" : "H9W 2S2",
               "short_name" : "H9W 2S2",
               "types" : [ "postal_code" ]
            },
            {
               "long_name" : "Beaconsfield",
               "short_name" : "Beaconsfield",
               "types" : [ "locality", "political" ]
            },
            {
               "long_name" : "Montreal",
               "short_name" : "Montreal",
               "types" : [ "administrative_area_level_2", "political" ]
            },
            {
               "long_name" : "Québec",
               "short_name" : "QC",
               "types" : [ "administrative_area_level_1", "political" ]
            },
            {
               "long_name" : "Canada",
               "short_name" : "CA",
               "types" : [ "country", "political" ]
            }
         ],
         "formatted_address" : "Beaconsfield, QC H9W 2S2, Canada",
         "geometry" : {
            "bounds" : {
               "northeast" : {
                  "lat" : 45.4368716,
                  "lng" : -73.8555894
               },
               "southwest" : {
                  "lat" : 45.4357586,
                  "lng" : -73.8574843
               }
            },
            "location" : {
               "lat" : 45.4364229,
               "lng" : -73.85697879999999
            },
            "location_type" : "APPROXIMATE",
            "viewport" : {
               "northeast" : {
                  "lat" : 45.4376640802915,
                  "lng" : -73.85518786970849
               },
               "southwest" : {
                  "lat" : 45.4349661197085,
                  "lng" : -73.85788583029151
               }
            }
         },
         "partial_match" : true,
         "place_id" : "ChIJcflol6w-yUwRngAeOJx4tKU",
         "types" : [ "postal_code" ]
      }
   ],
   "status" : "OK"
}
