{
   "results" : [
      {
         "address_components" : [
            {
               "long_name" : "14",
               "short_name" : "14",
               "types" : [ "street_number" ]
            },
            {
               "long_name" : "Denlow Street",
               "short_name" : "Denlow St",
               "types" : [ "route" ]
            },
            {
               "long_name" : "Grand River North",
               "short_name" : "Grand River North",
               "types" : [ "neighborhood", "political" ]
            },
            {
               "long_name" : "Kitchener",
               "short_name" : "Kitchener",
               "types" : [ "locality", "political" ]
            },
            {
               "long_name" : "Waterloo Regional Municipality",
               "short_name" : "Waterloo Regional Municipality",
               "types" : [ "administrative_area_level_2", "political" ]
            },
            {
               "long_name" : "Ontario",
               "short_name" : "ON",
               "types" : [ "administrative_area_level_1", "political" ]
            },
            {
               "long_name" : "Canada",
               "short_name" : "CA",
               "types" : [ "country", "political" ]
            },
            {
               "long_name" : "N2B 3S2",
               "short_name" : "N2B 3S2",
               "types" : [ "postal_code" ]
            }
         ],
         "formatted_address" : "14 Denlow St, Kitchener, ON N2B 3S2, Canada",
         "geometry" : {
            "location" : {
               "lat" : 43.460738,
               "lng" : -80.43429499999999
            },
            "location_type" : "ROOFTOP",
            "viewport" : {
               "northeast" : {
                  "lat" : 43.4620869802915,
                  "lng" : -80.4329460197085
               },
               "southwest" : {
                  "lat" : 43.4593890197085,
                  "lng" : -80.4356439802915
               }
            }
         },
         "place_id" : "ChIJURiVwF2LK4gRgvYvTqtP5LM",
         "types" : [ "street_address" ]
      }
   ],
   "status" : "OK"
}
