{
   "results" : [
      {
         "address_components" : [
            {
               "long_name" : "14",
               "short_name" : "14",
               "types" : [ "street_number" ]
            },
            {
               "long_name" : "Friars Way",
               "short_name" : "Friars Way",
               "types" : [ "route" ]
            },
            {
               "long_name" : "Medway",
               "short_name" : "Medway",
               "types" : [ "neighborhood", "political" ]
            },
            {
               "long_name" : "London",
               "short_name" : "London",
               "types" : [ "locality", "political" ]
            },
            {
               "long_name" : "Middlesex County",
               "short_name" : "Middlesex County",
               "types" : [ "administrative_area_level_2", "political" ]
            },
            {
               "long_name" : "Ontario",
               "short_name" : "ON",
               "types" : [ "administrative_area_level_1", "political" ]
            },
            {
               "long_name" : "Canada",
               "short_name" : "CA",
               "types" : [ "country", "political" ]
            },
            {
               "long_name" : "N6G 2A8",
               "short_name" : "N6G 2A8",
               "types" : [ "postal_code" ]
            }
         ],
         "formatted_address" : "14 Friars Way, London, ON N6G 2A8, Canada",
         "geometry" : {
            "location" : {
               "lat" : 43.0064792,
               "lng" : -81.2984373
            },
            "location_type" : "ROOFTOP",
            "viewport" : {
               "northeast" : {
                  "lat" : 43.0078281802915,
                  "lng" : -81.29708831970849
               },
               "southwest" : {
                  "lat" : 43.00513021970851,
                  "lng" : -81.29978628029151
               }
            }
         },
         "place_id" : "ChIJGRIe99LvLogRDRskcuhwQ7s",
         "types" : [ "street_address" ]
      }
   ],
   "status" : "OK"
}
