{
   "results" : [
      {
         "address_components" : [
            {
               "long_name" : "14",
               "short_name" : "14",
               "types" : [ "street_number" ]
            },
            {
               "long_name" : "Jefferson Road",
               "short_name" : "Jefferson Rd",
               "types" : [ "route" ]
            },
            {
               "long_name" : "Brampton",
               "short_name" : "Brampton",
               "types" : [ "locality", "political" ]
            },
            {
               "long_name" : "Peel Regional Municipality",
               "short_name" : "Peel Regional Municipality",
               "types" : [ "administrative_area_level_2", "political" ]
            },
            {
               "long_name" : "Ontario",
               "short_name" : "ON",
               "types" : [ "administrative_area_level_1", "political" ]
            },
            {
               "long_name" : "Canada",
               "short_name" : "CA",
               "types" : [ "country", "political" ]
            },
            {
               "long_name" : "L6S 2G7",
               "short_name" : "L6S 2G7",
               "types" : [ "postal_code" ]
            }
         ],
         "formatted_address" : "14 Jefferson Rd, Brampton, ON L6S 2G7, Canada",
         "geometry" : {
            "location" : {
               "lat" : 43.7391874,
               "lng" : -79.7337136
            },
            "location_type" : "ROOFTOP",
            "viewport" : {
               "northeast" : {
                  "lat" : 43.74053638029149,
                  "lng" : -79.73236461970849
               },
               "southwest" : {
                  "lat" : 43.7378384197085,
                  "lng" : -79.73506258029151
               }
            }
         },
         "place_id" : "ChIJqwSD5YU9K4gRJa90zaHnXCY",
         "types" : [ "street_address" ]
      }
   ],
   "status" : "OK"
}
