{
   "results" : [
      {
         "address_components" : [
            {
               "long_name" : "14",
               "short_name" : "14",
               "types" : [ "street_number" ]
            },
            {
               "long_name" : "Boulevard Marchand",
               "short_name" : "Boulevard Marchand",
               "types" : [ "route" ]
            },
            {
               "long_name" : "Warwick",
               "short_name" : "Warwick",
               "types" : [ "locality", "political" ]
            },
            {
               "long_name" : "Arthabaska",
               "short_name" : "Arthabaska",
               "types" : [ "administrative_area_level_2", "political" ]
            },
            {
               "long_name" : "Québec",
               "short_name" : "QC",
               "types" : [ "administrative_area_level_1", "political" ]
            },
            {
               "long_name" : "Canada",
               "short_name" : "CA",
               "types" : [ "country", "political" ]
            },
            {
               "long_name" : "J0A 1M0",
               "short_name" : "J0A 1M0",
               "types" : [ "postal_code" ]
            }
         ],
         "formatted_address" : "14 Boulevard Marchand, Warwick, QC J0A 1M0, Canada",
         "geometry" : {
            "location" : {
               "lat" : 45.9456747,
               "lng" : -71.99854239999999
            },
            "location_type" : "ROOFTOP",
            "viewport" : {
               "northeast" : {
                  "lat" : 45.94702368029149,
                  "lng" : -71.99719341970848
               },
               "southwest" : {
                  "lat" : 45.94432571970849,
                  "lng" : -71.9998913802915
               }
            }
         },
         "partial_match" : true,
         "place_id" : "ChIJ5WDIV0P5t0wRtv83puFR94U",
         "types" : [ "street_address" ]
      }
   ],
   "status" : "OK"
}
