{
   "results" : [
      {
         "address_components" : [
            {
               "long_name" : "14",
               "short_name" : "14",
               "types" : [ "street_number" ]
            },
            {
               "long_name" : "McDougall Drive",
               "short_name" : "McDougall Dr",
               "types" : [ "route" ]
            },
            {
               "long_name" : "Barrie",
               "short_name" : "Barrie",
               "types" : [ "locality", "political" ]
            },
            {
               "long_name" : "Simcoe County",
               "short_name" : "Simcoe County",
               "types" : [ "administrative_area_level_2", "political" ]
            },
            {
               "long_name" : "Ontario",
               "short_name" : "ON",
               "types" : [ "administrative_area_level_1", "political" ]
            },
            {
               "long_name" : "Canada",
               "short_name" : "CA",
               "types" : [ "country", "political" ]
            },
            {
               "long_name" : "L4N 7H8",
               "short_name" : "L4N 7H8",
               "types" : [ "postal_code" ]
            }
         ],
         "formatted_address" : "14 McDougall Dr, Barrie, ON L4N 7H8, Canada",
         "geometry" : {
            "location" : {
               "lat" : 44.4083135,
               "lng" : -79.7166836
            },
            "location_type" : "ROOFTOP",
            "viewport" : {
               "northeast" : {
                  "lat" : 44.40966248029149,
                  "lng" : -79.71533461970849
               },
               "southwest" : {
                  "lat" : 44.4069645197085,
                  "lng" : -79.71803258029149
               }
            }
         },
         "partial_match" : true,
         "place_id" : "ChIJxdoqJeuiKogRy2HegT1d8DE",
         "types" : [ "street_address" ]
      }
   ],
   "status" : "OK"
}
