{
   "results" : [
      {
         "address_components" : [
            {
               "long_name" : "140",
               "short_name" : "140",
               "types" : [ "street_number" ]
            },
            {
               "long_name" : "Walts Street",
               "short_name" : "Walts St",
               "types" : [ "route" ]
            },
            {
               "long_name" : "Welland",
               "short_name" : "Welland",
               "types" : [ "locality", "political" ]
            },
            {
               "long_name" : "Niagara Regional Municipality",
               "short_name" : "Niagara Regional Municipality",
               "types" : [ "administrative_area_level_2", "political" ]
            },
            {
               "long_name" : "Ontario",
               "short_name" : "ON",
               "types" : [ "administrative_area_level_1", "political" ]
            },
            {
               "long_name" : "Canada",
               "short_name" : "CA",
               "types" : [ "country", "political" ]
            },
            {
               "long_name" : "L3C 6G4",
               "short_name" : "L3C 6G4",
               "types" : [ "postal_code" ]
            }
         ],
         "formatted_address" : "140 Walts St, Welland, ON L3C 6G4, Canada",
         "geometry" : {
            "location" : {
               "lat" : 42.9966103,
               "lng" : -79.2825072
            },
            "location_type" : "ROOFTOP",
            "viewport" : {
               "northeast" : {
                  "lat" : 42.9979592802915,
                  "lng" : -79.2811582197085
               },
               "southwest" : {
                  "lat" : 42.9952613197085,
                  "lng" : -79.28385618029151
               }
            }
         },
         "place_id" : "ChIJaSt7uvNJ04kR0b6p3d-hlLA",
         "types" : [ "street_address" ]
      }
   ],
   "status" : "OK"
}
