{
   "results" : [
      {
         "address_components" : [
            {
               "long_name" : "5229",
               "short_name" : "5229",
               "types" : [ "street_number" ]
            },
            {
               "long_name" : "Dundas Street West",
               "short_name" : "Dundas St W",
               "types" : [ "route" ]
            },
            {
               "long_name" : "Islington - City Centre West",
               "short_name" : "Islington - City Centre West",
               "types" : [ "neighborhood", "political" ]
            },
            {
               "long_name" : "Etobicoke",
               "short_name" : "Etobicoke",
               "types" : [ "sublocality_level_1", "sublocality", "political" ]
            },
            {
               "long_name" : "Toronto",
               "short_name" : "Toronto",
               "types" : [ "locality", "political" ]
            },
            {
               "long_name" : "Toronto Division",
               "short_name" : "Toronto Division",
               "types" : [ "administrative_area_level_2", "political" ]
            },
            {
               "long_name" : "Ontario",
               "short_name" : "ON",
               "types" : [ "administrative_area_level_1", "political" ]
            },
            {
               "long_name" : "Canada",
               "short_name" : "CA",
               "types" : [ "country", "political" ]
            },
            {
               "long_name" : "M9B 6M1",
               "short_name" : "M9B 6M1",
               "types" : [ "postal_code" ]
            }
         ],
         "formatted_address" : "5229 Dundas St W, Etobicoke, ON M9B 6M1, Canada",
         "geometry" : {
            "location" : {
               "lat" : 43.6393532,
               "lng" : -79.5369458
            },
            "location_type" : "ROOFTOP",
            "viewport" : {
               "northeast" : {
                  "lat" : 43.6407021802915,
                  "lng" : -79.5355968197085
               },
               "southwest" : {
                  "lat" : 43.6380042197085,
                  "lng" : -79.53829478029151
               }
            }
         },
         "partial_match" : true,
         "place_id" : "ChIJQ3JXDr43K4gR-9P8GCexBOw",
         "types" : [ "street_address" ]
      }
   ],
   "status" : "OK"
}
