{
   "results" : [
      {
         "address_components" : [
            {
               "long_name" : "1408",
               "short_name" : "1408",
               "types" : [ "street_number" ]
            },
            {
               "long_name" : "Peggs Mountain Road",
               "short_name" : "Peggs Mountain Rd",
               "types" : [ "route" ]
            },
            {
               "long_name" : "Burk's Falls",
               "short_name" : "Burk's Falls",
               "types" : [ "locality", "political" ]
            },
            {
               "long_name" : "Ryerson",
               "short_name" : "Ryerson",
               "types" : [ "administrative_area_level_3", "political" ]
            },
            {
               "long_name" : "Parry Sound District",
               "short_name" : "Parry Sound District",
               "types" : [ "administrative_area_level_2", "political" ]
            },
            {
               "long_name" : "Ontario",
               "short_name" : "ON",
               "types" : [ "administrative_area_level_1", "political" ]
            },
            {
               "long_name" : "Canada",
               "short_name" : "CA",
               "types" : [ "country", "political" ]
            },
            {
               "long_name" : "P0A 1C0",
               "short_name" : "P0A 1C0",
               "types" : [ "postal_code" ]
            }
         ],
         "formatted_address" : "1408 Peggs Mountain Rd, Burk's Falls, ON P0A 1C0, Canada",
         "geometry" : {
            "location" : {
               "lat" : 45.56666,
               "lng" : -79.4353735
            },
            "location_type" : "ROOFTOP",
            "viewport" : {
               "northeast" : {
                  "lat" : 45.5680089802915,
                  "lng" : -79.43402451970849
               },
               "southwest" : {
                  "lat" : 45.5653110197085,
                  "lng" : -79.43672248029151
               }
            }
         },
         "place_id" : "ChIJcUlgK7U8Kk0R8PZTuB72-tU",
         "types" : [ "street_address" ]
      }
   ],
   "status" : "OK"
}
