{
   "results" : [
      {
         "address_components" : [
            {
               "long_name" : "141",
               "short_name" : "141",
               "types" : [ "street_number" ]
            },
            {
               "long_name" : "3e Rue Ouest",
               "short_name" : "3e Rue O",
               "types" : [ "route" ]
            },
            {
               "long_name" : "Senneterre",
               "short_name" : "Senneterre",
               "types" : [ "locality", "political" ]
            },
            {
               "long_name" : "Vallée-de-l'Or",
               "short_name" : "Vallée-de-l'Or",
               "types" : [ "administrative_area_level_2", "political" ]
            },
            {
               "long_name" : "Québec",
               "short_name" : "QC",
               "types" : [ "administrative_area_level_1", "political" ]
            },
            {
               "long_name" : "Canada",
               "short_name" : "CA",
               "types" : [ "country", "political" ]
            },
            {
               "long_name" : "J0Y",
               "short_name" : "J0Y",
               "types" : [ "postal_code_prefix", "postal_code" ]
            }
         ],
         "formatted_address" : "141 3e Rue O, Senneterre, QC J0Y, Canada",
         "geometry" : {
            "bounds" : {
               "northeast" : {
                  "lat" : 48.3935859,
                  "lng" : -77.2422131
               },
               "southwest" : {
                  "lat" : 48.3935859,
                  "lng" : -77.24223189999999
               }
            },
            "location" : {
               "lat" : 48.3935859,
               "lng" : -77.2422131
            },
            "location_type" : "RANGE_INTERPOLATED",
            "viewport" : {
               "northeast" : {
                  "lat" : 48.3949348802915,
                  "lng" : -77.2408735197085
               },
               "southwest" : {
                  "lat" : 48.3922369197085,
                  "lng" : -77.24357148029151
               }
            }
         },
         "partial_match" : true,
         "place_id" : "EigxNDEgM2UgUnVlIE8sIFNlbm5ldGVycmUsIFFDIEowWSwgQ2FuYWRh",
         "types" : [ "street_address" ]
      }
   ],
   "status" : "OK"
}
