{
   "results" : [
      {
         "address_components" : [
            {
               "long_name" : "141",
               "short_name" : "141",
               "types" : [ "street_number" ]
            },
            {
               "long_name" : "Rue Principale",
               "short_name" : "Rue Principale",
               "types" : [ "route" ]
            },
            {
               "long_name" : "Saint-Flavien",
               "short_name" : "Saint-Flavien",
               "types" : [ "locality", "political" ]
            },
            {
               "long_name" : "Saint-Flavien",
               "short_name" : "Saint-Flavien",
               "types" : [ "administrative_area_level_3", "political" ]
            },
            {
               "long_name" : "Lotbinière",
               "short_name" : "Lotbinière",
               "types" : [ "administrative_area_level_2", "political" ]
            },
            {
               "long_name" : "Québec",
               "short_name" : "QC",
               "types" : [ "administrative_area_level_1", "political" ]
            },
            {
               "long_name" : "Canada",
               "short_name" : "CA",
               "types" : [ "country", "political" ]
            },
            {
               "long_name" : "G0S 2M0",
               "short_name" : "G0S 2M0",
               "types" : [ "postal_code" ]
            }
         ],
         "formatted_address" : "141 Rue Principale, Saint-Flavien, QC G0S 2M0, Canada",
         "geometry" : {
            "location" : {
               "lat" : 46.5159222,
               "lng" : -71.599048
            },
            "location_type" : "ROOFTOP",
            "viewport" : {
               "northeast" : {
                  "lat" : 46.51727118029149,
                  "lng" : -71.5976990197085
               },
               "southwest" : {
                  "lat" : 46.5145732197085,
                  "lng" : -71.60039698029151
               }
            }
         },
         "place_id" : "ChIJTwV1tmV8uEwRuTYX6umzKmk",
         "types" : [ "street_address" ]
      }
   ],
   "status" : "OK"
}
