{
   "results" : [
      {
         "address_components" : [
            {
               "long_name" : "1413",
               "short_name" : "1413",
               "types" : [ "street_number" ]
            },
            {
               "long_name" : "Helena Montague Avenue",
               "short_name" : "Helena Montague Ave",
               "types" : [ "route" ]
            },
            {
               "long_name" : "Byron",
               "short_name" : "Byron",
               "types" : [ "neighborhood", "political" ]
            },
            {
               "long_name" : "London",
               "short_name" : "London",
               "types" : [ "locality", "political" ]
            },
            {
               "long_name" : "Middlesex County",
               "short_name" : "Middlesex County",
               "types" : [ "administrative_area_level_2", "political" ]
            },
            {
               "long_name" : "Ontario",
               "short_name" : "ON",
               "types" : [ "administrative_area_level_1", "political" ]
            },
            {
               "long_name" : "Canada",
               "short_name" : "CA",
               "types" : [ "country", "political" ]
            },
            {
               "long_name" : "N6K",
               "short_name" : "N6K",
               "types" : [ "postal_code_prefix", "postal_code" ]
            }
         ],
         "formatted_address" : "1413 Helena Montague Ave, London, ON N6K, Canada",
         "geometry" : {
            "bounds" : {
               "northeast" : {
                  "lat" : 42.9594739,
                  "lng" : -81.34184350000001
               },
               "southwest" : {
                  "lat" : 42.9594603,
                  "lng" : -81.34184689999999
               }
            },
            "location" : {
               "lat" : 42.9594739,
               "lng" : -81.34184689999999
            },
            "location_type" : "RANGE_INTERPOLATED",
            "viewport" : {
               "northeast" : {
                  "lat" : 42.9608160802915,
                  "lng" : -81.3404962197085
               },
               "southwest" : {
                  "lat" : 42.9581181197085,
                  "lng" : -81.3431941802915
               }
            }
         },
         "partial_match" : true,
         "place_id" : "EjAxNDEzIEhlbGVuYSBNb250YWd1ZSBBdmUsIExvbmRvbiwgT04gTjZLLCBDYW5hZGE",
         "types" : [ "street_address" ]
      }
   ],
   "status" : "OK"
}
