{
   "results" : [
      {
         "address_components" : [
            {
               "long_name" : "14137",
               "short_name" : "14137",
               "types" : [ "street_number" ]
            },
            {
               "long_name" : "Ilderton Road",
               "short_name" : "Ilderton Rd",
               "types" : [ "route" ]
            },
            {
               "long_name" : "Ilderton",
               "short_name" : "Ilderton",
               "types" : [ "locality", "political" ]
            },
            {
               "long_name" : "Middlesex Centre",
               "short_name" : "Middlesex Centre",
               "types" : [ "administrative_area_level_3", "political" ]
            },
            {
               "long_name" : "Middlesex County",
               "short_name" : "Middlesex County",
               "types" : [ "administrative_area_level_2", "political" ]
            },
            {
               "long_name" : "Ontario",
               "short_name" : "ON",
               "types" : [ "administrative_area_level_1", "political" ]
            },
            {
               "long_name" : "Canada",
               "short_name" : "CA",
               "types" : [ "country", "political" ]
            },
            {
               "long_name" : "N0M 2A0",
               "short_name" : "N0M 2A0",
               "types" : [ "postal_code" ]
            }
         ],
         "formatted_address" : "14137 Ilderton Rd, Ilderton, ON N0M 2A0, Canada",
         "geometry" : {
            "location" : {
               "lat" : 43.093443,
               "lng" : -81.32900699999999
            },
            "location_type" : "ROOFTOP",
            "viewport" : {
               "northeast" : {
                  "lat" : 43.0947919802915,
                  "lng" : -81.32765801970849
               },
               "southwest" : {
                  "lat" : 43.0920940197085,
                  "lng" : -81.3303559802915
               }
            }
         },
         "place_id" : "ChIJXe0jS6PoLogRRyX9xmvJ7ZM",
         "types" : [ "street_address" ]
      }
   ],
   "status" : "OK"
}
