{
   "results" : [
      {
         "address_components" : [
            {
               "long_name" : "1415",
               "short_name" : "1415",
               "types" : [ "street_number" ]
            },
            {
               "long_name" : "Boulevard de Portland",
               "short_name" : "Boul de Portland",
               "types" : [ "route" ]
            },
            {
               "long_name" : "Jacques-Cartier",
               "short_name" : "Jacques-Cartier",
               "types" : [ "sublocality_level_1", "sublocality", "political" ]
            },
            {
               "long_name" : "Sherbrooke",
               "short_name" : "Sherbrooke",
               "types" : [ "locality", "political" ]
            },
            {
               "long_name" : "La Région-Sherbrookoise",
               "short_name" : "La Région-Sherbrookoise",
               "types" : [ "administrative_area_level_2", "political" ]
            },
            {
               "long_name" : "Québec",
               "short_name" : "QC",
               "types" : [ "administrative_area_level_1", "political" ]
            },
            {
               "long_name" : "Canada",
               "short_name" : "CA",
               "types" : [ "country", "political" ]
            },
            {
               "long_name" : "J1J",
               "short_name" : "J1J",
               "types" : [ "postal_code_prefix", "postal_code" ]
            }
         ],
         "formatted_address" : "1415 Boul de Portland, Sherbrooke, QC J1J, Canada",
         "geometry" : {
            "location" : {
               "lat" : 45.4038031,
               "lng" : -71.9110184
            },
            "location_type" : "ROOFTOP",
            "viewport" : {
               "northeast" : {
                  "lat" : 45.40515208029149,
                  "lng" : -71.90966941970849
               },
               "southwest" : {
                  "lat" : 45.4024541197085,
                  "lng" : -71.91236738029151
               }
            }
         },
         "partial_match" : true,
         "place_id" : "ChIJDyym1nGzt0wR5bS_MwSOoZM",
         "types" : [ "street_address" ]
      }
   ],
   "status" : "OK"
}
