{
   "results" : [
      {
         "address_components" : [
            {
               "long_name" : "142",
               "short_name" : "142",
               "types" : [ "street_number" ]
            },
            {
               "long_name" : "Bloor Avenue",
               "short_name" : "Bloor Ave",
               "types" : [ "route" ]
            },
            {
               "long_name" : "South Porcupine",
               "short_name" : "South Porcupine",
               "types" : [ "neighborhood", "political" ]
            },
            {
               "long_name" : "Timmins",
               "short_name" : "Timmins",
               "types" : [ "locality", "political" ]
            },
            {
               "long_name" : "Cochrane District",
               "short_name" : "Cochrane District",
               "types" : [ "administrative_area_level_2", "political" ]
            },
            {
               "long_name" : "Ontario",
               "short_name" : "ON",
               "types" : [ "administrative_area_level_1", "political" ]
            },
            {
               "long_name" : "Canada",
               "short_name" : "CA",
               "types" : [ "country", "political" ]
            },
            {
               "long_name" : "P0N 1H0",
               "short_name" : "P0N 1H0",
               "types" : [ "postal_code" ]
            }
         ],
         "formatted_address" : "142 Bloor Ave, Timmins, ON P0N 1H0, Canada",
         "geometry" : {
            "location" : {
               "lat" : 48.47891,
               "lng" : -81.20725
            },
            "location_type" : "ROOFTOP",
            "viewport" : {
               "northeast" : {
                  "lat" : 48.4802589802915,
                  "lng" : -81.20590101970849
               },
               "southwest" : {
                  "lat" : 48.4775610197085,
                  "lng" : -81.20859898029151
               }
            }
         },
         "place_id" : "ChIJqwlzixmsPE0R_nHjwsKixMk",
         "types" : [ "street_address" ]
      }
   ],
   "status" : "OK"
}
