{
   "results" : [
      {
         "address_components" : [
            {
               "long_name" : "142",
               "short_name" : "142",
               "types" : [ "street_number" ]
            },
            {
               "long_name" : "Larratt Lane",
               "short_name" : "Larratt Ln",
               "types" : [ "route" ]
            },
            {
               "long_name" : "Richmond Hill",
               "short_name" : "Richmond Hill",
               "types" : [ "locality", "political" ]
            },
            {
               "long_name" : "York Regional Municipality",
               "short_name" : "York Regional Municipality",
               "types" : [ "administrative_area_level_2", "political" ]
            },
            {
               "long_name" : "Ontario",
               "short_name" : "ON",
               "types" : [ "administrative_area_level_1", "political" ]
            },
            {
               "long_name" : "Canada",
               "short_name" : "CA",
               "types" : [ "country", "political" ]
            },
            {
               "long_name" : "L4C 0E6",
               "short_name" : "L4C 0E6",
               "types" : [ "postal_code" ]
            }
         ],
         "formatted_address" : "142 Larratt Ln, Richmond Hill, ON L4C 0E6, Canada",
         "geometry" : {
            "location" : {
               "lat" : 43.8940866,
               "lng" : -79.4633063
            },
            "location_type" : "ROOFTOP",
            "viewport" : {
               "northeast" : {
                  "lat" : 43.8954355802915,
                  "lng" : -79.4619573197085
               },
               "southwest" : {
                  "lat" : 43.89273761970851,
                  "lng" : -79.46465528029151
               }
            }
         },
         "place_id" : "ChIJKcnolxgqK4gRw-q-Zu9FAyk",
         "types" : [ "street_address" ]
      }
   ],
   "status" : "OK"
}
