{
   "results" : [
      {
         "address_components" : [
            {
               "long_name" : "1420",
               "short_name" : "1420",
               "types" : [ "street_number" ]
            },
            {
               "long_name" : "Avonbridge Drive",
               "short_name" : "Avonbridge Dr",
               "types" : [ "route" ]
            },
            {
               "long_name" : "Mineola",
               "short_name" : "Mineola",
               "types" : [ "neighborhood", "political" ]
            },
            {
               "long_name" : "Mississauga",
               "short_name" : "Mississauga",
               "types" : [ "locality", "political" ]
            },
            {
               "long_name" : "Peel Regional Municipality",
               "short_name" : "Peel Regional Municipality",
               "types" : [ "administrative_area_level_2", "political" ]
            },
            {
               "long_name" : "Ontario",
               "short_name" : "ON",
               "types" : [ "administrative_area_level_1", "political" ]
            },
            {
               "long_name" : "Canada",
               "short_name" : "CA",
               "types" : [ "country", "political" ]
            },
            {
               "long_name" : "L5G 3G5",
               "short_name" : "L5G 3G5",
               "types" : [ "postal_code" ]
            }
         ],
         "formatted_address" : "1420 Avonbridge Dr, Mississauga, ON L5G 3G5, Canada",
         "geometry" : {
            "location" : {
               "lat" : 43.5622643,
               "lng" : -79.59420679999999
            },
            "location_type" : "ROOFTOP",
            "viewport" : {
               "northeast" : {
                  "lat" : 43.56361328029149,
                  "lng" : -79.59285781970848
               },
               "southwest" : {
                  "lat" : 43.5609153197085,
                  "lng" : -79.59555578029151
               }
            }
         },
         "place_id" : "ChIJkQtk1mdGK4gRdDdP4PAzoUQ",
         "types" : [ "street_address" ]
      }
   ],
   "status" : "OK"
}
