{
   "results" : [
      {
         "address_components" : [
            {
               "long_name" : "1422",
               "short_name" : "1422",
               "types" : [ "street_number" ]
            },
            {
               "long_name" : "Draycott Road",
               "short_name" : "Draycott Rd",
               "types" : [ "route" ]
            },
            {
               "long_name" : "North Vancouver",
               "short_name" : "North Vancouver",
               "types" : [ "locality", "political" ]
            },
            {
               "long_name" : "North Vancouver",
               "short_name" : "North Vancouver",
               "types" : [ "administrative_area_level_3", "political" ]
            },
            {
               "long_name" : "Greater Vancouver",
               "short_name" : "Greater Vancouver",
               "types" : [ "administrative_area_level_2", "political" ]
            },
            {
               "long_name" : "British Columbia",
               "short_name" : "BC",
               "types" : [ "administrative_area_level_1", "political" ]
            },
            {
               "long_name" : "Canada",
               "short_name" : "CA",
               "types" : [ "country", "political" ]
            },
            {
               "long_name" : "V7J 1W2",
               "short_name" : "V7J 1W2",
               "types" : [ "postal_code" ]
            }
         ],
         "formatted_address" : "1422 Draycott Rd, North Vancouver, BC V7J 1W2, Canada",
         "geometry" : {
            "bounds" : {
               "northeast" : {
                  "lat" : 49.33751849999999,
                  "lng" : -123.0348631
               },
               "southwest" : {
                  "lat" : 49.3375063,
                  "lng" : -123.0348637
               }
            },
            "location" : {
               "lat" : 49.3375063,
               "lng" : -123.0348637
            },
            "location_type" : "RANGE_INTERPOLATED",
            "viewport" : {
               "northeast" : {
                  "lat" : 49.3388613802915,
                  "lng" : -123.0335144197085
               },
               "southwest" : {
                  "lat" : 49.3361634197085,
                  "lng" : -123.0362123802915
               }
            }
         },
         "partial_match" : true,
         "place_id" : "EjUxNDIyIERyYXljb3R0IFJkLCBOb3J0aCBWYW5jb3V2ZXIsIEJDIFY3SiAxVzIsIENhbmFkYQ",
         "types" : [ "street_address" ]
      }
   ],
   "status" : "OK"
}
