{
   "results" : [
      {
         "address_components" : [
            {
               "long_name" : "144",
               "short_name" : "144",
               "types" : [ "street_number" ]
            },
            {
               "long_name" : "Cedarbrook Way Southwest",
               "short_name" : "Cedarbrook Way SW",
               "types" : [ "route" ]
            },
            {
               "long_name" : "Southwest Calgary",
               "short_name" : "Southwest Calgary",
               "types" : [ "neighborhood", "political" ]
            },
            {
               "long_name" : "Calgary",
               "short_name" : "Calgary",
               "types" : [ "locality", "political" ]
            },
            {
               "long_name" : "Division No. 6",
               "short_name" : "Division No. 6",
               "types" : [ "administrative_area_level_2", "political" ]
            },
            {
               "long_name" : "Alberta",
               "short_name" : "AB",
               "types" : [ "administrative_area_level_1", "political" ]
            },
            {
               "long_name" : "Canada",
               "short_name" : "CA",
               "types" : [ "country", "political" ]
            },
            {
               "long_name" : "T2W 4R5",
               "short_name" : "T2W 4R5",
               "types" : [ "postal_code" ]
            }
         ],
         "formatted_address" : "144 Cedarbrook Way SW, Calgary, AB T2W 4R5, Canada",
         "geometry" : {
            "location" : {
               "lat" : 50.9566175,
               "lng" : -114.1231223
            },
            "location_type" : "ROOFTOP",
            "viewport" : {
               "northeast" : {
                  "lat" : 50.9579664802915,
                  "lng" : -114.1217733197085
               },
               "southwest" : {
                  "lat" : 50.9552685197085,
                  "lng" : -114.1244712802915
               }
            }
         },
         "place_id" : "ChIJw5XofuRzcVMRGeJoItrBhkk",
         "types" : [ "street_address" ]
      }
   ],
   "status" : "OK"
}
