{
   "results" : [
      {
         "address_components" : [
            {
               "long_name" : "144",
               "short_name" : "144",
               "types" : [ "street_number" ]
            },
            {
               "long_name" : "Wood Valley Drive Southwest",
               "short_name" : "Wood Valley Dr SW",
               "types" : [ "route" ]
            },
            {
               "long_name" : "Southwest Calgary",
               "short_name" : "Southwest Calgary",
               "types" : [ "neighborhood", "political" ]
            },
            {
               "long_name" : "Calgary",
               "short_name" : "Calgary",
               "types" : [ "locality", "political" ]
            },
            {
               "long_name" : "Division No. 6",
               "short_name" : "Division No. 6",
               "types" : [ "administrative_area_level_2", "political" ]
            },
            {
               "long_name" : "Alberta",
               "short_name" : "AB",
               "types" : [ "administrative_area_level_1", "political" ]
            },
            {
               "long_name" : "Canada",
               "short_name" : "CA",
               "types" : [ "country", "political" ]
            },
            {
               "long_name" : "T2W 5T5",
               "short_name" : "T2W 5T5",
               "types" : [ "postal_code" ]
            }
         ],
         "formatted_address" : "144 Wood Valley Dr SW, Calgary, AB T2W 5T5, Canada",
         "geometry" : {
            "location" : {
               "lat" : 50.939732,
               "lng" : -114.1372417
            },
            "location_type" : "ROOFTOP",
            "viewport" : {
               "northeast" : {
                  "lat" : 50.9410809802915,
                  "lng" : -114.1358927197085
               },
               "southwest" : {
                  "lat" : 50.9383830197085,
                  "lng" : -114.1385906802915
               }
            }
         },
         "place_id" : "ChIJzXe5nIpzcVMRtezpC7Sz45E",
         "types" : [ "street_address" ]
      }
   ],
   "status" : "OK"
}
