{
   "results" : [
      {
         "address_components" : [
            {
               "long_name" : "2",
               "short_name" : "2",
               "types" : [ "subpremise" ]
            },
            {
               "long_name" : "145",
               "short_name" : "145",
               "types" : [ "street_number" ]
            },
            {
               "long_name" : "Bridgeport Road East",
               "short_name" : "Bridgeport Rd E",
               "types" : [ "route" ]
            },
            {
               "long_name" : "Waterloo",
               "short_name" : "Waterloo",
               "types" : [ "locality", "political" ]
            },
            {
               "long_name" : "Waterloo Regional Municipality",
               "short_name" : "Waterloo Regional Municipality",
               "types" : [ "administrative_area_level_2", "political" ]
            },
            {
               "long_name" : "Ontario",
               "short_name" : "ON",
               "types" : [ "administrative_area_level_1", "political" ]
            },
            {
               "long_name" : "Canada",
               "short_name" : "CA",
               "types" : [ "country", "political" ]
            },
            {
               "long_name" : "N2J 2K3",
               "short_name" : "N2J 2K3",
               "types" : [ "postal_code" ]
            }
         ],
         "formatted_address" : "145 Bridgeport Rd E #2, Waterloo, ON N2J 2K3, Canada",
         "geometry" : {
            "location" : {
               "lat" : 43.4710852,
               "lng" : -80.5093895
            },
            "location_type" : "ROOFTOP",
            "viewport" : {
               "northeast" : {
                  "lat" : 43.47243418029149,
                  "lng" : -80.50804051970849
               },
               "southwest" : {
                  "lat" : 43.4697362197085,
                  "lng" : -80.51073848029149
               }
            }
         },
         "place_id" : "EjQxNDUgQnJpZGdlcG9ydCBSZCBFICMyLCBXYXRlcmxvbywgT04gTjJKIDJLMywgQ2FuYWRh",
         "types" : [ "subpremise" ]
      }
   ],
   "status" : "OK"
}
