{
   "results" : [
      {
         "address_components" : [
            {
               "long_name" : "1454",
               "short_name" : "1454",
               "types" : [ "street_number" ]
            },
            {
               "long_name" : "Evans Boulevard",
               "short_name" : "Evans Blvd",
               "types" : [ "route" ]
            },
            {
               "long_name" : "Jackson",
               "short_name" : "Jackson",
               "types" : [ "neighborhood", "political" ]
            },
            {
               "long_name" : "London",
               "short_name" : "London",
               "types" : [ "locality", "political" ]
            },
            {
               "long_name" : "Middlesex County",
               "short_name" : "Middlesex County",
               "types" : [ "administrative_area_level_2", "political" ]
            },
            {
               "long_name" : "Ontario",
               "short_name" : "ON",
               "types" : [ "administrative_area_level_1", "political" ]
            },
            {
               "long_name" : "Canada",
               "short_name" : "CA",
               "types" : [ "country", "political" ]
            },
            {
               "long_name" : "N6M 0A8",
               "short_name" : "N6M 0A8",
               "types" : [ "postal_code" ]
            }
         ],
         "formatted_address" : "1454 Evans Blvd, London, ON N6M 0A8, Canada",
         "geometry" : {
            "location" : {
               "lat" : 42.9612,
               "lng" : -81.18169999999999
            },
            "location_type" : "ROOFTOP",
            "viewport" : {
               "northeast" : {
                  "lat" : 42.9625489802915,
                  "lng" : -81.18035101970848
               },
               "southwest" : {
                  "lat" : 42.9598510197085,
                  "lng" : -81.1830489802915
               }
            }
         },
         "place_id" : "ChIJvRUaOMPyLogRww0Xey6c7as",
         "types" : [ "street_address" ]
      }
   ],
   "status" : "OK"
}
