{
   "results" : [
      {
         "address_components" : [
            {
               "long_name" : "14708",
               "short_name" : "14708",
               "types" : [ "street_number" ]
            },
            {
               "long_name" : "59 Avenue Northwest",
               "short_name" : "59 Ave NW",
               "types" : [ "route" ]
            },
            {
               "long_name" : "Southwest Edmonton",
               "short_name" : "Southwest Edmonton",
               "types" : [ "neighborhood", "political" ]
            },
            {
               "long_name" : "Edmonton",
               "short_name" : "Edmonton",
               "types" : [ "locality", "political" ]
            },
            {
               "long_name" : "Division No. 11",
               "short_name" : "Division No. 11",
               "types" : [ "administrative_area_level_2", "political" ]
            },
            {
               "long_name" : "Alberta",
               "short_name" : "AB",
               "types" : [ "administrative_area_level_1", "political" ]
            },
            {
               "long_name" : "Canada",
               "short_name" : "CA",
               "types" : [ "country", "political" ]
            },
            {
               "long_name" : "T6H 4T6",
               "short_name" : "T6H 4T6",
               "types" : [ "postal_code" ]
            }
         ],
         "formatted_address" : "14708 59 Ave NW, Edmonton, AB T6H 4T6, Canada",
         "geometry" : {
            "location" : {
               "lat" : 53.4966861,
               "lng" : -113.5739168
            },
            "location_type" : "ROOFTOP",
            "viewport" : {
               "northeast" : {
                  "lat" : 53.49803508029149,
                  "lng" : -113.5725678197085
               },
               "southwest" : {
                  "lat" : 53.49533711970849,
                  "lng" : -113.5752657802915
               }
            }
         },
         "place_id" : "ChIJy2sosdQhoFMRdV3bAgIYv9Y",
         "types" : [ "street_address" ]
      }
   ],
   "status" : "OK"
}
