{
   "results" : [
      {
         "address_components" : [
            {
               "long_name" : "148",
               "short_name" : "148",
               "types" : [ "street_number" ]
            },
            {
               "long_name" : "Avenue du Béarn",
               "short_name" : "Avenue du Béarn",
               "types" : [ "route" ]
            },
            {
               "long_name" : "Préville",
               "short_name" : "Préville",
               "types" : [ "neighborhood", "political" ]
            },
            {
               "long_name" : "Saint-Lambert",
               "short_name" : "Saint-Lambert",
               "types" : [ "locality", "political" ]
            },
            {
               "long_name" : "Champlain",
               "short_name" : "Champlain",
               "types" : [ "administrative_area_level_2", "political" ]
            },
            {
               "long_name" : "Québec",
               "short_name" : "QC",
               "types" : [ "administrative_area_level_1", "political" ]
            },
            {
               "long_name" : "Canada",
               "short_name" : "CA",
               "types" : [ "country", "political" ]
            },
            {
               "long_name" : "J4S",
               "short_name" : "J4S",
               "types" : [ "postal_code_prefix", "postal_code" ]
            }
         ],
         "formatted_address" : "148 Avenue du Béarn, Saint-Lambert, QC J4S, Canada",
         "geometry" : {
            "bounds" : {
               "northeast" : {
                  "lat" : 45.4818813,
                  "lng" : -73.4959471
               },
               "southwest" : {
                  "lat" : 45.4818729,
                  "lng" : -73.49596149999999
               }
            },
            "location" : {
               "lat" : 45.4818729,
               "lng" : -73.49596149999999
            },
            "location_type" : "RANGE_INTERPOLATED",
            "viewport" : {
               "northeast" : {
                  "lat" : 45.48322608029149,
                  "lng" : -73.49460531970848
               },
               "southwest" : {
                  "lat" : 45.4805281197085,
                  "lng" : -73.4973032802915
               }
            }
         },
         "partial_match" : true,
         "place_id" : "EjMxNDggQXZlbnVlIGR1IELDqWFybiwgU2FpbnQtTGFtYmVydCwgUUMgSjRTLCBDYW5hZGE",
         "types" : [ "street_address" ]
      }
   ],
   "status" : "OK"
}
