{
   "results" : [
      {
         "address_components" : [
            {
               "long_name" : "1002",
               "short_name" : "1002",
               "types" : [ "street_number" ]
            },
            {
               "long_name" : "Rue Victoria",
               "short_name" : "Rue Victoria",
               "types" : [ "route" ]
            },
            {
               "long_name" : "La Baie",
               "short_name" : "La Baie",
               "types" : [ "sublocality_level_1", "sublocality", "political" ]
            },
            {
               "long_name" : "Saguenay",
               "short_name" : "Saguenay",
               "types" : [ "locality", "political" ]
            },
            {
               "long_name" : "Le Fjord-du-Saguenay",
               "short_name" : "Le Fjord-du-Saguenay",
               "types" : [ "administrative_area_level_2", "political" ]
            },
            {
               "long_name" : "Québec",
               "short_name" : "QC",
               "types" : [ "administrative_area_level_1", "political" ]
            },
            {
               "long_name" : "Canada",
               "short_name" : "CA",
               "types" : [ "country", "political" ]
            },
            {
               "long_name" : "G7B",
               "short_name" : "G7B",
               "types" : [ "postal_code_prefix", "postal_code" ]
            }
         ],
         "formatted_address" : "1002 Rue Victoria, La Baie, QC G7B, Canada",
         "geometry" : {
            "bounds" : {
               "northeast" : {
                  "lat" : 48.3456339,
                  "lng" : -70.88197319999999
               },
               "southwest" : {
                  "lat" : 48.3456304,
                  "lng" : -70.8819913
               }
            },
            "location" : {
               "lat" : 48.3456339,
               "lng" : -70.88197319999999
            },
            "location_type" : "RANGE_INTERPOLATED",
            "viewport" : {
               "northeast" : {
                  "lat" : 48.3469811302915,
                  "lng" : -70.88063326970848
               },
               "southwest" : {
                  "lat" : 48.3442831697085,
                  "lng" : -70.88333123029149
               }
            }
         },
         "partial_match" : true,
         "place_id" : "EioxMDAyIFJ1ZSBWaWN0b3JpYSwgTGEgQmFpZSwgUUMgRzdCLCBDYW5hZGE",
         "types" : [ "street_address" ]
      }
   ],
   "status" : "OK"
}
