{
   "results" : [
      {
         "address_components" : [
            {
               "long_name" : "148",
               "short_name" : "148",
               "types" : [ "street_number" ]
            },
            {
               "long_name" : "Gablewood Crescent",
               "short_name" : "Gablewood Crescent",
               "types" : [ "route" ]
            },
            {
               "long_name" : "Medway",
               "short_name" : "Medway",
               "types" : [ "neighborhood", "political" ]
            },
            {
               "long_name" : "London",
               "short_name" : "London",
               "types" : [ "locality", "political" ]
            },
            {
               "long_name" : "Middlesex County",
               "short_name" : "Middlesex County",
               "types" : [ "administrative_area_level_2", "political" ]
            },
            {
               "long_name" : "Ontario",
               "short_name" : "ON",
               "types" : [ "administrative_area_level_1", "political" ]
            },
            {
               "long_name" : "Canada",
               "short_name" : "CA",
               "types" : [ "country", "political" ]
            },
            {
               "long_name" : "N6G 2Z9",
               "short_name" : "N6G 2Z9",
               "types" : [ "postal_code" ]
            }
         ],
         "formatted_address" : "148 Gablewood Crescent, London, ON N6G 2Z9, Canada",
         "geometry" : {
            "location" : {
               "lat" : 43.0075308,
               "lng" : -81.3187799
            },
            "location_type" : "ROOFTOP",
            "viewport" : {
               "northeast" : {
                  "lat" : 43.00887978029149,
                  "lng" : -81.31743091970849
               },
               "southwest" : {
                  "lat" : 43.00618181970849,
                  "lng" : -81.32012888029149
               }
            }
         },
         "place_id" : "ChIJHz6JnOfvLogRtubkdpGUSRY",
         "types" : [ "street_address" ]
      }
   ],
   "status" : "OK"
}
