{
   "results" : [
      {
         "address_components" : [
            {
               "long_name" : "149",
               "short_name" : "149",
               "types" : [ "street_number" ]
            },
            {
               "long_name" : "McTaggart Court",
               "short_name" : "McTaggart Ct",
               "types" : [ "route" ]
            },
            {
               "long_name" : "Stoney Creek",
               "short_name" : "Stoney Creek",
               "types" : [ "neighborhood", "political" ]
            },
            {
               "long_name" : "London",
               "short_name" : "London",
               "types" : [ "locality", "political" ]
            },
            {
               "long_name" : "Middlesex County",
               "short_name" : "Middlesex County",
               "types" : [ "administrative_area_level_2", "political" ]
            },
            {
               "long_name" : "Ontario",
               "short_name" : "ON",
               "types" : [ "administrative_area_level_1", "political" ]
            },
            {
               "long_name" : "Canada",
               "short_name" : "CA",
               "types" : [ "country", "political" ]
            },
            {
               "long_name" : "N5X 3L9",
               "short_name" : "N5X 3L9",
               "types" : [ "postal_code" ]
            }
         ],
         "formatted_address" : "149 McTaggart Ct, London, ON N5X 3L9, Canada",
         "geometry" : {
            "location" : {
               "lat" : 43.0417227,
               "lng" : -81.2468095
            },
            "location_type" : "ROOFTOP",
            "viewport" : {
               "northeast" : {
                  "lat" : 43.0430716802915,
                  "lng" : -81.2454605197085
               },
               "southwest" : {
                  "lat" : 43.04037371970851,
                  "lng" : -81.24815848029151
               }
            }
         },
         "place_id" : "ChIJdcX0tijsLogRniuxsi1MdQc",
         "types" : [ "street_address" ]
      }
   ],
   "status" : "OK"
}
