{
   "results" : [
      {
         "address_components" : [
            {
               "long_name" : "1490",
               "short_name" : "1490",
               "types" : [ "street_number" ]
            },
            {
               "long_name" : "Sylvan Place",
               "short_name" : "Sylvan Pl",
               "types" : [ "route" ]
            },
            {
               "long_name" : "North Saanich",
               "short_name" : "North Saanich",
               "types" : [ "locality", "political" ]
            },
            {
               "long_name" : "North Saanich",
               "short_name" : "North Saanich",
               "types" : [ "administrative_area_level_3", "political" ]
            },
            {
               "long_name" : "Capital",
               "short_name" : "Capital",
               "types" : [ "administrative_area_level_2", "political" ]
            },
            {
               "long_name" : "British Columbia",
               "short_name" : "BC",
               "types" : [ "administrative_area_level_1", "political" ]
            },
            {
               "long_name" : "Canada",
               "short_name" : "CA",
               "types" : [ "country", "political" ]
            },
            {
               "long_name" : "V8L 5L5",
               "short_name" : "V8L 5L5",
               "types" : [ "postal_code" ]
            }
         ],
         "formatted_address" : "1490 Sylvan Pl, North Saanich, BC V8L 5L5, Canada",
         "geometry" : {
            "location" : {
               "lat" : 48.695861,
               "lng" : -123.437175
            },
            "location_type" : "ROOFTOP",
            "viewport" : {
               "northeast" : {
                  "lat" : 48.6972099802915,
                  "lng" : -123.4358260197085
               },
               "southwest" : {
                  "lat" : 48.6945120197085,
                  "lng" : -123.4385239802915
               }
            }
         },
         "place_id" : "ChIJN4SSfkNdj1QRb4PR7d3Szrw",
         "types" : [ "street_address" ]
      }
   ],
   "status" : "OK"
}
