{
   "results" : [
      {
         "address_components" : [
            {
               "long_name" : "15",
               "short_name" : "15",
               "types" : [ "street_number" ]
            },
            {
               "long_name" : "Winifred Street",
               "short_name" : "Winifred St",
               "types" : [ "route" ]
            },
            {
               "long_name" : "Pioneer Tower West",
               "short_name" : "Pioneer Tower West",
               "types" : [ "neighborhood", "political" ]
            },
            {
               "long_name" : "Kitchener",
               "short_name" : "Kitchener",
               "types" : [ "locality", "political" ]
            },
            {
               "long_name" : "Waterloo Regional Municipality",
               "short_name" : "Waterloo Regional Municipality",
               "types" : [ "administrative_area_level_2", "political" ]
            },
            {
               "long_name" : "Ontario",
               "short_name" : "ON",
               "types" : [ "administrative_area_level_1", "political" ]
            },
            {
               "long_name" : "Canada",
               "short_name" : "CA",
               "types" : [ "country", "political" ]
            },
            {
               "long_name" : "N2P 2T1",
               "short_name" : "N2P 2T1",
               "types" : [ "postal_code" ]
            }
         ],
         "formatted_address" : "15 Winifred St, Kitchener, ON N2P 2T1, Canada",
         "geometry" : {
            "location" : {
               "lat" : 43.4093376,
               "lng" : -80.4060219
            },
            "location_type" : "ROOFTOP",
            "viewport" : {
               "northeast" : {
                  "lat" : 43.4106865802915,
                  "lng" : -80.40467291970849
               },
               "southwest" : {
                  "lat" : 43.4079886197085,
                  "lng" : -80.4073708802915
               }
            }
         },
         "partial_match" : true,
         "place_id" : "ChIJwb54il6KK4gR307_ZDzdHpM",
         "types" : [ "street_address" ]
      }
   ],
   "status" : "OK"
}
