{
   "results" : [
      {
         "address_components" : [
            {
               "long_name" : "15",
               "short_name" : "15",
               "types" : [ "street_number" ]
            },
            {
               "long_name" : "Woodside Drive",
               "short_name" : "Woodside Dr",
               "types" : [ "route" ]
            },
            {
               "long_name" : "Tillsonburg",
               "short_name" : "Tillsonburg",
               "types" : [ "locality", "political" ]
            },
            {
               "long_name" : "Oxford County",
               "short_name" : "Oxford County",
               "types" : [ "administrative_area_level_2", "political" ]
            },
            {
               "long_name" : "Ontario",
               "short_name" : "ON",
               "types" : [ "administrative_area_level_1", "political" ]
            },
            {
               "long_name" : "Canada",
               "short_name" : "CA",
               "types" : [ "country", "political" ]
            },
            {
               "long_name" : "N4G 5P9",
               "short_name" : "N4G 5P9",
               "types" : [ "postal_code" ]
            }
         ],
         "formatted_address" : "15 Woodside Dr, Tillsonburg, ON N4G 5P9, Canada",
         "geometry" : {
            "location" : {
               "lat" : 42.878605,
               "lng" : -80.7569654
            },
            "location_type" : "ROOFTOP",
            "viewport" : {
               "northeast" : {
                  "lat" : 42.8799539802915,
                  "lng" : -80.7556164197085
               },
               "southwest" : {
                  "lat" : 42.8772560197085,
                  "lng" : -80.75831438029151
               }
            }
         },
         "place_id" : "ChIJU5-AfX0pLIgR0zoe9ECpIXg",
         "types" : [ "street_address" ]
      }
   ],
   "status" : "OK"
}
