{
   "results" : [
      {
         "address_components" : [
            {
               "long_name" : "150",
               "short_name" : "150",
               "types" : [ "street_number" ]
            },
            {
               "long_name" : "The Country Way",
               "short_name" : "The Country Way",
               "types" : [ "route" ]
            },
            {
               "long_name" : "Country Hills West",
               "short_name" : "Country Hills West",
               "types" : [ "neighborhood", "political" ]
            },
            {
               "long_name" : "Kitchener",
               "short_name" : "Kitchener",
               "types" : [ "locality", "political" ]
            },
            {
               "long_name" : "Waterloo Regional Municipality",
               "short_name" : "Waterloo Regional Municipality",
               "types" : [ "administrative_area_level_2", "political" ]
            },
            {
               "long_name" : "Ontario",
               "short_name" : "ON",
               "types" : [ "administrative_area_level_1", "political" ]
            },
            {
               "long_name" : "Canada",
               "short_name" : "CA",
               "types" : [ "country", "political" ]
            },
            {
               "long_name" : "N2E 2L2",
               "short_name" : "N2E 2L2",
               "types" : [ "postal_code" ]
            }
         ],
         "formatted_address" : "150 The Country Way, Kitchener, ON N2E 2L2, Canada",
         "geometry" : {
            "location" : {
               "lat" : 43.4097636,
               "lng" : -80.4766877
            },
            "location_type" : "ROOFTOP",
            "viewport" : {
               "northeast" : {
                  "lat" : 43.4111125802915,
                  "lng" : -80.47533871970849
               },
               "southwest" : {
                  "lat" : 43.4084146197085,
                  "lng" : -80.4780366802915
               }
            }
         },
         "place_id" : "ChIJ3xJM2kH1K4gRi5rg4IInPmM",
         "types" : [ "street_address" ]
      }
   ],
   "status" : "OK"
}
