{
   "results" : [
      {
         "address_components" : [
            {
               "long_name" : "150",
               "short_name" : "150",
               "types" : [ "street_number" ]
            },
            {
               "long_name" : "Woodbend Crescent",
               "short_name" : "Woodbend Crescent",
               "types" : [ "route" ]
            },
            {
               "long_name" : "Beechwood",
               "short_name" : "Beechwood",
               "types" : [ "neighborhood", "political" ]
            },
            {
               "long_name" : "Waterloo",
               "short_name" : "Waterloo",
               "types" : [ "locality", "political" ]
            },
            {
               "long_name" : "Waterloo Regional Municipality",
               "short_name" : "Waterloo Regional Municipality",
               "types" : [ "administrative_area_level_2", "political" ]
            },
            {
               "long_name" : "Ontario",
               "short_name" : "ON",
               "types" : [ "administrative_area_level_1", "political" ]
            },
            {
               "long_name" : "Canada",
               "short_name" : "CA",
               "types" : [ "country", "political" ]
            },
            {
               "long_name" : "N2T 1G9",
               "short_name" : "N2T 1G9",
               "types" : [ "postal_code" ]
            }
         ],
         "formatted_address" : "150 Woodbend Crescent, Waterloo, ON N2T 1G9, Canada",
         "geometry" : {
            "location" : {
               "lat" : 43.4567552,
               "lng" : -80.56408039999999
            },
            "location_type" : "ROOFTOP",
            "viewport" : {
               "northeast" : {
                  "lat" : 43.45810418029149,
                  "lng" : -80.56273141970848
               },
               "southwest" : {
                  "lat" : 43.45540621970849,
                  "lng" : -80.5654293802915
               }
            }
         },
         "place_id" : "ChIJy0y0EZX2K4gRfuVgLZ10VqQ",
         "types" : [ "street_address" ]
      }
   ],
   "status" : "OK"
}
