{
   "results" : [
      {
         "address_components" : [
            {
               "long_name" : "90",
               "short_name" : "90",
               "types" : [ "subpremise" ]
            },
            {
               "long_name" : "1500",
               "short_name" : "1500",
               "types" : [ "street_number" ]
            },
            {
               "long_name" : "Richmond Street",
               "short_name" : "Richmond St",
               "types" : [ "route" ]
            },
            {
               "long_name" : "Masonville",
               "short_name" : "Masonville",
               "types" : [ "neighborhood", "political" ]
            },
            {
               "long_name" : "London",
               "short_name" : "London",
               "types" : [ "locality", "political" ]
            },
            {
               "long_name" : "Middlesex County",
               "short_name" : "Middlesex County",
               "types" : [ "administrative_area_level_2", "political" ]
            },
            {
               "long_name" : "Ontario",
               "short_name" : "ON",
               "types" : [ "administrative_area_level_1", "political" ]
            },
            {
               "long_name" : "Canada",
               "short_name" : "CA",
               "types" : [ "country", "political" ]
            },
            {
               "long_name" : "N6G",
               "short_name" : "N6G",
               "types" : [ "postal_code_prefix", "postal_code" ]
            }
         ],
         "formatted_address" : "1500 Richmond St #90, London, ON N6G, Canada",
         "geometry" : {
            "location" : {
               "lat" : 43.0181713,
               "lng" : -81.2752938
            },
            "location_type" : "ROOFTOP",
            "viewport" : {
               "northeast" : {
                  "lat" : 43.01952028029149,
                  "lng" : -81.2739448197085
               },
               "southwest" : {
                  "lat" : 43.0168223197085,
                  "lng" : -81.27664278029151
               }
            }
         },
         "partial_match" : true,
         "place_id" : "EiwxNTAwIFJpY2htb25kIFN0ICM5MCwgTG9uZG9uLCBPTiBONkcsIENhbmFkYQ",
         "types" : [ "subpremise" ]
      }
   ],
   "status" : "OK"
}
