{
   "results" : [
      {
         "address_components" : [
            {
               "long_name" : "1500",
               "short_name" : "1500",
               "types" : [ "street_number" ]
            },
            {
               "long_name" : "Roland Court",
               "short_name" : "Roland Ct",
               "types" : [ "route" ]
            },
            {
               "long_name" : "Stoneybrook",
               "short_name" : "Stoneybrook",
               "types" : [ "neighborhood", "political" ]
            },
            {
               "long_name" : "London",
               "short_name" : "London",
               "types" : [ "locality", "political" ]
            },
            {
               "long_name" : "Middlesex County",
               "short_name" : "Middlesex County",
               "types" : [ "administrative_area_level_2", "political" ]
            },
            {
               "long_name" : "Ontario",
               "short_name" : "ON",
               "types" : [ "administrative_area_level_1", "political" ]
            },
            {
               "long_name" : "Canada",
               "short_name" : "CA",
               "types" : [ "country", "political" ]
            },
            {
               "long_name" : "N5X 1E8",
               "short_name" : "N5X 1E8",
               "types" : [ "postal_code" ]
            }
         ],
         "formatted_address" : "1500 Roland Ct, London, ON N5X 1E8, Canada",
         "geometry" : {
            "location" : {
               "lat" : 43.0315897,
               "lng" : -81.26155869999999
            },
            "location_type" : "ROOFTOP",
            "viewport" : {
               "northeast" : {
                  "lat" : 43.03293868029149,
                  "lng" : -81.26020971970848
               },
               "southwest" : {
                  "lat" : 43.0302407197085,
                  "lng" : -81.26290768029151
               }
            }
         },
         "place_id" : "ChIJeYka3nzuLogRP1lGT7YDCxQ",
         "types" : [ "street_address" ]
      }
   ],
   "status" : "OK"
}
