{
   "results" : [
      {
         "address_components" : [
            {
               "long_name" : "80",
               "short_name" : "80",
               "types" : [ "street_number" ]
            },
            {
               "long_name" : "Ridout Street South",
               "short_name" : "Ridout St S",
               "types" : [ "route" ]
            },
            {
               "long_name" : "South London",
               "short_name" : "South London",
               "types" : [ "neighborhood", "political" ]
            },
            {
               "long_name" : "London",
               "short_name" : "London",
               "types" : [ "locality", "political" ]
            },
            {
               "long_name" : "Middlesex County",
               "short_name" : "Middlesex County",
               "types" : [ "administrative_area_level_2", "political" ]
            },
            {
               "long_name" : "Ontario",
               "short_name" : "ON",
               "types" : [ "administrative_area_level_1", "political" ]
            },
            {
               "long_name" : "Canada",
               "short_name" : "CA",
               "types" : [ "country", "political" ]
            },
            {
               "long_name" : "N6C 5H6",
               "short_name" : "N6C 5H6",
               "types" : [ "postal_code" ]
            }
         ],
         "formatted_address" : "80 Ridout St S, London, ON N6C 5H6, Canada",
         "geometry" : {
            "location" : {
               "lat" : 42.9730632,
               "lng" : -81.24727349999999
            },
            "location_type" : "ROOFTOP",
            "viewport" : {
               "northeast" : {
                  "lat" : 42.9744121802915,
                  "lng" : -81.24592451970848
               },
               "southwest" : {
                  "lat" : 42.9717142197085,
                  "lng" : -81.2486224802915
               }
            }
         },
         "partial_match" : true,
         "place_id" : "ChIJlWhbnCHyLogRWgxUZJS6YbE",
         "types" : [ "street_address" ]
      }
   ],
   "status" : "OK"
}
