{
   "results" : [
      {
         "address_components" : [
            {
               "long_name" : "153",
               "short_name" : "153",
               "types" : [ "street_number" ]
            },
            {
               "long_name" : "Wilfred Avenue",
               "short_name" : "Wilfred Ave",
               "types" : [ "route" ]
            },
            {
               "long_name" : "Stanley Park",
               "short_name" : "Stanley Park",
               "types" : [ "neighborhood", "political" ]
            },
            {
               "long_name" : "Kitchener",
               "short_name" : "Kitchener",
               "types" : [ "locality", "political" ]
            },
            {
               "long_name" : "Waterloo Regional Municipality",
               "short_name" : "Waterloo Regional Municipality",
               "types" : [ "administrative_area_level_2", "political" ]
            },
            {
               "long_name" : "Ontario",
               "short_name" : "ON",
               "types" : [ "administrative_area_level_1", "political" ]
            },
            {
               "long_name" : "Canada",
               "short_name" : "CA",
               "types" : [ "country", "political" ]
            },
            {
               "long_name" : "N2A 1X2",
               "short_name" : "N2A 1X2",
               "types" : [ "postal_code" ]
            }
         ],
         "formatted_address" : "153 Wilfred Ave, Kitchener, ON N2A 1X2, Canada",
         "geometry" : {
            "location" : {
               "lat" : 43.43932,
               "lng" : -80.451527
            },
            "location_type" : "ROOFTOP",
            "viewport" : {
               "northeast" : {
                  "lat" : 43.4406689802915,
                  "lng" : -80.4501780197085
               },
               "southwest" : {
                  "lat" : 43.4379710197085,
                  "lng" : -80.45287598029151
               }
            }
         },
         "place_id" : "ChIJBRK3hy2LK4gRIWLU5H0-gt0",
         "types" : [ "street_address" ]
      }
   ],
   "status" : "OK"
}
