{
   "results" : [
      {
         "address_components" : [
            {
               "long_name" : "204",
               "short_name" : "204",
               "types" : [ "subpremise" ]
            },
            {
               "long_name" : "1530",
               "short_name" : "1530",
               "types" : [ "street_number" ]
            },
            {
               "long_name" : "Avenue Filion",
               "short_name" : "Avenue Filion",
               "types" : [ "route" ]
            },
            {
               "long_name" : "Saint-Lambert",
               "short_name" : "Saint-Lambert",
               "types" : [ "locality", "political" ]
            },
            {
               "long_name" : "Champlain",
               "short_name" : "Champlain",
               "types" : [ "administrative_area_level_2", "political" ]
            },
            {
               "long_name" : "Québec",
               "short_name" : "QC",
               "types" : [ "administrative_area_level_1", "political" ]
            },
            {
               "long_name" : "Canada",
               "short_name" : "CA",
               "types" : [ "country", "political" ]
            },
            {
               "long_name" : "J4R 1W4",
               "short_name" : "J4R 1W4",
               "types" : [ "postal_code" ]
            }
         ],
         "formatted_address" : "1530 Avenue Filion #204, Saint-Lambert, QC J4R 1W4, Canada",
         "geometry" : {
            "location" : {
               "lat" : 45.4879414,
               "lng" : -73.4917353
            },
            "location_type" : "ROOFTOP",
            "viewport" : {
               "northeast" : {
                  "lat" : 45.4892903802915,
                  "lng" : -73.49038631970851
               },
               "southwest" : {
                  "lat" : 45.4865924197085,
                  "lng" : -73.49308428029151
               }
            }
         },
         "place_id" : "EjoxNTMwIEF2ZW51ZSBGaWxpb24gIzIwNCwgU2FpbnQtTGFtYmVydCwgUUMgSjRSIDFXNCwgQ2FuYWRh",
         "types" : [ "subpremise" ]
      }
   ],
   "status" : "OK"
}
