{
   "results" : [
      {
         "address_components" : [
            {
               "long_name" : "1536",
               "short_name" : "1536",
               "types" : [ "street_number" ]
            },
            {
               "long_name" : "Rue Gagnon",
               "short_name" : "Rue Gagnon",
               "types" : [ "route" ]
            },
            {
               "long_name" : "Saint-Émile",
               "short_name" : "Saint-Émile",
               "types" : [ "neighborhood", "political" ]
            },
            {
               "long_name" : "Les Rivières",
               "short_name" : "Les Rivières",
               "types" : [ "sublocality_level_1", "sublocality", "political" ]
            },
            {
               "long_name" : "Ville de Québec",
               "short_name" : "Ville de Québec",
               "types" : [ "locality", "political" ]
            },
            {
               "long_name" : "Communauté-Urbaine-de-Québec",
               "short_name" : "Communauté-Urbaine-de-Québec",
               "types" : [ "administrative_area_level_2", "political" ]
            },
            {
               "long_name" : "Québec",
               "short_name" : "QC",
               "types" : [ "administrative_area_level_1", "political" ]
            },
            {
               "long_name" : "Canada",
               "short_name" : "CA",
               "types" : [ "country", "political" ]
            },
            {
               "long_name" : "G3E 1W4",
               "short_name" : "G3E 1W4",
               "types" : [ "postal_code" ]
            }
         ],
         "formatted_address" : "1536 Rue Gagnon, Ville de Québec, QC G3E 1W4, Canada",
         "geometry" : {
            "location" : {
               "lat" : 46.8768104,
               "lng" : -71.3201713
            },
            "location_type" : "ROOFTOP",
            "viewport" : {
               "northeast" : {
                  "lat" : 46.87815938029149,
                  "lng" : -71.31882231970849
               },
               "southwest" : {
                  "lat" : 46.87546141970849,
                  "lng" : -71.32152028029151
               }
            }
         },
         "place_id" : "ChIJkUsZHuuiuEwRW4YIVMU-ycg",
         "types" : [ "street_address" ]
      }
   ],
   "status" : "OK"
}
