{
   "results" : [
      {
         "address_components" : [
            {
               "long_name" : "155",
               "short_name" : "155",
               "types" : [ "street_number" ]
            },
            {
               "long_name" : "Wanless Avenue",
               "short_name" : "Wanless Ave",
               "types" : [ "route" ]
            },
            {
               "long_name" : "Yonge and Lawrence",
               "short_name" : "Yonge and Lawrence",
               "types" : [ "neighborhood", "political" ]
            },
            {
               "long_name" : "Old Toronto",
               "short_name" : "Old Toronto",
               "types" : [ "sublocality_level_1", "sublocality", "political" ]
            },
            {
               "long_name" : "Toronto",
               "short_name" : "Toronto",
               "types" : [ "locality", "political" ]
            },
            {
               "long_name" : "Toronto Division",
               "short_name" : "Toronto Division",
               "types" : [ "administrative_area_level_2", "political" ]
            },
            {
               "long_name" : "Ontario",
               "short_name" : "ON",
               "types" : [ "administrative_area_level_1", "political" ]
            },
            {
               "long_name" : "Canada",
               "short_name" : "CA",
               "types" : [ "country", "political" ]
            },
            {
               "long_name" : "M4N 1W3",
               "short_name" : "M4N 1W3",
               "types" : [ "postal_code" ]
            }
         ],
         "formatted_address" : "155 Wanless Ave, Toronto, ON M4N 1W3, Canada",
         "geometry" : {
            "location" : {
               "lat" : 43.7277263,
               "lng" : -79.3957829
            },
            "location_type" : "ROOFTOP",
            "viewport" : {
               "northeast" : {
                  "lat" : 43.7290752802915,
                  "lng" : -79.3944339197085
               },
               "southwest" : {
                  "lat" : 43.7263773197085,
                  "lng" : -79.39713188029151
               }
            }
         },
         "place_id" : "ChIJjR9G68QyK4gRaLXq8oYUEyg",
         "types" : [ "street_address" ]
      }
   ],
   "status" : "OK"
}
