{
   "results" : [
      {
         "address_components" : [
            {
               "long_name" : "158",
               "short_name" : "158",
               "types" : [ "street_number" ]
            },
            {
               "long_name" : "Hunt Club Drive",
               "short_name" : "Hunt Club Dr",
               "types" : [ "route" ]
            },
            {
               "long_name" : "Oakridge",
               "short_name" : "Oakridge",
               "types" : [ "neighborhood", "political" ]
            },
            {
               "long_name" : "London",
               "short_name" : "London",
               "types" : [ "locality", "political" ]
            },
            {
               "long_name" : "Middlesex County",
               "short_name" : "Middlesex County",
               "types" : [ "administrative_area_level_2", "political" ]
            },
            {
               "long_name" : "Ontario",
               "short_name" : "ON",
               "types" : [ "administrative_area_level_1", "political" ]
            },
            {
               "long_name" : "Canada",
               "short_name" : "CA",
               "types" : [ "country", "political" ]
            },
            {
               "long_name" : "N6H 3Y9",
               "short_name" : "N6H 3Y9",
               "types" : [ "postal_code" ]
            }
         ],
         "formatted_address" : "158 Hunt Club Dr, London, ON N6H 3Y9, Canada",
         "geometry" : {
            "location" : {
               "lat" : 42.9765932,
               "lng" : -81.3347905
            },
            "location_type" : "ROOFTOP",
            "viewport" : {
               "northeast" : {
                  "lat" : 42.97794218029149,
                  "lng" : -81.3334415197085
               },
               "southwest" : {
                  "lat" : 42.97524421970849,
                  "lng" : -81.33613948029151
               }
            }
         },
         "partial_match" : true,
         "place_id" : "ChIJrV8KrnbwLogRvlTMQD-c0vA",
         "types" : [ "street_address" ]
      }
   ],
   "status" : "OK"
}
