{
   "results" : [
      {
         "address_components" : [
            {
               "long_name" : "1590",
               "short_name" : "1590",
               "types" : [ "street_number" ]
            },
            {
               "long_name" : "Rue Beaudry",
               "short_name" : "Rue Beaudry",
               "types" : [ "route" ]
            },
            {
               "long_name" : "Gay Village",
               "short_name" : "Gay Village",
               "types" : [ "neighborhood", "political" ]
            },
            {
               "long_name" : "Ville-Marie",
               "short_name" : "Ville-Marie",
               "types" : [ "sublocality_level_1", "sublocality", "political" ]
            },
            {
               "long_name" : "Montréal",
               "short_name" : "Montréal",
               "types" : [ "locality", "political" ]
            },
            {
               "long_name" : "Communauté-Urbaine-de-Montréal",
               "short_name" : "Communauté-Urbaine-de-Montréal",
               "types" : [ "administrative_area_level_2", "political" ]
            },
            {
               "long_name" : "Québec",
               "short_name" : "QC",
               "types" : [ "administrative_area_level_1", "political" ]
            },
            {
               "long_name" : "Canada",
               "short_name" : "CA",
               "types" : [ "country", "political" ]
            },
            {
               "long_name" : "H2L 3E7",
               "short_name" : "H2L 3E7",
               "types" : [ "postal_code" ]
            }
         ],
         "formatted_address" : "1590 Rue Beaudry, Montréal, QC H2L 3E7, Canada",
         "geometry" : {
            "location" : {
               "lat" : 45.519707,
               "lng" : -73.5579901
            },
            "location_type" : "ROOFTOP",
            "viewport" : {
               "northeast" : {
                  "lat" : 45.5210559802915,
                  "lng" : -73.55664111970849
               },
               "southwest" : {
                  "lat" : 45.5183580197085,
                  "lng" : -73.55933908029149
               }
            }
         },
         "place_id" : "ChIJnT--kLEbyUwRWtVPI9FjYkQ",
         "types" : [ "street_address" ]
      }
   ],
   "status" : "OK"
}
