{
   "results" : [
      {
         "address_components" : [
            {
               "long_name" : "15920",
               "short_name" : "15920",
               "types" : [ "street_number" ]
            },
            {
               "long_name" : "111 Avenue",
               "short_name" : "111 Ave",
               "types" : [ "route" ]
            },
            {
               "long_name" : "Surrey",
               "short_name" : "Surrey",
               "types" : [ "locality", "political" ]
            },
            {
               "long_name" : "Greater Vancouver",
               "short_name" : "Greater Vancouver",
               "types" : [ "administrative_area_level_2", "political" ]
            },
            {
               "long_name" : "British Columbia",
               "short_name" : "BC",
               "types" : [ "administrative_area_level_1", "political" ]
            },
            {
               "long_name" : "Canada",
               "short_name" : "CA",
               "types" : [ "country", "political" ]
            },
            {
               "long_name" : "V4N 1C8",
               "short_name" : "V4N 1C8",
               "types" : [ "postal_code" ]
            }
         ],
         "formatted_address" : "15920 111 Ave, Surrey, BC V4N 1C8, Canada",
         "geometry" : {
            "location" : {
               "lat" : 49.20411199999999,
               "lng" : -122.780983
            },
            "location_type" : "ROOFTOP",
            "viewport" : {
               "northeast" : {
                  "lat" : 49.20546098029149,
                  "lng" : -122.7796340197085
               },
               "southwest" : {
                  "lat" : 49.20276301970849,
                  "lng" : -122.7823319802915
               }
            }
         },
         "place_id" : "ChIJT0b37_3WhVQRb5cVSoAILuc",
         "types" : [ "street_address" ]
      }
   ],
   "status" : "OK"
}
