{
   "results" : [
      {
         "address_components" : [
            {
               "long_name" : "16",
               "short_name" : "16",
               "types" : [ "street_number" ]
            },
            {
               "long_name" : "Avenue Brock Sud",
               "short_name" : "Avenue Brock S",
               "types" : [ "route" ]
            },
            {
               "long_name" : "Montréal-Ouest",
               "short_name" : "Montréal-Ouest",
               "types" : [ "locality", "political" ]
            },
            {
               "long_name" : "Communauté-Urbaine-de-Montréal",
               "short_name" : "Communauté-Urbaine-de-Montréal",
               "types" : [ "administrative_area_level_2", "political" ]
            },
            {
               "long_name" : "Québec",
               "short_name" : "QC",
               "types" : [ "administrative_area_level_1", "political" ]
            },
            {
               "long_name" : "Canada",
               "short_name" : "CA",
               "types" : [ "country", "political" ]
            },
            {
               "long_name" : "H4X 2E5",
               "short_name" : "H4X 2E5",
               "types" : [ "postal_code" ]
            }
         ],
         "formatted_address" : "16 Avenue Brock S, Montréal-Ouest, QC H4X 2E5, Canada",
         "geometry" : {
            "location" : {
               "lat" : 45.4527805,
               "lng" : -73.6416534
            },
            "location_type" : "ROOFTOP",
            "viewport" : {
               "northeast" : {
                  "lat" : 45.45412948029151,
                  "lng" : -73.6403044197085
               },
               "southwest" : {
                  "lat" : 45.45143151970851,
                  "lng" : -73.64300238029151
               }
            }
         },
         "partial_match" : true,
         "place_id" : "ChIJ-UGl4SsXyUwRDn753JfSe2M",
         "types" : [ "street_address" ]
      }
   ],
   "status" : "OK"
}
