{
   "results" : [
      {
         "address_components" : [
            {
               "long_name" : "16",
               "short_name" : "16",
               "types" : [ "street_number" ]
            },
            {
               "long_name" : "Gatewood Road",
               "short_name" : "Gatewood Rd",
               "types" : [ "route" ]
            },
            {
               "long_name" : "Meinzinger State Park",
               "short_name" : "Meinzinger State Park",
               "types" : [ "neighborhood", "political" ]
            },
            {
               "long_name" : "Kitchener",
               "short_name" : "Kitchener",
               "types" : [ "locality", "political" ]
            },
            {
               "long_name" : "Waterloo Regional Municipality",
               "short_name" : "Waterloo Regional Municipality",
               "types" : [ "administrative_area_level_2", "political" ]
            },
            {
               "long_name" : "Ontario",
               "short_name" : "ON",
               "types" : [ "administrative_area_level_1", "political" ]
            },
            {
               "long_name" : "Canada",
               "short_name" : "CA",
               "types" : [ "country", "political" ]
            },
            {
               "long_name" : "N2M 4E4",
               "short_name" : "N2M 4E4",
               "types" : [ "postal_code" ]
            }
         ],
         "formatted_address" : "16 Gatewood Rd, Kitchener, ON N2M 4E4, Canada",
         "geometry" : {
            "location" : {
               "lat" : 43.43210699999999,
               "lng" : -80.502691
            },
            "location_type" : "ROOFTOP",
            "viewport" : {
               "northeast" : {
                  "lat" : 43.43345598029149,
                  "lng" : -80.50134201970849
               },
               "southwest" : {
                  "lat" : 43.43075801970849,
                  "lng" : -80.50403998029151
               }
            }
         },
         "place_id" : "ChIJsyPTBav1K4gRHeLBlKY-Qak",
         "types" : [ "street_address" ]
      }
   ],
   "status" : "OK"
}
