{
   "results" : [
      {
         "address_components" : [
            {
               "long_name" : "16",
               "short_name" : "16",
               "types" : [ "street_number" ]
            },
            {
               "long_name" : "Maddybeth Crescent",
               "short_name" : "Maddybeth Crescent",
               "types" : [ "route" ]
            },
            {
               "long_name" : "Churchville",
               "short_name" : "Churchville",
               "types" : [ "neighborhood", "political" ]
            },
            {
               "long_name" : "Brampton",
               "short_name" : "Brampton",
               "types" : [ "locality", "political" ]
            },
            {
               "long_name" : "Peel Regional Municipality",
               "short_name" : "Peel Regional Municipality",
               "types" : [ "administrative_area_level_2", "political" ]
            },
            {
               "long_name" : "Ontario",
               "short_name" : "ON",
               "types" : [ "administrative_area_level_1", "political" ]
            },
            {
               "long_name" : "Canada",
               "short_name" : "CA",
               "types" : [ "country", "political" ]
            },
            {
               "long_name" : "L6Y 5R7",
               "short_name" : "L6Y 5R7",
               "types" : [ "postal_code" ]
            }
         ],
         "formatted_address" : "16 Maddybeth Crescent, Brampton, ON L6Y 5R7, Canada",
         "geometry" : {
            "location" : {
               "lat" : 43.643274,
               "lng" : -79.75354999999999
            },
            "location_type" : "ROOFTOP",
            "viewport" : {
               "northeast" : {
                  "lat" : 43.64462298029149,
                  "lng" : -79.75220101970849
               },
               "southwest" : {
                  "lat" : 43.64192501970849,
                  "lng" : -79.7548989802915
               }
            }
         },
         "place_id" : "ChIJWUOZrk8VK4gRF7LZbB266qc",
         "types" : [ "street_address" ]
      }
   ],
   "status" : "OK"
}
