{
   "results" : [
      {
         "address_components" : [
            {
               "long_name" : "16",
               "short_name" : "16",
               "types" : [ "street_number" ]
            },
            {
               "long_name" : "Millers Road",
               "short_name" : "Millers Rd",
               "types" : [ "route" ]
            },
            {
               "long_name" : "Glen Cairn",
               "short_name" : "Glen Cairn",
               "types" : [ "neighborhood", "political" ]
            },
            {
               "long_name" : "London",
               "short_name" : "London",
               "types" : [ "locality", "political" ]
            },
            {
               "long_name" : "Middlesex County",
               "short_name" : "Middlesex County",
               "types" : [ "administrative_area_level_2", "political" ]
            },
            {
               "long_name" : "Ontario",
               "short_name" : "ON",
               "types" : [ "administrative_area_level_1", "political" ]
            },
            {
               "long_name" : "Canada",
               "short_name" : "CA",
               "types" : [ "country", "political" ]
            },
            {
               "long_name" : "N5Z 4S7",
               "short_name" : "N5Z 4S7",
               "types" : [ "postal_code" ]
            }
         ],
         "formatted_address" : "16 Millers Rd, London, ON N5Z 4S7, Canada",
         "geometry" : {
            "location" : {
               "lat" : 42.9496977,
               "lng" : -81.19675769999999
            },
            "location_type" : "ROOFTOP",
            "viewport" : {
               "northeast" : {
                  "lat" : 42.9510466802915,
                  "lng" : -81.1954087197085
               },
               "southwest" : {
                  "lat" : 42.94834871970851,
                  "lng" : -81.1981066802915
               }
            }
         },
         "place_id" : "ChIJTRawKh3zLogR5fxRh8MYA68",
         "types" : [ "street_address" ]
      }
   ],
   "status" : "OK"
}
