{
   "results" : [
      {
         "address_components" : [
            {
               "long_name" : "18",
               "short_name" : "18",
               "types" : [ "street_number" ]
            },
            {
               "long_name" : "La Rose Avenue",
               "short_name" : "La Rose Ave",
               "types" : [ "route" ]
            },
            {
               "long_name" : "Humber Heights - Westmount",
               "short_name" : "Humber Heights - Westmount",
               "types" : [ "neighborhood", "political" ]
            },
            {
               "long_name" : "Etobicoke",
               "short_name" : "Etobicoke",
               "types" : [ "sublocality_level_1", "sublocality", "political" ]
            },
            {
               "long_name" : "Toronto",
               "short_name" : "Toronto",
               "types" : [ "locality", "political" ]
            },
            {
               "long_name" : "Toronto Division",
               "short_name" : "Toronto Division",
               "types" : [ "administrative_area_level_2", "political" ]
            },
            {
               "long_name" : "Ontario",
               "short_name" : "ON",
               "types" : [ "administrative_area_level_1", "political" ]
            },
            {
               "long_name" : "Canada",
               "short_name" : "CA",
               "types" : [ "country", "political" ]
            },
            {
               "long_name" : "M9P 1A5",
               "short_name" : "M9P 1A5",
               "types" : [ "postal_code" ]
            }
         ],
         "formatted_address" : "18 La Rose Ave, Etobicoke, ON M9P 1A5, Canada",
         "geometry" : {
            "location" : {
               "lat" : 43.6867224,
               "lng" : -79.5149552
            },
            "location_type" : "ROOFTOP",
            "viewport" : {
               "northeast" : {
                  "lat" : 43.6880713802915,
                  "lng" : -79.51360621970849
               },
               "southwest" : {
                  "lat" : 43.6853734197085,
                  "lng" : -79.5163041802915
               }
            }
         },
         "partial_match" : true,
         "place_id" : "ChIJYb6gjtU2K4gRqKYwH7obq4Y",
         "types" : [ "street_address" ]
      }
   ],
   "status" : "OK"
}
