{
   "results" : [
      {
         "address_components" : [
            {
               "long_name" : "16083",
               "short_name" : "16083",
               "types" : [ "street_number" ]
            },
            {
               "long_name" : "93 Avenue",
               "short_name" : "93 Ave",
               "types" : [ "route" ]
            },
            {
               "long_name" : "Surrey",
               "short_name" : "Surrey",
               "types" : [ "locality", "political" ]
            },
            {
               "long_name" : "Greater Vancouver",
               "short_name" : "Greater Vancouver",
               "types" : [ "administrative_area_level_2", "political" ]
            },
            {
               "long_name" : "British Columbia",
               "short_name" : "BC",
               "types" : [ "administrative_area_level_1", "political" ]
            },
            {
               "long_name" : "Canada",
               "short_name" : "CA",
               "types" : [ "country", "political" ]
            },
            {
               "long_name" : "V4N 3E3",
               "short_name" : "V4N 3E3",
               "types" : [ "postal_code" ]
            }
         ],
         "formatted_address" : "16083 93 Ave, Surrey, BC V4N 3E3, Canada",
         "geometry" : {
            "bounds" : {
               "northeast" : {
                  "lat" : 49.1721673,
                  "lng" : -122.7767078
               },
               "southwest" : {
                  "lat" : 49.1721552,
                  "lng" : -122.7767114
               }
            },
            "location" : {
               "lat" : 49.1721673,
               "lng" : -122.7767078
            },
            "location_type" : "RANGE_INTERPOLATED",
            "viewport" : {
               "northeast" : {
                  "lat" : 49.1735102302915,
                  "lng" : -122.7753606197085
               },
               "southwest" : {
                  "lat" : 49.1708122697085,
                  "lng" : -122.7780585802915
               }
            }
         },
         "place_id" : "EigxNjA4MyA5MyBBdmUsIFN1cnJleSwgQkMgVjROIDNFMywgQ2FuYWRh",
         "types" : [ "street_address" ]
      }
   ],
   "status" : "OK"
}
