{
   "results" : [
      {
         "address_components" : [
            {
               "long_name" : "161",
               "short_name" : "161",
               "types" : [ "street_number" ]
            },
            {
               "long_name" : "Coleman Street",
               "short_name" : "Coleman St",
               "types" : [ "route" ]
            },
            {
               "long_name" : "Innerkip",
               "short_name" : "Innerkip",
               "types" : [ "locality", "political" ]
            },
            {
               "long_name" : "East Zorra-Tavistock",
               "short_name" : "East Zorra-Tavistock",
               "types" : [ "administrative_area_level_3", "political" ]
            },
            {
               "long_name" : "Oxford County",
               "short_name" : "Oxford County",
               "types" : [ "administrative_area_level_2", "political" ]
            },
            {
               "long_name" : "Ontario",
               "short_name" : "ON",
               "types" : [ "administrative_area_level_1", "political" ]
            },
            {
               "long_name" : "Canada",
               "short_name" : "CA",
               "types" : [ "country", "political" ]
            },
            {
               "long_name" : "N0J 1M0",
               "short_name" : "N0J 1M0",
               "types" : [ "postal_code" ]
            }
         ],
         "formatted_address" : "161 Coleman St, Innerkip, ON N0J 1M0, Canada",
         "geometry" : {
            "location" : {
               "lat" : 43.2076971,
               "lng" : -80.6986215
            },
            "location_type" : "ROOFTOP",
            "viewport" : {
               "northeast" : {
                  "lat" : 43.20904608029149,
                  "lng" : -80.69727251970849
               },
               "southwest" : {
                  "lat" : 43.2063481197085,
                  "lng" : -80.69997048029151
               }
            }
         },
         "place_id" : "ChIJ1VkQjr0bLIgRGqI2QlisQmg",
         "types" : [ "street_address" ]
      }
   ],
   "status" : "OK"
}
