{
   "results" : [
      {
         "address_components" : [
            {
               "long_name" : "Unit 23",
               "short_name" : "Unit 23",
               "types" : [ "subpremise" ]
            },
            {
               "long_name" : "1615",
               "short_name" : "1615",
               "types" : [ "street_number" ]
            },
            {
               "long_name" : "Byron Baseline Road",
               "short_name" : "Byron Baseline Rd",
               "types" : [ "route" ]
            },
            {
               "long_name" : "Byron",
               "short_name" : "Byron",
               "types" : [ "neighborhood", "political" ]
            },
            {
               "long_name" : "London",
               "short_name" : "London",
               "types" : [ "locality", "political" ]
            },
            {
               "long_name" : "Middlesex County",
               "short_name" : "Middlesex County",
               "types" : [ "administrative_area_level_2", "political" ]
            },
            {
               "long_name" : "Ontario",
               "short_name" : "ON",
               "types" : [ "administrative_area_level_1", "political" ]
            },
            {
               "long_name" : "Canada",
               "short_name" : "CA",
               "types" : [ "country", "political" ]
            },
            {
               "long_name" : "N6K 4N3",
               "short_name" : "N6K 4N3",
               "types" : [ "postal_code" ]
            }
         ],
         "formatted_address" : "1615 Byron Baseline Rd Unit 23, London, ON N6K 4N3, Canada",
         "geometry" : {
            "location" : {
               "lat" : 42.9518,
               "lng" : -81.3502
            },
            "location_type" : "ROOFTOP",
            "viewport" : {
               "northeast" : {
                  "lat" : 42.95314898029149,
                  "lng" : -81.3488510197085
               },
               "southwest" : {
                  "lat" : 42.9504510197085,
                  "lng" : -81.35154898029151
               }
            }
         },
         "place_id" : "ChIJO4K7MnD6LogR-aa23B3np5w",
         "types" : [ "street_address" ]
      }
   ],
   "status" : "OK"
}
