{
   "results" : [
      {
         "address_components" : [
            {
               "long_name" : "1625",
               "short_name" : "1625",
               "types" : [ "street_number" ]
            },
            {
               "long_name" : "Hollywell Avenue",
               "short_name" : "Hollywell Ave",
               "types" : [ "route" ]
            },
            {
               "long_name" : "East Credit",
               "short_name" : "East Credit",
               "types" : [ "neighborhood", "political" ]
            },
            {
               "long_name" : "Mississauga",
               "short_name" : "Mississauga",
               "types" : [ "locality", "political" ]
            },
            {
               "long_name" : "Peel Regional Municipality",
               "short_name" : "Peel Regional Municipality",
               "types" : [ "administrative_area_level_2", "political" ]
            },
            {
               "long_name" : "Ontario",
               "short_name" : "ON",
               "types" : [ "administrative_area_level_1", "political" ]
            },
            {
               "long_name" : "Canada",
               "short_name" : "CA",
               "types" : [ "country", "political" ]
            },
            {
               "long_name" : "L5N 4P8",
               "short_name" : "L5N 4P8",
               "types" : [ "postal_code" ]
            }
         ],
         "formatted_address" : "1625 Hollywell Ave, Mississauga, ON L5N 4P8, Canada",
         "geometry" : {
            "location" : {
               "lat" : 43.5995092,
               "lng" : -79.72045439999999
            },
            "location_type" : "ROOFTOP",
            "viewport" : {
               "northeast" : {
                  "lat" : 43.6008581802915,
                  "lng" : -79.71910541970848
               },
               "southwest" : {
                  "lat" : 43.5981602197085,
                  "lng" : -79.7218033802915
               }
            }
         },
         "place_id" : "ChIJiayVKjRAK4gRVfX5xdbTh1I",
         "types" : [ "street_address" ]
      }
   ],
   "status" : "OK"
}
