{
   "results" : [
      {
         "address_components" : [
            {
               "long_name" : "163",
               "short_name" : "163",
               "types" : [ "street_number" ]
            },
            {
               "long_name" : "Rue Michener",
               "short_name" : "Rue Michener",
               "types" : [ "route" ]
            },
            {
               "long_name" : "Châteauguay",
               "short_name" : "Châteauguay",
               "types" : [ "locality", "political" ]
            },
            {
               "long_name" : "Roussillon",
               "short_name" : "Roussillon",
               "types" : [ "administrative_area_level_2", "political" ]
            },
            {
               "long_name" : "Québec",
               "short_name" : "QC",
               "types" : [ "administrative_area_level_1", "political" ]
            },
            {
               "long_name" : "Canada",
               "short_name" : "CA",
               "types" : [ "country", "political" ]
            },
            {
               "long_name" : "J6J 2B3",
               "short_name" : "J6J 2B3",
               "types" : [ "postal_code" ]
            }
         ],
         "formatted_address" : "163 Rue Michener, Châteauguay, QC J6J 2B3, Canada",
         "geometry" : {
            "location" : {
               "lat" : 45.366634,
               "lng" : -73.7360077
            },
            "location_type" : "ROOFTOP",
            "viewport" : {
               "northeast" : {
                  "lat" : 45.3679829802915,
                  "lng" : -73.73465871970849
               },
               "southwest" : {
                  "lat" : 45.3652850197085,
                  "lng" : -73.73735668029151
               }
            }
         },
         "place_id" : "ChIJWa2Je-AUyUwRyS8mAkb2wzw",
         "types" : [ "street_address" ]
      }
   ],
   "status" : "OK"
}
