{
   "results" : [
      {
         "address_components" : [
            {
               "long_name" : "1632",
               "short_name" : "1632",
               "types" : [ "street_number" ]
            },
            {
               "long_name" : "Tye Road",
               "short_name" : "Tye Rd",
               "types" : [ "route" ]
            },
            {
               "long_name" : "New Hamburg",
               "short_name" : "New Hamburg",
               "types" : [ "locality", "political" ]
            },
            {
               "long_name" : "Wilmot",
               "short_name" : "Wilmot",
               "types" : [ "administrative_area_level_3", "political" ]
            },
            {
               "long_name" : "Waterloo Regional Municipality",
               "short_name" : "Waterloo Regional Municipality",
               "types" : [ "administrative_area_level_2", "political" ]
            },
            {
               "long_name" : "Ontario",
               "short_name" : "ON",
               "types" : [ "administrative_area_level_1", "political" ]
            },
            {
               "long_name" : "Canada",
               "short_name" : "CA",
               "types" : [ "country", "political" ]
            },
            {
               "long_name" : "N3A 2Z1",
               "short_name" : "N3A 2Z1",
               "types" : [ "postal_code" ]
            }
         ],
         "formatted_address" : "1632 Tye Rd, New Hamburg, ON N3A 2Z1, Canada",
         "geometry" : {
            "location" : {
               "lat" : 43.3489808,
               "lng" : -80.6648622
            },
            "location_type" : "ROOFTOP",
            "viewport" : {
               "northeast" : {
                  "lat" : 43.3503297802915,
                  "lng" : -80.66351321970851
               },
               "southwest" : {
                  "lat" : 43.3476318197085,
                  "lng" : -80.66621118029151
               }
            }
         },
         "place_id" : "ChIJsV31jWgGLIgRpmh4hmjtQxY",
         "types" : [ "street_address" ]
      }
   ],
   "status" : "OK"
}
