{
   "results" : [
      {
         "address_components" : [
            {
               "long_name" : "164",
               "short_name" : "164",
               "types" : [ "street_number" ]
            },
            {
               "long_name" : "Rue Desjardins",
               "short_name" : "Rue Desjardins",
               "types" : [ "route" ]
            },
            {
               "long_name" : "Beloeil",
               "short_name" : "Beloeil",
               "types" : [ "locality", "political" ]
            },
            {
               "long_name" : "La Vallée-du-Richelieu",
               "short_name" : "La Vallée-du-Richelieu",
               "types" : [ "administrative_area_level_2", "political" ]
            },
            {
               "long_name" : "Québec",
               "short_name" : "QC",
               "types" : [ "administrative_area_level_1", "political" ]
            },
            {
               "long_name" : "Canada",
               "short_name" : "CA",
               "types" : [ "country", "political" ]
            },
            {
               "long_name" : "J3G 5P8",
               "short_name" : "J3G 5P8",
               "types" : [ "postal_code" ]
            }
         ],
         "formatted_address" : "164 Rue Desjardins, Beloeil, QC J3G 5P8, Canada",
         "geometry" : {
            "location" : {
               "lat" : 45.5816779,
               "lng" : -73.201213
            },
            "location_type" : "ROOFTOP",
            "viewport" : {
               "northeast" : {
                  "lat" : 45.5830268802915,
                  "lng" : -73.1998640197085
               },
               "southwest" : {
                  "lat" : 45.5803289197085,
                  "lng" : -73.20256198029151
               }
            }
         },
         "place_id" : "ChIJKxtd4zNVyEwRuzEwJiC1Sac",
         "types" : [ "street_address" ]
      }
   ],
   "status" : "OK"
}
