{
   "results" : [
      {
         "address_components" : [
            {
               "long_name" : "Unit 95",
               "short_name" : "Unit 95",
               "types" : [ "subpremise" ]
            },
            {
               "long_name" : "166",
               "short_name" : "166",
               "types" : [ "street_number" ]
            },
            {
               "long_name" : "Southdale Road West",
               "short_name" : "Southdale Rd W",
               "types" : [ "route" ]
            },
            {
               "long_name" : "Highland",
               "short_name" : "Highland",
               "types" : [ "neighborhood", "political" ]
            },
            {
               "long_name" : "London",
               "short_name" : "London",
               "types" : [ "locality", "political" ]
            },
            {
               "long_name" : "Middlesex County",
               "short_name" : "Middlesex County",
               "types" : [ "administrative_area_level_2", "political" ]
            },
            {
               "long_name" : "Ontario",
               "short_name" : "ON",
               "types" : [ "administrative_area_level_1", "political" ]
            },
            {
               "long_name" : "Canada",
               "short_name" : "CA",
               "types" : [ "country", "political" ]
            },
            {
               "long_name" : "N6J 2J1",
               "short_name" : "N6J 2J1",
               "types" : [ "postal_code" ]
            }
         ],
         "formatted_address" : "166 Southdale Rd W Unit 95, London, ON N6J 2J1, Canada",
         "geometry" : {
            "location" : {
               "lat" : 42.94119999999999,
               "lng" : -81.2651
            },
            "location_type" : "ROOFTOP",
            "viewport" : {
               "northeast" : {
                  "lat" : 42.94254898029149,
                  "lng" : -81.26375101970851
               },
               "southwest" : {
                  "lat" : 42.93985101970849,
                  "lng" : -81.26644898029151
               }
            }
         },
         "place_id" : "ChIJ1yqv5WjxLogRbOPRa_s4ExU",
         "types" : [ "street_address" ]
      }
   ],
   "status" : "OK"
}
