{
   "results" : [
      {
         "address_components" : [
            {
               "long_name" : "167",
               "short_name" : "167",
               "types" : [ "street_number" ]
            },
            {
               "long_name" : "Lynnbrook Crescent",
               "short_name" : "Lynnbrook Crescent",
               "types" : [ "route" ]
            },
            {
               "long_name" : "Waterloo",
               "short_name" : "Waterloo",
               "types" : [ "locality", "political" ]
            },
            {
               "long_name" : "Waterloo Regional Municipality",
               "short_name" : "Waterloo Regional Municipality",
               "types" : [ "administrative_area_level_2", "political" ]
            },
            {
               "long_name" : "Ontario",
               "short_name" : "ON",
               "types" : [ "administrative_area_level_1", "political" ]
            },
            {
               "long_name" : "Canada",
               "short_name" : "CA",
               "types" : [ "country", "political" ]
            },
            {
               "long_name" : "N2L 4X2",
               "short_name" : "N2L 4X2",
               "types" : [ "postal_code" ]
            }
         ],
         "formatted_address" : "167 Lynnbrook Crescent, Waterloo, ON N2L 4X2, Canada",
         "geometry" : {
            "location" : {
               "lat" : 43.49125249999999,
               "lng" : -80.54792639999999
            },
            "location_type" : "ROOFTOP",
            "viewport" : {
               "northeast" : {
                  "lat" : 43.4926014802915,
                  "lng" : -80.5465774197085
               },
               "southwest" : {
                  "lat" : 43.4899035197085,
                  "lng" : -80.5492753802915
               }
            }
         },
         "place_id" : "ChIJd7Zsx17xK4gRTEfU5z6psX0",
         "types" : [ "street_address" ]
      }
   ],
   "status" : "OK"
}
