{
   "results" : [
      {
         "address_components" : [
            {
               "long_name" : "168",
               "short_name" : "168",
               "types" : [ "street_number" ]
            },
            {
               "long_name" : "Ellesmeer Avenue",
               "short_name" : "Ellesmeer Ave",
               "types" : [ "route" ]
            },
            {
               "long_name" : "Cataraqui North",
               "short_name" : "Cataraqui North",
               "types" : [ "neighborhood", "political" ]
            },
            {
               "long_name" : "Kingston",
               "short_name" : "Kingston",
               "types" : [ "locality", "political" ]
            },
            {
               "long_name" : "Frontenac County",
               "short_name" : "Frontenac County",
               "types" : [ "administrative_area_level_2", "political" ]
            },
            {
               "long_name" : "Ontario",
               "short_name" : "ON",
               "types" : [ "administrative_area_level_1", "political" ]
            },
            {
               "long_name" : "Canada",
               "short_name" : "CA",
               "types" : [ "country", "political" ]
            },
            {
               "long_name" : "K7P 3H6",
               "short_name" : "K7P 3H6",
               "types" : [ "postal_code" ]
            }
         ],
         "formatted_address" : "168 Ellesmeer Ave, Kingston, ON K7P 3H6, Canada",
         "geometry" : {
            "location" : {
               "lat" : 44.2601881,
               "lng" : -76.54881209999999
            },
            "location_type" : "ROOFTOP",
            "viewport" : {
               "northeast" : {
                  "lat" : 44.2615370802915,
                  "lng" : -76.54746311970848
               },
               "southwest" : {
                  "lat" : 44.2588391197085,
                  "lng" : -76.5501610802915
               }
            }
         },
         "place_id" : "ChIJsUfAnj-s0kwRiIYtjaSI204",
         "types" : [ "street_address" ]
      }
   ],
   "status" : "OK"
}
