{
   "results" : [
      {
         "address_components" : [
            {
               "long_name" : "1687",
               "short_name" : "1687",
               "types" : [ "street_number" ]
            },
            {
               "long_name" : "Lincolnshire Boulevard",
               "short_name" : "Lincolnshire Blvd",
               "types" : [ "route" ]
            },
            {
               "long_name" : "Lakeview",
               "short_name" : "Lakeview",
               "types" : [ "neighborhood", "political" ]
            },
            {
               "long_name" : "Mississauga",
               "short_name" : "Mississauga",
               "types" : [ "locality", "political" ]
            },
            {
               "long_name" : "Peel Regional Municipality",
               "short_name" : "Peel Regional Municipality",
               "types" : [ "administrative_area_level_2", "political" ]
            },
            {
               "long_name" : "Ontario",
               "short_name" : "ON",
               "types" : [ "administrative_area_level_1", "political" ]
            },
            {
               "long_name" : "Canada",
               "short_name" : "CA",
               "types" : [ "country", "political" ]
            },
            {
               "long_name" : "L5E 2T2",
               "short_name" : "L5E 2T2",
               "types" : [ "postal_code" ]
            }
         ],
         "formatted_address" : "1687 Lincolnshire Blvd, Mississauga, ON L5E 2T2, Canada",
         "geometry" : {
            "location" : {
               "lat" : 43.601743,
               "lng" : -79.55877100000001
            },
            "location_type" : "ROOFTOP",
            "viewport" : {
               "northeast" : {
                  "lat" : 43.6030919802915,
                  "lng" : -79.55742201970851
               },
               "southwest" : {
                  "lat" : 43.6003940197085,
                  "lng" : -79.56011998029152
               }
            }
         },
         "place_id" : "ChIJYWLVXQpIK4gRcL939IbsfoY",
         "types" : [ "street_address" ]
      }
   ],
   "status" : "OK"
}
