{
   "results" : [
      {
         "address_components" : [
            {
               "long_name" : "1688",
               "short_name" : "1688",
               "types" : [ "street_number" ]
            },
            {
               "long_name" : "Knight Avenue",
               "short_name" : "Knight Ave",
               "types" : [ "route" ]
            },
            {
               "long_name" : "Victoria",
               "short_name" : "Victoria",
               "types" : [ "locality", "political" ]
            },
            {
               "long_name" : "Saanich",
               "short_name" : "Saanich",
               "types" : [ "administrative_area_level_3", "political" ]
            },
            {
               "long_name" : "Capital",
               "short_name" : "Capital",
               "types" : [ "administrative_area_level_2", "political" ]
            },
            {
               "long_name" : "British Columbia",
               "short_name" : "BC",
               "types" : [ "administrative_area_level_1", "political" ]
            },
            {
               "long_name" : "Canada",
               "short_name" : "CA",
               "types" : [ "country", "political" ]
            },
            {
               "long_name" : "V8P 1L7",
               "short_name" : "V8P 1L7",
               "types" : [ "postal_code" ]
            }
         ],
         "formatted_address" : "1688 Knight Ave, Victoria, BC V8P 1L7, Canada",
         "geometry" : {
            "location" : {
               "lat" : 48.45289210000001,
               "lng" : -123.3307874
            },
            "location_type" : "ROOFTOP",
            "viewport" : {
               "northeast" : {
                  "lat" : 48.45424108029151,
                  "lng" : -123.3294384197085
               },
               "southwest" : {
                  "lat" : 48.45154311970851,
                  "lng" : -123.3321363802915
               }
            }
         },
         "place_id" : "ChIJD1nuSfFzj1QRgg-Nof5WMu0",
         "types" : [ "street_address" ]
      }
   ],
   "status" : "OK"
}
