{
   "results" : [
      {
         "address_components" : [
            {
               "long_name" : "169",
               "short_name" : "169",
               "types" : [ "street_number" ]
            },
            {
               "long_name" : "Thornberry Lane",
               "short_name" : "Thornberry Ln",
               "types" : [ "route" ]
            },
            {
               "long_name" : "Westvale",
               "short_name" : "Westvale",
               "types" : [ "neighborhood", "political" ]
            },
            {
               "long_name" : "Waterloo",
               "short_name" : "Waterloo",
               "types" : [ "locality", "political" ]
            },
            {
               "long_name" : "Waterloo Regional Municipality",
               "short_name" : "Waterloo Regional Municipality",
               "types" : [ "administrative_area_level_2", "political" ]
            },
            {
               "long_name" : "Ontario",
               "short_name" : "ON",
               "types" : [ "administrative_area_level_1", "political" ]
            },
            {
               "long_name" : "Canada",
               "short_name" : "CA",
               "types" : [ "country", "political" ]
            },
            {
               "long_name" : "N2T 2C9",
               "short_name" : "N2T 2C9",
               "types" : [ "postal_code" ]
            }
         ],
         "formatted_address" : "169 Thornberry Ln, Waterloo, ON N2T 2C9, Canada",
         "geometry" : {
            "location" : {
               "lat" : 43.445649,
               "lng" : -80.56097799999999
            },
            "location_type" : "ROOFTOP",
            "viewport" : {
               "northeast" : {
                  "lat" : 43.4469979802915,
                  "lng" : -80.55962901970848
               },
               "southwest" : {
                  "lat" : 43.4443000197085,
                  "lng" : -80.56232698029149
               }
            }
         },
         "place_id" : "ChIJ7dJtL4z2K4gRWJY3W6waZn8",
         "types" : [ "street_address" ]
      }
   ],
   "status" : "OK"
}
