{
   "results" : [
      {
         "address_components" : [
            {
               "long_name" : "17",
               "short_name" : "17",
               "types" : [ "street_number" ]
            },
            {
               "long_name" : "Creekside Road",
               "short_name" : "Creekside Rd",
               "types" : [ "route" ]
            },
            {
               "long_name" : "Newtonbrook",
               "short_name" : "Newtonbrook",
               "types" : [ "neighborhood", "political" ]
            },
            {
               "long_name" : "North York",
               "short_name" : "North York",
               "types" : [ "sublocality_level_1", "sublocality", "political" ]
            },
            {
               "long_name" : "Toronto",
               "short_name" : "Toronto",
               "types" : [ "locality", "political" ]
            },
            {
               "long_name" : "Toronto Division",
               "short_name" : "Toronto Division",
               "types" : [ "administrative_area_level_2", "political" ]
            },
            {
               "long_name" : "Ontario",
               "short_name" : "ON",
               "types" : [ "administrative_area_level_1", "political" ]
            },
            {
               "long_name" : "Canada",
               "short_name" : "CA",
               "types" : [ "country", "political" ]
            },
            {
               "long_name" : "M2M 3R5",
               "short_name" : "M2M 3R5",
               "types" : [ "postal_code" ]
            }
         ],
         "formatted_address" : "17 Creekside Rd, North York, ON M2M 3R5, Canada",
         "geometry" : {
            "bounds" : {
               "northeast" : {
                  "lat" : 43.8010035,
                  "lng" : -79.3965599
               },
               "southwest" : {
                  "lat" : 43.80099730000001,
                  "lng" : -79.3965766
               }
            },
            "location" : {
               "lat" : 43.8010035,
               "lng" : -79.3965599
            },
            "location_type" : "RANGE_INTERPOLATED",
            "viewport" : {
               "northeast" : {
                  "lat" : 43.8023493802915,
                  "lng" : -79.39521926970851
               },
               "southwest" : {
                  "lat" : 43.7996514197085,
                  "lng" : -79.39791723029151
               }
            }
         },
         "partial_match" : true,
         "place_id" : "Ei8xNyBDcmVla3NpZGUgUmQsIE5vcnRoIFlvcmssIE9OIE0yTSAzUjUsIENhbmFkYQ",
         "types" : [ "street_address" ]
      }
   ],
   "status" : "OK"
}
