{
   "results" : [
      {
         "address_components" : [
            {
               "long_name" : "17",
               "short_name" : "17",
               "types" : [ "street_number" ]
            },
            {
               "long_name" : "Place de Bretagne",
               "short_name" : "Place de Bretagne",
               "types" : [ "route" ]
            },
            {
               "long_name" : "Candiac",
               "short_name" : "Candiac",
               "types" : [ "sublocality_level_1", "sublocality", "political" ]
            },
            {
               "long_name" : "Candiac",
               "short_name" : "Candiac",
               "types" : [ "locality", "political" ]
            },
            {
               "long_name" : "Roussillon",
               "short_name" : "Roussillon",
               "types" : [ "administrative_area_level_2", "political" ]
            },
            {
               "long_name" : "Québec",
               "short_name" : "QC",
               "types" : [ "administrative_area_level_1", "political" ]
            },
            {
               "long_name" : "Canada",
               "short_name" : "CA",
               "types" : [ "country", "political" ]
            },
            {
               "long_name" : "J5R 3M9",
               "short_name" : "J5R 3M9",
               "types" : [ "postal_code" ]
            }
         ],
         "formatted_address" : "17 Place de Bretagne, Candiac, QC J5R 3M9, Canada",
         "geometry" : {
            "bounds" : {
               "northeast" : {
                  "lat" : 45.3879281,
                  "lng" : -73.5107138
               },
               "southwest" : {
                  "lat" : 45.38791579999999,
                  "lng" : -73.51072069999999
               }
            },
            "location" : {
               "lat" : 45.3879281,
               "lng" : -73.5107138
            },
            "location_type" : "RANGE_INTERPOLATED",
            "viewport" : {
               "northeast" : {
                  "lat" : 45.3892709302915,
                  "lng" : -73.50936826970849
               },
               "southwest" : {
                  "lat" : 45.3865729697085,
                  "lng" : -73.51206623029151
               }
            }
         },
         "place_id" : "EjExNyBQbGFjZSBkZSBCcmV0YWduZSwgQ2FuZGlhYywgUUMgSjVSIDNNOSwgQ2FuYWRh",
         "types" : [ "street_address" ]
      }
   ],
   "status" : "OK"
}
