{
   "results" : [
      {
         "address_components" : [
            {
               "long_name" : "9",
               "short_name" : "9",
               "types" : [ "street_number" ]
            },
            {
               "long_name" : "Cadeau Terrace",
               "short_name" : "Cadeau Terrace",
               "types" : [ "route" ]
            },
            {
               "long_name" : "River Bend",
               "short_name" : "River Bend",
               "types" : [ "neighborhood", "political" ]
            },
            {
               "long_name" : "London",
               "short_name" : "London",
               "types" : [ "locality", "political" ]
            },
            {
               "long_name" : "Middlesex County",
               "short_name" : "Middlesex County",
               "types" : [ "administrative_area_level_2", "political" ]
            },
            {
               "long_name" : "Ontario",
               "short_name" : "ON",
               "types" : [ "administrative_area_level_1", "political" ]
            },
            {
               "long_name" : "Canada",
               "short_name" : "CA",
               "types" : [ "country", "political" ]
            },
            {
               "long_name" : "N6K 4J3",
               "short_name" : "N6K 4J3",
               "types" : [ "postal_code" ]
            }
         ],
         "formatted_address" : "9 Cadeau Terrace, London, ON N6K 4J3, Canada",
         "geometry" : {
            "location" : {
               "lat" : 42.96636489999999,
               "lng" : -81.34991920000002
            },
            "location_type" : "ROOFTOP",
            "viewport" : {
               "northeast" : {
                  "lat" : 42.9677138802915,
                  "lng" : -81.34857021970852
               },
               "southwest" : {
                  "lat" : 42.9650159197085,
                  "lng" : -81.35126818029153
               }
            }
         },
         "partial_match" : true,
         "place_id" : "ChIJKTGAM4b6LogRodM4UQ-XXjQ",
         "types" : [ "street_address" ]
      }
   ],
   "status" : "OK"
}
