{
   "results" : [
      {
         "address_components" : [
            {
               "long_name" : "338",
               "short_name" : "338",
               "types" : [ "street_number" ]
            },
            {
               "long_name" : "Reynolds Street",
               "short_name" : "Reynolds St",
               "types" : [ "route" ]
            },
            {
               "long_name" : "Oakville",
               "short_name" : "Oakville",
               "types" : [ "locality", "political" ]
            },
            {
               "long_name" : "Halton Regional Municipality",
               "short_name" : "Halton Regional Municipality",
               "types" : [ "administrative_area_level_2", "political" ]
            },
            {
               "long_name" : "Ontario",
               "short_name" : "ON",
               "types" : [ "administrative_area_level_1", "political" ]
            },
            {
               "long_name" : "Canada",
               "short_name" : "CA",
               "types" : [ "country", "political" ]
            },
            {
               "long_name" : "L6J 3L8",
               "short_name" : "L6J 3L8",
               "types" : [ "postal_code" ]
            }
         ],
         "formatted_address" : "338 Reynolds St, Oakville, ON L6J 3L8, Canada",
         "geometry" : {
            "location" : {
               "lat" : 43.4531279,
               "lng" : -79.674639
            },
            "location_type" : "ROOFTOP",
            "viewport" : {
               "northeast" : {
                  "lat" : 43.45447688029149,
                  "lng" : -79.6732900197085
               },
               "southwest" : {
                  "lat" : 43.4517789197085,
                  "lng" : -79.67598798029151
               }
            }
         },
         "partial_match" : true,
         "place_id" : "ChIJfWVtZetcK4gRdULqPPNailk",
         "types" : [ "street_address" ]
      }
   ],
   "status" : "OK"
}
