{
   "results" : [
      {
         "address_components" : [
            {
               "long_name" : "172",
               "short_name" : "172",
               "types" : [ "street_number" ]
            },
            {
               "long_name" : "Rue Bellevue",
               "short_name" : "Rue Bellevue",
               "types" : [ "route" ]
            },
            {
               "long_name" : "Rimouski",
               "short_name" : "Rimouski",
               "types" : [ "locality", "political" ]
            },
            {
               "long_name" : "Rimouski-Neigette",
               "short_name" : "Rimouski-Neigette",
               "types" : [ "administrative_area_level_2", "political" ]
            },
            {
               "long_name" : "Québec",
               "short_name" : "QC",
               "types" : [ "administrative_area_level_1", "political" ]
            },
            {
               "long_name" : "Canada",
               "short_name" : "CA",
               "types" : [ "country", "political" ]
            },
            {
               "long_name" : "G5L 6Z1",
               "short_name" : "G5L 6Z1",
               "types" : [ "postal_code" ]
            }
         ],
         "formatted_address" : "172 Rue Bellevue, Rimouski, QC G5L 6Z1, Canada",
         "geometry" : {
            "bounds" : {
               "northeast" : {
                  "lat" : 48.427403,
                  "lng" : -68.5887747
               },
               "southwest" : {
                  "lat" : 48.4273939,
                  "lng" : -68.5887875
               }
            },
            "location" : {
               "lat" : 48.427403,
               "lng" : -68.5887747
            },
            "location_type" : "RANGE_INTERPOLATED",
            "viewport" : {
               "northeast" : {
                  "lat" : 48.42874743029149,
                  "lng" : -68.5874321197085
               },
               "southwest" : {
                  "lat" : 48.4260494697085,
                  "lng" : -68.5901300802915
               }
            }
         },
         "partial_match" : true,
         "place_id" : "Ei4xNzIgUnVlIEJlbGxldnVlLCBSaW1vdXNraSwgUUMgRzVMIDZaMSwgQ2FuYWRh",
         "types" : [ "street_address" ]
      }
   ],
   "status" : "OK"
}
