{
   "results" : [
      {
         "address_components" : [
            {
               "long_name" : "300",
               "short_name" : "300",
               "types" : [ "street_number" ]
            },
            {
               "long_name" : "Forrest Avenue",
               "short_name" : "Forrest Ave",
               "types" : [ "route" ]
            },
            {
               "long_name" : "Springfield",
               "short_name" : "Springfield",
               "types" : [ "locality", "political" ]
            },
            {
               "long_name" : "Capital Township",
               "short_name" : "Capital Township",
               "types" : [ "administrative_area_level_3", "political" ]
            },
            {
               "long_name" : "Sangamon County",
               "short_name" : "Sangamon County",
               "types" : [ "administrative_area_level_2", "political" ]
            },
            {
               "long_name" : "Illinois",
               "short_name" : "IL",
               "types" : [ "administrative_area_level_1", "political" ]
            },
            {
               "long_name" : "United States",
               "short_name" : "US",
               "types" : [ "country", "political" ]
            },
            {
               "long_name" : "62702",
               "short_name" : "62702",
               "types" : [ "postal_code" ]
            }
         ],
         "formatted_address" : "300 Forrest Ave, Springfield, IL 62702, USA",
         "geometry" : {
            "bounds" : {
               "northeast" : {
                  "lat" : 39.8040119,
                  "lng" : -89.6178611
               },
               "southwest" : {
                  "lat" : 39.8040117,
                  "lng" : -89.61787989999999
               }
            },
            "location" : {
               "lat" : 39.8040119,
               "lng" : -89.6178611
            },
            "location_type" : "RANGE_INTERPOLATED",
            "viewport" : {
               "northeast" : {
                  "lat" : 39.80536078029149,
                  "lng" : -89.61652151970848
               },
               "southwest" : {
                  "lat" : 39.80266281970849,
                  "lng" : -89.61921948029149
               }
            }
         },
         "partial_match" : true,
         "place_id" : "EiszMDAgRm9ycmVzdCBBdmUsIFNwcmluZ2ZpZWxkLCBJTCA2MjcwMiwgVVNB",
         "types" : [ "street_address" ]
      }
   ],
   "status" : "OK"
}
