{
   "results" : [
      {
         "address_components" : [
            {
               "long_name" : "305",
               "short_name" : "305",
               "types" : [ "street_number" ]
            },
            {
               "long_name" : "Avenue Sylvain",
               "short_name" : "Avenue Sylvain",
               "types" : [ "route" ]
            },
            {
               "long_name" : "Tring-Jonction",
               "short_name" : "Tring-Jonction",
               "types" : [ "locality", "political" ]
            },
            {
               "long_name" : "Robert-Cliche",
               "short_name" : "Robert-Cliche",
               "types" : [ "administrative_area_level_2", "political" ]
            },
            {
               "long_name" : "Québec",
               "short_name" : "QC",
               "types" : [ "administrative_area_level_1", "political" ]
            },
            {
               "long_name" : "Canada",
               "short_name" : "CA",
               "types" : [ "country", "political" ]
            },
            {
               "long_name" : "G0N 1X0",
               "short_name" : "G0N 1X0",
               "types" : [ "postal_code" ]
            }
         ],
         "formatted_address" : "305 Avenue Sylvain, Tring-Jonction, QC G0N 1X0, Canada",
         "geometry" : {
            "bounds" : {
               "northeast" : {
                  "lat" : 46.2739785,
                  "lng" : -70.99780609999999
               },
               "southwest" : {
                  "lat" : 46.2739708,
                  "lng" : -70.99782119999999
               }
            },
            "location" : {
               "lat" : 46.2739785,
               "lng" : -70.99780609999999
            },
            "location_type" : "RANGE_INTERPOLATED",
            "viewport" : {
               "northeast" : {
                  "lat" : 46.2753236302915,
                  "lng" : -70.9964646697085
               },
               "southwest" : {
                  "lat" : 46.2726256697085,
                  "lng" : -70.99916263029151
               }
            }
         },
         "place_id" : "EjYzMDUgQXZlbnVlIFN5bHZhaW4sIFRyaW5nLUpvbmN0aW9uLCBRQyBHME4gMVgwLCBDYW5hZGE",
         "types" : [ "street_address" ]
      }
   ],
   "status" : "OK"
}
