{
   "results" : [
      {
         "address_components" : [
            {
               "long_name" : "305",
               "short_name" : "305",
               "types" : [ "street_number" ]
            },
            {
               "long_name" : "Section I",
               "short_name" : "Section I",
               "types" : [ "route" ]
            },
            {
               "long_name" : "Wildwood",
               "short_name" : "Wildwood",
               "types" : [ "neighborhood", "political" ]
            },
            {
               "long_name" : "Winnipeg",
               "short_name" : "Winnipeg",
               "types" : [ "locality", "political" ]
            },
            {
               "long_name" : "Division No. 11",
               "short_name" : "Division No. 11",
               "types" : [ "administrative_area_level_2", "political" ]
            },
            {
               "long_name" : "Manitoba",
               "short_name" : "MB",
               "types" : [ "administrative_area_level_1", "political" ]
            },
            {
               "long_name" : "Canada",
               "short_name" : "CA",
               "types" : [ "country", "political" ]
            },
            {
               "long_name" : "R3T 0E5",
               "short_name" : "R3T 0E5",
               "types" : [ "postal_code" ]
            }
         ],
         "formatted_address" : "305 Section I, Winnipeg, MB R3T 0E5, Canada",
         "geometry" : {
            "bounds" : {
               "northeast" : {
                  "lat" : 49.8456818,
                  "lng" : -97.12897629999999
               },
               "southwest" : {
                  "lat" : 49.8456811,
                  "lng" : -97.1289951
               }
            },
            "location" : {
               "lat" : 49.8456818,
               "lng" : -97.1289951
            },
            "location_type" : "RANGE_INTERPOLATED",
            "viewport" : {
               "northeast" : {
                  "lat" : 49.8470304302915,
                  "lng" : -97.12763671970849
               },
               "southwest" : {
                  "lat" : 49.8443324697085,
                  "lng" : -97.1303346802915
               }
            }
         },
         "partial_match" : true,
         "place_id" : "EiszMDUgU2VjdGlvbiBJLCBXaW5uaXBlZywgTUIgUjNUIDBFNSwgQ2FuYWRh",
         "types" : [ "street_address" ]
      }
   ],
   "status" : "OK"
}
