{
   "results" : [
      {
         "address_components" : [
            {
               "long_name" : "3085",
               "short_name" : "3085",
               "types" : [ "street_number" ]
            },
            {
               "long_name" : "Kingsway Drive",
               "short_name" : "Kingsway Dr",
               "types" : [ "route" ]
            },
            {
               "long_name" : "Vanier",
               "short_name" : "Vanier",
               "types" : [ "neighborhood", "political" ]
            },
            {
               "long_name" : "Kitchener",
               "short_name" : "Kitchener",
               "types" : [ "locality", "political" ]
            },
            {
               "long_name" : "Waterloo Regional Municipality",
               "short_name" : "Waterloo Regional Municipality",
               "types" : [ "administrative_area_level_2", "political" ]
            },
            {
               "long_name" : "Ontario",
               "short_name" : "ON",
               "types" : [ "administrative_area_level_1", "political" ]
            },
            {
               "long_name" : "Canada",
               "short_name" : "CA",
               "types" : [ "country", "political" ]
            },
            {
               "long_name" : "N2C 2P1",
               "short_name" : "N2C 2P1",
               "types" : [ "postal_code" ]
            }
         ],
         "formatted_address" : "3085 Kingsway Dr, Kitchener, ON N2C 2P1, Canada",
         "geometry" : {
            "location" : {
               "lat" : 43.4234719,
               "lng" : -80.443489
            },
            "location_type" : "ROOFTOP",
            "viewport" : {
               "northeast" : {
                  "lat" : 43.42482088029151,
                  "lng" : -80.44214001970849
               },
               "southwest" : {
                  "lat" : 43.42212291970851,
                  "lng" : -80.44483798029151
               }
            }
         },
         "partial_match" : true,
         "place_id" : "ChIJ6fXsC9qKK4gRurScS3lnjOU",
         "types" : [ "street_address" ]
      }
   ],
   "status" : "OK"
}
