{
   "results" : [
      {
         "address_components" : [
            {
               "long_name" : "312",
               "short_name" : "312",
               "types" : [ "street_number" ]
            },
            {
               "long_name" : "Loretta Avenue South",
               "short_name" : "Loretta Ave S",
               "types" : [ "route" ]
            },
            {
               "long_name" : "Centretown West",
               "short_name" : "Centretown West",
               "types" : [ "neighborhood", "political" ]
            },
            {
               "long_name" : "Ottawa",
               "short_name" : "Ottawa",
               "types" : [ "locality", "political" ]
            },
            {
               "long_name" : "Ottawa Division",
               "short_name" : "Ottawa Division",
               "types" : [ "administrative_area_level_2", "political" ]
            },
            {
               "long_name" : "Ontario",
               "short_name" : "ON",
               "types" : [ "administrative_area_level_1", "political" ]
            },
            {
               "long_name" : "Canada",
               "short_name" : "CA",
               "types" : [ "country", "political" ]
            },
            {
               "long_name" : "K1Y 1L3",
               "short_name" : "K1Y 1L3",
               "types" : [ "postal_code" ]
            }
         ],
         "formatted_address" : "312 Loretta Ave S, Ottawa, ON K1Y 1L3, Canada",
         "geometry" : {
            "location" : {
               "lat" : 45.3968449,
               "lng" : -75.71200779999999
            },
            "location_type" : "ROOFTOP",
            "viewport" : {
               "northeast" : {
                  "lat" : 45.39819388029151,
                  "lng" : -75.71065881970848
               },
               "southwest" : {
                  "lat" : 45.39549591970851,
                  "lng" : -75.71335678029149
               }
            }
         },
         "partial_match" : true,
         "place_id" : "ChIJHzUw9TIEzkwRPCuBPxj91uc",
         "types" : [ "street_address" ]
      }
   ],
   "status" : "OK"
}
