{
   "results" : [
      {
         "address_components" : [
            {
               "long_name" : "25",
               "short_name" : "25",
               "types" : [ "street_number" ]
            },
            {
               "long_name" : "Maitland Street",
               "short_name" : "Maitland St",
               "types" : [ "route" ]
            },
            {
               "long_name" : "Church and Wellesley",
               "short_name" : "Church and Wellesley",
               "types" : [ "neighborhood", "political" ]
            },
            {
               "long_name" : "Old Toronto",
               "short_name" : "Old Toronto",
               "types" : [ "sublocality_level_1", "sublocality", "political" ]
            },
            {
               "long_name" : "Toronto",
               "short_name" : "Toronto",
               "types" : [ "locality", "political" ]
            },
            {
               "long_name" : "Toronto Division",
               "short_name" : "Toronto Division",
               "types" : [ "administrative_area_level_2", "political" ]
            },
            {
               "long_name" : "Ontario",
               "short_name" : "ON",
               "types" : [ "administrative_area_level_1", "political" ]
            },
            {
               "long_name" : "Canada",
               "short_name" : "CA",
               "types" : [ "country", "political" ]
            },
            {
               "long_name" : "M4Y 2W1",
               "short_name" : "M4Y 2W1",
               "types" : [ "postal_code" ]
            }
         ],
         "formatted_address" : "25 Maitland St, Toronto, ON M4Y 2W1, Canada",
         "geometry" : {
            "location" : {
               "lat" : 43.6639646,
               "lng" : -79.3830632
            },
            "location_type" : "ROOFTOP",
            "viewport" : {
               "northeast" : {
                  "lat" : 43.6653135802915,
                  "lng" : -79.38171421970848
               },
               "southwest" : {
                  "lat" : 43.6626156197085,
                  "lng" : -79.38441218029151
               }
            }
         },
         "partial_match" : true,
         "place_id" : "ChIJC4fMebM0K4gRrbNzgswRaGQ",
         "types" : [ "street_address" ]
      }
   ],
   "status" : "OK"
}
