{
   "results" : [
      {
         "address_components" : [
            {
               "long_name" : "Rue Saint Pierre",
               "short_name" : "Rue Saint Pierre",
               "types" : [ "route" ]
            },
            {
               "long_name" : "Chicoutimi",
               "short_name" : "Chicoutimi",
               "types" : [ "sublocality_level_1", "sublocality", "political" ]
            },
            {
               "long_name" : "Saguenay",
               "short_name" : "Saguenay",
               "types" : [ "locality", "political" ]
            },
            {
               "long_name" : "Le Fjord-du-Saguenay",
               "short_name" : "Le Fjord-du-Saguenay",
               "types" : [ "administrative_area_level_2", "political" ]
            },
            {
               "long_name" : "Québec",
               "short_name" : "QC",
               "types" : [ "administrative_area_level_1", "political" ]
            },
            {
               "long_name" : "Canada",
               "short_name" : "CA",
               "types" : [ "country", "political" ]
            },
            {
               "long_name" : "G7H",
               "short_name" : "G7H",
               "types" : [ "postal_code_prefix", "postal_code" ]
            }
         ],
         "formatted_address" : "Rue Saint Pierre, Chicoutimi, QC G7H, Canada",
         "geometry" : {
            "bounds" : {
               "northeast" : {
                  "lat" : 48.4238741,
                  "lng" : -71.0661815
               },
               "southwest" : {
                  "lat" : 48.4236383,
                  "lng" : -71.06776739999999
               }
            },
            "location" : {
               "lat" : 48.423797,
               "lng" : -71.0672756
            },
            "location_type" : "GEOMETRIC_CENTER",
            "viewport" : {
               "northeast" : {
                  "lat" : 48.4251051802915,
                  "lng" : -71.06562546970848
               },
               "southwest" : {
                  "lat" : 48.4224072197085,
                  "lng" : -71.0683234302915
               }
            }
         },
         "partial_match" : true,
         "place_id" : "ChIJFxPyjUknwEwRMP_ul76VfXo",
         "types" : [ "route" ]
      }
   ],
   "status" : "OK"
}
