{
   "results" : [
      {
         "address_components" : [
            {
               "long_name" : "32",
               "short_name" : "32",
               "types" : [ "street_number" ]
            },
            {
               "long_name" : "Long Crescent",
               "short_name" : "Long Crescent",
               "types" : [ "route" ]
            },
            {
               "long_name" : "The Beach",
               "short_name" : "The Beach",
               "types" : [ "neighborhood", "political" ]
            },
            {
               "long_name" : "Old Toronto",
               "short_name" : "Old Toronto",
               "types" : [ "sublocality_level_1", "sublocality", "political" ]
            },
            {
               "long_name" : "Toronto",
               "short_name" : "Toronto",
               "types" : [ "locality", "political" ]
            },
            {
               "long_name" : "Toronto Division",
               "short_name" : "Toronto Division",
               "types" : [ "administrative_area_level_2", "political" ]
            },
            {
               "long_name" : "Ontario",
               "short_name" : "ON",
               "types" : [ "administrative_area_level_1", "political" ]
            },
            {
               "long_name" : "Canada",
               "short_name" : "CA",
               "types" : [ "country", "political" ]
            },
            {
               "long_name" : "M4E 1N6",
               "short_name" : "M4E 1N6",
               "types" : [ "postal_code" ]
            }
         ],
         "formatted_address" : "32 Long Crescent, Toronto, ON M4E 1N6, Canada",
         "geometry" : {
            "location" : {
               "lat" : 43.6770045,
               "lng" : -79.29880829999999
            },
            "location_type" : "ROOFTOP",
            "viewport" : {
               "northeast" : {
                  "lat" : 43.67835348029149,
                  "lng" : -79.29745931970848
               },
               "southwest" : {
                  "lat" : 43.67565551970849,
                  "lng" : -79.3001572802915
               }
            }
         },
         "place_id" : "ChIJEQJbAAXM1IkRsuV48TJag34",
         "types" : [ "street_address" ]
      }
   ],
   "status" : "OK"
}
