{
   "results" : [
      {
         "address_components" : [
            {
               "long_name" : "4",
               "short_name" : "4",
               "types" : [ "street_number" ]
            },
            {
               "long_name" : "Dayspring Circle",
               "short_name" : "Dayspring Cir",
               "types" : [ "route" ]
            },
            {
               "long_name" : "Brampton",
               "short_name" : "Brampton",
               "types" : [ "locality", "political" ]
            },
            {
               "long_name" : "Peel Regional Municipality",
               "short_name" : "Peel Regional Municipality",
               "types" : [ "administrative_area_level_2", "political" ]
            },
            {
               "long_name" : "Ontario",
               "short_name" : "ON",
               "types" : [ "administrative_area_level_1", "political" ]
            },
            {
               "long_name" : "Canada",
               "short_name" : "CA",
               "types" : [ "country", "political" ]
            },
            {
               "long_name" : "L6P 2Z7",
               "short_name" : "L6P 2Z7",
               "types" : [ "postal_code" ]
            }
         ],
         "formatted_address" : "4 Dayspring Cir, Brampton, ON L6P 2Z7, Canada",
         "geometry" : {
            "location" : {
               "lat" : 43.7604434,
               "lng" : -79.6912164
            },
            "location_type" : "ROOFTOP",
            "viewport" : {
               "northeast" : {
                  "lat" : 43.7617923802915,
                  "lng" : -79.68986741970851
               },
               "southwest" : {
                  "lat" : 43.7590944197085,
                  "lng" : -79.69256538029151
               }
            }
         },
         "partial_match" : true,
         "place_id" : "ChIJL4-ZHuE8K4gRDsRKP8WQDK0",
         "types" : [ "street_address" ]
      }
   ],
   "status" : "OK"
}
