{
   "results" : [
      {
         "address_components" : [
            {
               "long_name" : "g",
               "short_name" : "g",
               "types" : [ "subpremise" ]
            },
            {
               "long_name" : "",
               "short_name" : "",
               "types" : [ "premise" ]
            },
            {
               "long_name" : "329",
               "short_name" : "329",
               "types" : [ "street_number" ]
            },
            {
               "long_name" : "Broadway",
               "short_name" : "Broadway",
               "types" : [ "route" ]
            },
            {
               "long_name" : "Bethpage",
               "short_name" : "Bethpage",
               "types" : [ "locality", "political" ]
            },
            {
               "long_name" : "Oyster Bay",
               "short_name" : "Oyster Bay",
               "types" : [ "administrative_area_level_3", "political" ]
            },
            {
               "long_name" : "Nassau County",
               "short_name" : "Nassau County",
               "types" : [ "administrative_area_level_2", "political" ]
            },
            {
               "long_name" : "New York",
               "short_name" : "NY",
               "types" : [ "administrative_area_level_1", "political" ]
            },
            {
               "long_name" : "United States",
               "short_name" : "US",
               "types" : [ "country", "political" ]
            },
            {
               "long_name" : "11714",
               "short_name" : "11714",
               "types" : [ "postal_code" ]
            }
         ],
         "formatted_address" : "329 Broadway, Bethpage, NY 11714, USA",
         "geometry" : {
            "location" : {
               "lat" : 40.74166659999999,
               "lng" : -73.48013039999999
            },
            "location_type" : "ROOFTOP",
            "viewport" : {
               "northeast" : {
                  "lat" : 40.74301558029149,
                  "lng" : -73.47878141970848
               },
               "southwest" : {
                  "lat" : 40.7403176197085,
                  "lng" : -73.4814793802915
               }
            }
         },
         "place_id" : "EiUzMjkgQnJvYWR3YXksIEJldGhwYWdlLCBOWSAxMTcxNCwgVVNB",
         "types" : [ "subpremise" ]
      }
   ],
   "status" : "OK"
}
