{
   "results" : [
      {
         "address_components" : [
            {
               "long_name" : "33",
               "short_name" : "33",
               "types" : [ "street_number" ]
            },
            {
               "long_name" : "Rue Romeo Vachon",
               "short_name" : "Rue Romeo Vachon",
               "types" : [ "route" ]
            },
            {
               "long_name" : "Sept-Îles",
               "short_name" : "Sept-Îles",
               "types" : [ "locality", "political" ]
            },
            {
               "long_name" : "Sept-Rivières--Caniapiscau",
               "short_name" : "Sept-Rivières--Caniapiscau",
               "types" : [ "administrative_area_level_2", "political" ]
            },
            {
               "long_name" : "Québec",
               "short_name" : "QC",
               "types" : [ "administrative_area_level_1", "political" ]
            },
            {
               "long_name" : "Canada",
               "short_name" : "CA",
               "types" : [ "country", "political" ]
            },
            {
               "long_name" : "G4R",
               "short_name" : "G4R",
               "types" : [ "postal_code_prefix", "postal_code" ]
            }
         ],
         "formatted_address" : "33 Rue Romeo Vachon, Sept-Îles, QC G4R, Canada",
         "geometry" : {
            "bounds" : {
               "northeast" : {
                  "lat" : 50.225205,
                  "lng" : -66.37078749999999
               },
               "southwest" : {
                  "lat" : 50.2251942,
                  "lng" : -66.3707958
               }
            },
            "location" : {
               "lat" : 50.2251942,
               "lng" : -66.3707958
            },
            "location_type" : "RANGE_INTERPOLATED",
            "viewport" : {
               "northeast" : {
                  "lat" : 50.2265485802915,
                  "lng" : -66.36944266970849
               },
               "southwest" : {
                  "lat" : 50.2238506197085,
                  "lng" : -66.37214063029151
               }
            }
         },
         "partial_match" : true,
         "place_id" : "Ei8zMyBSdWUgUm9tZW8gVmFjaG9uLCBTZXB0LcOObGVzLCBRQyBHNFIsIENhbmFkYQ",
         "types" : [ "street_address" ]
      }
   ],
   "status" : "OK"
}
