{
   "results" : [
      {
         "address_components" : [
            {
               "long_name" : "33",
               "short_name" : "33",
               "types" : [ "street_number" ]
            },
            {
               "long_name" : "Rue Huron",
               "short_name" : "Rue Huron",
               "types" : [ "route" ]
            },
            {
               "long_name" : "Dollard-des-Ormeaux",
               "short_name" : "Dollard-des-Ormeaux",
               "types" : [ "locality", "political" ]
            },
            {
               "long_name" : "Communauté-Urbaine-de-Montréal",
               "short_name" : "Communauté-Urbaine-de-Montréal",
               "types" : [ "administrative_area_level_2", "political" ]
            },
            {
               "long_name" : "Québec",
               "short_name" : "QC",
               "types" : [ "administrative_area_level_1", "political" ]
            },
            {
               "long_name" : "Canada",
               "short_name" : "CA",
               "types" : [ "country", "political" ]
            },
            {
               "long_name" : "H9G 2C2",
               "short_name" : "H9G 2C2",
               "types" : [ "postal_code" ]
            }
         ],
         "formatted_address" : "33 Rue Huron, Dollard-des-Ormeaux, QC H9G 2C2, Canada",
         "geometry" : {
            "location" : {
               "lat" : 45.469568,
               "lng" : -73.845007
            },
            "location_type" : "ROOFTOP",
            "viewport" : {
               "northeast" : {
                  "lat" : 45.47091698029151,
                  "lng" : -73.8436580197085
               },
               "southwest" : {
                  "lat" : 45.46821901970851,
                  "lng" : -73.84635598029151
               }
            }
         },
         "place_id" : "ChIJV_lZD4Y7yUwR54Rtvs_-ihU",
         "types" : [ "street_address" ]
      }
   ],
   "status" : "OK"
}
