{
   "results" : [
      {
         "address_components" : [
            {
               "long_name" : "344",
               "short_name" : "344",
               "types" : [ "street_number" ]
            },
            {
               "long_name" : "Thames Street South",
               "short_name" : "Thames St S",
               "types" : [ "route" ]
            },
            {
               "long_name" : "Ingersoll",
               "short_name" : "Ingersoll",
               "types" : [ "locality", "political" ]
            },
            {
               "long_name" : "Oxford County",
               "short_name" : "Oxford County",
               "types" : [ "administrative_area_level_2", "political" ]
            },
            {
               "long_name" : "Ontario",
               "short_name" : "ON",
               "types" : [ "administrative_area_level_1", "political" ]
            },
            {
               "long_name" : "Canada",
               "short_name" : "CA",
               "types" : [ "country", "political" ]
            },
            {
               "long_name" : "N5C 2V3",
               "short_name" : "N5C 2V3",
               "types" : [ "postal_code" ]
            }
         ],
         "formatted_address" : "344 Thames St S, Ingersoll, ON N5C 2V3, Canada",
         "geometry" : {
            "location" : {
               "lat" : 43.0294659,
               "lng" : -80.875259
            },
            "location_type" : "ROOFTOP",
            "viewport" : {
               "northeast" : {
                  "lat" : 43.03081488029149,
                  "lng" : -80.87391001970849
               },
               "southwest" : {
                  "lat" : 43.0281169197085,
                  "lng" : -80.87660798029151
               }
            }
         },
         "place_id" : "ChIJW8W6lT2cLogRlezsoJT5dl8",
         "types" : [ "street_address" ]
      }
   ],
   "status" : "OK"
}
