{
   "results" : [
      {
         "address_components" : [
            {
               "long_name" : "350",
               "short_name" : "350",
               "types" : [ "street_number" ]
            },
            {
               "long_name" : "Vincent Street",
               "short_name" : "Vincent St",
               "types" : [ "route" ]
            },
            {
               "long_name" : "Woodstock",
               "short_name" : "Woodstock",
               "types" : [ "locality", "political" ]
            },
            {
               "long_name" : "Oxford County",
               "short_name" : "Oxford County",
               "types" : [ "administrative_area_level_2", "political" ]
            },
            {
               "long_name" : "Ontario",
               "short_name" : "ON",
               "types" : [ "administrative_area_level_1", "political" ]
            },
            {
               "long_name" : "Canada",
               "short_name" : "CA",
               "types" : [ "country", "political" ]
            },
            {
               "long_name" : "N4S 5M4",
               "short_name" : "N4S 5M4",
               "types" : [ "postal_code" ]
            }
         ],
         "formatted_address" : "350 Vincent St, Woodstock, ON N4S 5M4, Canada",
         "geometry" : {
            "location" : {
               "lat" : 43.1401183,
               "lng" : -80.76432919999999
            },
            "location_type" : "ROOFTOP",
            "viewport" : {
               "northeast" : {
                  "lat" : 43.14146728029149,
                  "lng" : -80.76298021970848
               },
               "southwest" : {
                  "lat" : 43.13876931970849,
                  "lng" : -80.7656781802915
               }
            }
         },
         "place_id" : "ChIJlXS-wgcfLIgRpzyFp_dMFS0",
         "types" : [ "street_address" ]
      }
   ],
   "status" : "OK"
}
