{
   "results" : [
      {
         "address_components" : [
            {
               "long_name" : "3505",
               "short_name" : "3505",
               "types" : [ "street_number" ]
            },
            {
               "long_name" : "Boulevard de la Grande Baie Nord",
               "short_name" : "Boulevard de la Grande Baie N",
               "types" : [ "route" ]
            },
            {
               "long_name" : "La Baie",
               "short_name" : "La Baie",
               "types" : [ "sublocality_level_1", "sublocality", "political" ]
            },
            {
               "long_name" : "Saguenay",
               "short_name" : "Saguenay",
               "types" : [ "locality", "political" ]
            },
            {
               "long_name" : "Le Fjord-du-Saguenay",
               "short_name" : "Le Fjord-du-Saguenay",
               "types" : [ "administrative_area_level_2", "political" ]
            },
            {
               "long_name" : "Québec",
               "short_name" : "QC",
               "types" : [ "administrative_area_level_1", "political" ]
            },
            {
               "long_name" : "Canada",
               "short_name" : "CA",
               "types" : [ "country", "political" ]
            },
            {
               "long_name" : "G7B 3N8",
               "short_name" : "G7B 3N8",
               "types" : [ "postal_code" ]
            }
         ],
         "formatted_address" : "3505 Boulevard de la Grande Baie N, La Baie, QC G7B 3N8, Canada",
         "geometry" : {
            "bounds" : {
               "northeast" : {
                  "lat" : 48.3718455,
                  "lng" : -70.943259
               },
               "southwest" : {
                  "lat" : 48.3718355,
                  "lng" : -70.94327000000001
               }
            },
            "location" : {
               "lat" : 48.3718355,
               "lng" : -70.94327000000001
            },
            "location_type" : "RANGE_INTERPOLATED",
            "viewport" : {
               "northeast" : {
                  "lat" : 48.37318948029151,
                  "lng" : -70.9419155197085
               },
               "southwest" : {
                  "lat" : 48.37049151970851,
                  "lng" : -70.94461348029151
               }
            }
         },
         "partial_match" : true,
         "place_id" : "Ej8zNTA1IEJvdWxldmFyZCBkZSBsYSBHcmFuZGUgQmFpZSBOLCBMYSBCYWllLCBRQyBHN0IgM044LCBDYW5hZGE",
         "types" : [ "street_address" ]
      },
      {
         "address_components" : [
            {
               "long_name" : "3505",
               "short_name" : "3505",
               "types" : [ "street_number" ]
            },
            {
               "long_name" : "Boulevard de la Grande-Baie-Sud",
               "short_name" : "Boulevard de la Grande-Baie-Sud",
               "types" : [ "route" ]
            },
            {
               "long_name" : "La Baie",
               "short_name" : "La Baie",
               "types" : [ "sublocality_level_1", "sublocality", "political" ]
            },
            {
               "long_name" : "Saguenay",
               "short_name" : "Saguenay",
               "types" : [ "locality", "political" ]
            },
            {
               "long_name" : "Le Fjord-du-Saguenay",
               "short_name" : "Le Fjord-du-Saguenay",
               "types" : [ "administrative_area_level_2", "political" ]
            },
            {
               "long_name" : "Québec",
               "short_name" : "QC",
               "types" : [ "administrative_area_level_1", "political" ]
            },
            {
               "long_name" : "Canada",
               "short_name" : "CA",
               "types" : [ "country", "political" ]
            },
            {
               "long_name" : "G7B 1G3",
               "short_name" : "G7B 1G3",
               "types" : [ "postal_code" ]
            }
         ],
         "formatted_address" : "3505 Boulevard de la Grande-Baie-Sud, La Baie, QC G7B 1G3, Canada",
         "geometry" : {
            "bounds" : {
               "northeast" : {
                  "lat" : 48.3173624,
                  "lng" : -70.8519149
               },
               "southwest" : {
                  "lat" : 48.3173506,
                  "lng" : -70.8519208
               }
            },
            "location" : {
               "lat" : 48.3173506,
               "lng" : -70.8519149
            },
            "location_type" : "RANGE_INTERPOLATED",
            "viewport" : {
               "northeast" : {
                  "lat" : 48.3187054802915,
                  "lng" : -70.8505688697085
               },
               "southwest" : {
                  "lat" : 48.31600751970851,
                  "lng" : -70.8532668302915
               }
            }
         },
         "partial_match" : true,
         "place_id" : "EkEzNTA1IEJvdWxldmFyZCBkZSBsYSBHcmFuZGUtQmFpZS1TdWQsIExhIEJhaWUsIFFDIEc3QiAxRzMsIENhbmFkYQ",
         "types" : [ "street_address" ]
      }
   ],
   "status" : "OK"
}
