{
   "results" : [
      {
         "address_components" : [
            {
               "long_name" : "G6H 1E7",
               "short_name" : "G6H 1E7",
               "types" : [ "postal_code" ]
            },
            {
               "long_name" : "Black Lake",
               "short_name" : "Black Lake",
               "types" : [ "neighborhood", "political" ]
            },
            {
               "long_name" : "Thetford Mines",
               "short_name" : "Thetford Mines",
               "types" : [ "locality", "political" ]
            },
            {
               "long_name" : "L'Amiante",
               "short_name" : "L'Amiante",
               "types" : [ "administrative_area_level_2", "political" ]
            },
            {
               "long_name" : "Québec",
               "short_name" : "QC",
               "types" : [ "administrative_area_level_1", "political" ]
            },
            {
               "long_name" : "Canada",
               "short_name" : "CA",
               "types" : [ "country", "political" ]
            }
         ],
         "formatted_address" : "Thetford Mines, QC G6H 1E7, Canada",
         "geometry" : {
            "bounds" : {
               "northeast" : {
                  "lat" : 46.0510971,
                  "lng" : -71.36438489999999
               },
               "southwest" : {
                  "lat" : 46.0502799,
                  "lng" : -71.36596879999999
               }
            },
            "location" : {
               "lat" : 46.0507312,
               "lng" : -71.36522979999999
            },
            "location_type" : "APPROXIMATE",
            "viewport" : {
               "northeast" : {
                  "lat" : 46.0520374802915,
                  "lng" : -71.36382786970849
               },
               "southwest" : {
                  "lat" : 46.0493395197085,
                  "lng" : -71.36652583029149
               }
            }
         },
         "place_id" : "ChIJKyD5y-svuEwRsOZNXVJW6dg",
         "types" : [ "postal_code" ]
      }
   ],
   "status" : "OK"
}
