{
   "results" : [
      {
         "address_components" : [
            {
               "long_name" : "103",
               "short_name" : "103",
               "types" : [ "street_number" ]
            },
            {
               "long_name" : "Manitoba Street",
               "short_name" : "Manitoba St",
               "types" : [ "route" ]
            },
            {
               "long_name" : "Mimico",
               "short_name" : "Mimico",
               "types" : [ "neighborhood", "political" ]
            },
            {
               "long_name" : "Etobicoke",
               "short_name" : "Etobicoke",
               "types" : [ "sublocality_level_1", "sublocality", "political" ]
            },
            {
               "long_name" : "Toronto",
               "short_name" : "Toronto",
               "types" : [ "locality", "political" ]
            },
            {
               "long_name" : "Toronto Division",
               "short_name" : "Toronto Division",
               "types" : [ "administrative_area_level_2", "political" ]
            },
            {
               "long_name" : "Ontario",
               "short_name" : "ON",
               "types" : [ "administrative_area_level_1", "political" ]
            },
            {
               "long_name" : "Canada",
               "short_name" : "CA",
               "types" : [ "country", "political" ]
            },
            {
               "long_name" : "M8Y 1E2",
               "short_name" : "M8Y 1E2",
               "types" : [ "postal_code" ]
            }
         ],
         "formatted_address" : "103 Manitoba St, Etobicoke, ON M8Y 1E2, Canada",
         "geometry" : {
            "location" : {
               "lat" : 43.6228844,
               "lng" : -79.4941297
            },
            "location_type" : "ROOFTOP",
            "viewport" : {
               "northeast" : {
                  "lat" : 43.6242333802915,
                  "lng" : -79.49278071970851
               },
               "southwest" : {
                  "lat" : 43.6215354197085,
                  "lng" : -79.49547868029151
               }
            }
         },
         "place_id" : "ChIJXSX0aj02K4gRbx7b7ejwX58",
         "types" : [ "street_address" ]
      }
   ],
   "status" : "OK"
}
