{
   "results" : [
      {
         "address_components" : [
            {
               "long_name" : "358",
               "short_name" : "358",
               "types" : [ "street_number" ]
            },
            {
               "long_name" : "Maple Avenue",
               "short_name" : "Maple Ave",
               "types" : [ "route" ]
            },
            {
               "long_name" : "Georgetown",
               "short_name" : "Georgetown",
               "types" : [ "sublocality_level_1", "sublocality", "political" ]
            },
            {
               "long_name" : "Halton Hills",
               "short_name" : "Halton Hills",
               "types" : [ "locality", "political" ]
            },
            {
               "long_name" : "Halton Regional Municipality",
               "short_name" : "Halton Regional Municipality",
               "types" : [ "administrative_area_level_2", "political" ]
            },
            {
               "long_name" : "Ontario",
               "short_name" : "ON",
               "types" : [ "administrative_area_level_1", "political" ]
            },
            {
               "long_name" : "Canada",
               "short_name" : "CA",
               "types" : [ "country", "political" ]
            },
            {
               "long_name" : "L7G",
               "short_name" : "L7G",
               "types" : [ "postal_code_prefix", "postal_code" ]
            }
         ],
         "formatted_address" : "358 Maple Ave, Halton Hills, ON L7G, Canada",
         "geometry" : {
            "location" : {
               "lat" : 43.6391699,
               "lng" : -79.9288906
            },
            "location_type" : "ROOFTOP",
            "viewport" : {
               "northeast" : {
                  "lat" : 43.64051888029149,
                  "lng" : -79.92754161970849
               },
               "southwest" : {
                  "lat" : 43.6378209197085,
                  "lng" : -79.93023958029151
               }
            }
         },
         "partial_match" : true,
         "place_id" : "ChIJKSqt56RyK4gRiEsMO7WhDsE",
         "types" : [ "street_address" ]
      }
   ],
   "status" : "OK"
}
