{
   "results" : [
      {
         "address_components" : [
            {
               "long_name" : "3583",
               "short_name" : "3583",
               "types" : [ "street_number" ]
            },
            {
               "long_name" : "Rue Legendre",
               "short_name" : "Rue Legendre",
               "types" : [ "route" ]
            },
            {
               "long_name" : "Jonquière",
               "short_name" : "Jonquière",
               "types" : [ "sublocality_level_1", "sublocality", "political" ]
            },
            {
               "long_name" : "Saguenay",
               "short_name" : "Saguenay",
               "types" : [ "locality", "political" ]
            },
            {
               "long_name" : "Le Fjord-du-Saguenay",
               "short_name" : "Le Fjord-du-Saguenay",
               "types" : [ "administrative_area_level_2", "political" ]
            },
            {
               "long_name" : "Québec",
               "short_name" : "QC",
               "types" : [ "administrative_area_level_1", "political" ]
            },
            {
               "long_name" : "Canada",
               "short_name" : "CA",
               "types" : [ "country", "political" ]
            },
            {
               "long_name" : "G7X 1A3",
               "short_name" : "G7X 1A3",
               "types" : [ "postal_code" ]
            }
         ],
         "formatted_address" : "3583 Rue Legendre, Jonquière, QC G7X 1A3, Canada",
         "geometry" : {
            "bounds" : {
               "northeast" : {
                  "lat" : 48.4360864,
                  "lng" : -71.23098159999999
               },
               "southwest" : {
                  "lat" : 48.4360742,
                  "lng" : -71.2309855
               }
            },
            "location" : {
               "lat" : 48.4360742,
               "lng" : -71.2309855
            },
            "location_type" : "RANGE_INTERPOLATED",
            "viewport" : {
               "northeast" : {
                  "lat" : 48.4374292802915,
                  "lng" : -71.22963456970849
               },
               "southwest" : {
                  "lat" : 48.4347313197085,
                  "lng" : -71.23233253029152
               }
            }
         },
         "place_id" : "EjEzNTgzIFJ1ZSBMZWdlbmRyZSwgSm9ucXVpw6hyZSwgUUMgRzdYIDFBMywgQ2FuYWRh",
         "types" : [ "street_address" ]
      }
   ],
   "status" : "OK"
}
