{
   "results" : [
      {
         "address_components" : [
            {
               "long_name" : "36",
               "short_name" : "36",
               "types" : [ "street_number" ]
            },
            {
               "long_name" : "Emmett Street",
               "short_name" : "Emmett St",
               "types" : [ "route" ]
            },
            {
               "long_name" : "Fonthill",
               "short_name" : "Fonthill",
               "types" : [ "neighborhood", "political" ]
            },
            {
               "long_name" : "Pelham",
               "short_name" : "Pelham",
               "types" : [ "locality", "political" ]
            },
            {
               "long_name" : "Niagara Regional Municipality",
               "short_name" : "Niagara Regional Municipality",
               "types" : [ "administrative_area_level_2", "political" ]
            },
            {
               "long_name" : "Ontario",
               "short_name" : "ON",
               "types" : [ "administrative_area_level_1", "political" ]
            },
            {
               "long_name" : "Canada",
               "short_name" : "CA",
               "types" : [ "country", "political" ]
            },
            {
               "long_name" : "L0S 1E0",
               "short_name" : "L0S 1E0",
               "types" : [ "postal_code" ]
            }
         ],
         "formatted_address" : "36 Emmett St, Fonthill, ON L0S 1E0, Canada",
         "geometry" : {
            "location" : {
               "lat" : 43.0416759,
               "lng" : -79.2814564
            },
            "location_type" : "ROOFTOP",
            "viewport" : {
               "northeast" : {
                  "lat" : 43.0430248802915,
                  "lng" : -79.2801074197085
               },
               "southwest" : {
                  "lat" : 43.04032691970851,
                  "lng" : -79.28280538029151
               }
            }
         },
         "partial_match" : true,
         "place_id" : "ChIJD2C79FxJ04kRQbymcFVd10U",
         "types" : [ "street_address" ]
      }
   ],
   "status" : "OK"
}
