{
   "results" : [
      {
         "address_components" : [
            {
               "long_name" : "36",
               "short_name" : "36",
               "types" : [ "street_number" ]
            },
            {
               "long_name" : "Irwin Avenue",
               "short_name" : "Irwin Ave",
               "types" : [ "route" ]
            },
            {
               "long_name" : "Bay Cloverhill",
               "short_name" : "Bay Cloverhill",
               "types" : [ "neighborhood", "political" ]
            },
            {
               "long_name" : "Old Toronto",
               "short_name" : "Old Toronto",
               "types" : [ "sublocality_level_1", "sublocality", "political" ]
            },
            {
               "long_name" : "Toronto",
               "short_name" : "Toronto",
               "types" : [ "locality", "political" ]
            },
            {
               "long_name" : "Toronto Division",
               "short_name" : "Toronto Division",
               "types" : [ "administrative_area_level_2", "political" ]
            },
            {
               "long_name" : "Ontario",
               "short_name" : "ON",
               "types" : [ "administrative_area_level_1", "political" ]
            },
            {
               "long_name" : "Canada",
               "short_name" : "CA",
               "types" : [ "country", "political" ]
            },
            {
               "long_name" : "M4Y 1L2",
               "short_name" : "M4Y 1L2",
               "types" : [ "postal_code" ]
            }
         ],
         "formatted_address" : "36 Irwin Ave, Toronto, ON M4Y 1L2, Canada",
         "geometry" : {
            "location" : {
               "lat" : 43.66668,
               "lng" : -79.3869737
            },
            "location_type" : "ROOFTOP",
            "viewport" : {
               "northeast" : {
                  "lat" : 43.6680289802915,
                  "lng" : -79.38562471970849
               },
               "southwest" : {
                  "lat" : 43.6653310197085,
                  "lng" : -79.38832268029151
               }
            }
         },
         "place_id" : "ChIJM9YzmrE0K4gRXLfcBr0a7NY",
         "types" : [ "street_address" ]
      }
   ],
   "status" : "OK"
}
