{
   "results" : [
      {
         "address_components" : [
            {
               "long_name" : "36",
               "short_name" : "36",
               "types" : [ "street_number" ]
            },
            {
               "long_name" : "West 5th Street",
               "short_name" : "W 5th St",
               "types" : [ "route" ]
            },
            {
               "long_name" : "Mutter Gottes",
               "short_name" : "Mutter Gottes",
               "types" : [ "neighborhood", "political" ]
            },
            {
               "long_name" : "Covington",
               "short_name" : "Covington",
               "types" : [ "locality", "political" ]
            },
            {
               "long_name" : "Kenton County",
               "short_name" : "Kenton County",
               "types" : [ "administrative_area_level_2", "political" ]
            },
            {
               "long_name" : "Kentucky",
               "short_name" : "KY",
               "types" : [ "administrative_area_level_1", "political" ]
            },
            {
               "long_name" : "United States",
               "short_name" : "US",
               "types" : [ "country", "political" ]
            },
            {
               "long_name" : "41011",
               "short_name" : "41011",
               "types" : [ "postal_code" ]
            },
            {
               "long_name" : "1402",
               "short_name" : "1402",
               "types" : [ "postal_code_suffix" ]
            }
         ],
         "formatted_address" : "36 W 5th St, Covington, KY 41011, USA",
         "geometry" : {
            "bounds" : {
               "northeast" : {
                  "lat" : 39.0858916,
                  "lng" : -84.5120723
               },
               "southwest" : {
                  "lat" : 39.0857004,
                  "lng" : -84.51218969999999
               }
            },
            "location" : {
               "lat" : 39.08579599999999,
               "lng" : -84.512131
            },
            "location_type" : "ROOFTOP",
            "viewport" : {
               "northeast" : {
                  "lat" : 39.08714498029151,
                  "lng" : -84.5107820197085
               },
               "southwest" : {
                  "lat" : 39.08444701970851,
                  "lng" : -84.51347998029151
               }
            }
         },
         "place_id" : "ChIJO6K3hTexQYgRgr8hNJPsZjE",
         "types" : [ "premise" ]
      }
   ],
   "status" : "OK"
}
