{
   "results" : [
      {
         "address_components" : [
            {
               "long_name" : "365",
               "short_name" : "365",
               "types" : [ "street_number" ]
            },
            {
               "long_name" : "Chemin de l'Anse-à-Pierrot",
               "short_name" : "Chemin de l'Anse-à-Pierrot",
               "types" : [ "route" ]
            },
            {
               "long_name" : "Sacré-Coeur",
               "short_name" : "Sacré-Coeur",
               "types" : [ "locality", "political" ]
            },
            {
               "long_name" : "Sacré-Coeur",
               "short_name" : "Sacré-Coeur",
               "types" : [ "administrative_area_level_3", "political" ]
            },
            {
               "long_name" : "La Haute-Côte-Nord",
               "short_name" : "La Haute-Côte-Nord",
               "types" : [ "administrative_area_level_2", "political" ]
            },
            {
               "long_name" : "Québec",
               "short_name" : "QC",
               "types" : [ "administrative_area_level_1", "political" ]
            },
            {
               "long_name" : "Canada",
               "short_name" : "CA",
               "types" : [ "country", "political" ]
            },
            {
               "long_name" : "G0T 1Y0",
               "short_name" : "G0T 1Y0",
               "types" : [ "postal_code" ]
            }
         ],
         "formatted_address" : "365 Chemin de l'Anse-à-Pierrot, Sacré-Coeur, QC G0T 1Y0, Canada",
         "geometry" : {
            "location" : {
               "lat" : 48.2259026,
               "lng" : -69.87327130000001
            },
            "location_type" : "ROOFTOP",
            "viewport" : {
               "northeast" : {
                  "lat" : 48.2272515802915,
                  "lng" : -69.87192231970852
               },
               "southwest" : {
                  "lat" : 48.2245536197085,
                  "lng" : -69.87462028029152
               }
            }
         },
         "partial_match" : true,
         "place_id" : "ChIJZVKT4Q7Yv0wRbiLfC6IhyjY",
         "types" : [ "street_address" ]
      }
   ],
   "status" : "OK"
}
