{
   "results" : [
      {
         "address_components" : [
            {
               "long_name" : "378",
               "short_name" : "378",
               "types" : [ "street_number" ]
            },
            {
               "long_name" : "Rue Colombine",
               "short_name" : "Rue Colombine",
               "types" : [ "route" ]
            },
            {
               "long_name" : "Saint-Bruno-de-Montarville",
               "short_name" : "Saint-Bruno-de-Montarville",
               "types" : [ "locality", "political" ]
            },
            {
               "long_name" : "La Vallée-du-Richelieu",
               "short_name" : "La Vallée-du-Richelieu",
               "types" : [ "administrative_area_level_2", "political" ]
            },
            {
               "long_name" : "Québec",
               "short_name" : "QC",
               "types" : [ "administrative_area_level_1", "political" ]
            },
            {
               "long_name" : "Canada",
               "short_name" : "CA",
               "types" : [ "country", "political" ]
            },
            {
               "long_name" : "J3V 5T8",
               "short_name" : "J3V 5T8",
               "types" : [ "postal_code" ]
            }
         ],
         "formatted_address" : "378 Rue Colombine, Saint-Bruno-de-Montarville, QC J3V 5T8, Canada",
         "geometry" : {
            "location" : {
               "lat" : 45.541942,
               "lng" : -73.3546719
            },
            "location_type" : "ROOFTOP",
            "viewport" : {
               "northeast" : {
                  "lat" : 45.54329098029149,
                  "lng" : -73.35332291970849
               },
               "southwest" : {
                  "lat" : 45.5405930197085,
                  "lng" : -73.3560208802915
               }
            }
         },
         "place_id" : "ChIJI8EDVl0ByUwRT7JuyFMYRGQ",
         "types" : [ "street_address" ]
      }
   ],
   "status" : "OK"
}
