{
   "results" : [
      {
         "address_components" : [
            {
               "long_name" : "395",
               "short_name" : "395",
               "types" : [ "street_number" ]
            },
            {
               "long_name" : "Waverley Road",
               "short_name" : "Waverley Rd",
               "types" : [ "route" ]
            },
            {
               "long_name" : "Port Wallace",
               "short_name" : "Port Wallace",
               "types" : [ "sublocality_level_1", "sublocality", "political" ]
            },
            {
               "long_name" : "Dartmouth",
               "short_name" : "Dartmouth",
               "types" : [ "locality", "political" ]
            },
            {
               "long_name" : "Halifax",
               "short_name" : "Halifax",
               "types" : [ "administrative_area_level_3", "political" ]
            },
            {
               "long_name" : "Halifax Regional Municipality",
               "short_name" : "Halifax Regional Municipality",
               "types" : [ "administrative_area_level_2", "political" ]
            },
            {
               "long_name" : "Nova Scotia",
               "short_name" : "NS",
               "types" : [ "administrative_area_level_1", "political" ]
            },
            {
               "long_name" : "Canada",
               "short_name" : "CA",
               "types" : [ "country", "political" ]
            },
            {
               "long_name" : "B2X 2E7",
               "short_name" : "B2X 2E7",
               "types" : [ "postal_code" ]
            }
         ],
         "formatted_address" : "395 Waverley Rd, Dartmouth, NS B2X 2E7, Canada",
         "geometry" : {
            "location" : {
               "lat" : 44.7137934,
               "lng" : -63.545759
            },
            "location_type" : "ROOFTOP",
            "viewport" : {
               "northeast" : {
                  "lat" : 44.7151423802915,
                  "lng" : -63.5444100197085
               },
               "southwest" : {
                  "lat" : 44.7124444197085,
                  "lng" : -63.54710798029151
               }
            }
         },
         "partial_match" : true,
         "place_id" : "ChIJw0wEyogmWksR1v58FjRHTOY",
         "types" : [ "street_address" ]
      }
   ],
   "status" : "OK"
}
