{
   "results" : [
      {
         "address_components" : [
            {
               "long_name" : "40",
               "short_name" : "40",
               "types" : [ "street_number" ]
            },
            {
               "long_name" : "Renown Road",
               "short_name" : "Renown Rd",
               "types" : [ "route" ]
            },
            {
               "long_name" : "Eatonville",
               "short_name" : "Eatonville",
               "types" : [ "neighborhood", "political" ]
            },
            {
               "long_name" : "Etobicoke",
               "short_name" : "Etobicoke",
               "types" : [ "sublocality_level_1", "sublocality", "political" ]
            },
            {
               "long_name" : "Toronto",
               "short_name" : "Toronto",
               "types" : [ "locality", "political" ]
            },
            {
               "long_name" : "Toronto Division",
               "short_name" : "Toronto Division",
               "types" : [ "administrative_area_level_2", "political" ]
            },
            {
               "long_name" : "Ontario",
               "short_name" : "ON",
               "types" : [ "administrative_area_level_1", "political" ]
            },
            {
               "long_name" : "Canada",
               "short_name" : "CA",
               "types" : [ "country", "political" ]
            },
            {
               "long_name" : "M9A 2E5",
               "short_name" : "M9A 2E5",
               "types" : [ "postal_code" ]
            }
         ],
         "formatted_address" : "40 Renown Rd, Etobicoke, ON M9A 2E5, Canada",
         "geometry" : {
            "location" : {
               "lat" : 43.643859,
               "lng" : -79.5350277
            },
            "location_type" : "ROOFTOP",
            "viewport" : {
               "northeast" : {
                  "lat" : 43.6452079802915,
                  "lng" : -79.5336787197085
               },
               "southwest" : {
                  "lat" : 43.6425100197085,
                  "lng" : -79.53637668029151
               }
            }
         },
         "place_id" : "ChIJ01rn17w3K4gR_-e_JVTJkRo",
         "types" : [ "street_address" ]
      }
   ],
   "status" : "OK"
}
