{
   "results" : [
      {
         "address_components" : [
            {
               "long_name" : "408",
               "short_name" : "408",
               "types" : [ "street_number" ]
            },
            {
               "long_name" : "Briar Hill Avenue",
               "short_name" : "Briar Hill Ave",
               "types" : [ "route" ]
            },
            {
               "long_name" : "Lawrence Park South",
               "short_name" : "Lawrence Park South",
               "types" : [ "neighborhood", "political" ]
            },
            {
               "long_name" : "Old Toronto",
               "short_name" : "Old Toronto",
               "types" : [ "sublocality_level_1", "sublocality", "political" ]
            },
            {
               "long_name" : "Toronto",
               "short_name" : "Toronto",
               "types" : [ "locality", "political" ]
            },
            {
               "long_name" : "Toronto Division",
               "short_name" : "Toronto Division",
               "types" : [ "administrative_area_level_2", "political" ]
            },
            {
               "long_name" : "Ontario",
               "short_name" : "ON",
               "types" : [ "administrative_area_level_1", "political" ]
            },
            {
               "long_name" : "Canada",
               "short_name" : "CA",
               "types" : [ "country", "political" ]
            },
            {
               "long_name" : "M5N 1M7",
               "short_name" : "M5N 1M7",
               "types" : [ "postal_code" ]
            }
         ],
         "formatted_address" : "408 Briar Hill Ave, Toronto, ON M5N 1M7, Canada",
         "geometry" : {
            "location" : {
               "lat" : 43.7112171,
               "lng" : -79.4123128
            },
            "location_type" : "ROOFTOP",
            "viewport" : {
               "northeast" : {
                  "lat" : 43.7125660802915,
                  "lng" : -79.4109638197085
               },
               "southwest" : {
                  "lat" : 43.7098681197085,
                  "lng" : -79.41366178029151
               }
            }
         },
         "place_id" : "ChIJ818Q4hozK4gRZU_oXh4e3UU",
         "types" : [ "street_address" ]
      }
   ],
   "status" : "OK"
}
