{
   "results" : [
      {
         "address_components" : [
            {
               "long_name" : "2",
               "short_name" : "2",
               "types" : [ "subpremise" ]
            },
            {
               "long_name" : "1040",
               "short_name" : "1040",
               "types" : [ "street_number" ]
            },
            {
               "long_name" : "Canfield Crescent",
               "short_name" : "Canfield Crescent",
               "types" : [ "route" ]
            },
            {
               "long_name" : "Woodstock",
               "short_name" : "Woodstock",
               "types" : [ "locality", "political" ]
            },
            {
               "long_name" : "Oxford County",
               "short_name" : "Oxford County",
               "types" : [ "administrative_area_level_2", "political" ]
            },
            {
               "long_name" : "Ontario",
               "short_name" : "ON",
               "types" : [ "administrative_area_level_1", "political" ]
            },
            {
               "long_name" : "Canada",
               "short_name" : "CA",
               "types" : [ "country", "political" ]
            },
            {
               "long_name" : "N4S 8P3",
               "short_name" : "N4S 8P3",
               "types" : [ "postal_code" ]
            }
         ],
         "formatted_address" : "1040 Canfield Crescent #2, Woodstock, ON N4S 8P3, Canada",
         "geometry" : {
            "location" : {
               "lat" : 43.1377562,
               "lng" : -80.7295108
            },
            "location_type" : "ROOFTOP",
            "viewport" : {
               "northeast" : {
                  "lat" : 43.13910518029149,
                  "lng" : -80.72816181970849
               },
               "southwest" : {
                  "lat" : 43.1364072197085,
                  "lng" : -80.7308597802915
               }
            }
         },
         "place_id" : "EjgxMDQwIENhbmZpZWxkIENyZXNjZW50ICMyLCBXb29kc3RvY2ssIE9OIE40UyA4UDMsIENhbmFkYQ",
         "types" : [ "subpremise" ]
      }
   ],
   "status" : "OK"
}
