{
   "results" : [
      {
         "address_components" : [
            {
               "long_name" : "L1H 7K4",
               "short_name" : "L1H 7K4",
               "types" : [ "postal_code" ]
            },
            {
               "long_name" : "Oshawa",
               "short_name" : "Oshawa",
               "types" : [ "locality", "political" ]
            },
            {
               "long_name" : "Durham Regional Municipality",
               "short_name" : "Durham Regional Municipality",
               "types" : [ "administrative_area_level_2", "political" ]
            },
            {
               "long_name" : "Ontario",
               "short_name" : "ON",
               "types" : [ "administrative_area_level_1", "political" ]
            },
            {
               "long_name" : "Canada",
               "short_name" : "CA",
               "types" : [ "country", "political" ]
            }
         ],
         "formatted_address" : "Oshawa, ON L1H 7K4, Canada",
         "geometry" : {
            "bounds" : {
               "northeast" : {
                  "lat" : 44.043068,
                  "lng" : -78.85847649999999
               },
               "southwest" : {
                  "lat" : 43.9213266,
                  "lng" : -78.96930789999999
               }
            },
            "location" : {
               "lat" : 44.0016728,
               "lng" : -78.91750879999999
            },
            "location_type" : "APPROXIMATE",
            "viewport" : {
               "northeast" : {
                  "lat" : 44.043068,
                  "lng" : -78.85847649999999
               },
               "southwest" : {
                  "lat" : 43.9213266,
                  "lng" : -78.96930789999999
               }
            }
         },
         "partial_match" : true,
         "place_id" : "ChIJyxfELbQb1YkRmP1oSGK4SEo",
         "types" : [ "postal_code" ]
      }
   ],
   "status" : "OK"
}
