{
   "results" : [
      {
         "address_components" : [
            {
               "long_name" : "195",
               "short_name" : "195",
               "types" : [ "street_number" ]
            },
            {
               "long_name" : "La Rose Avenue",
               "short_name" : "La Rose Ave",
               "types" : [ "route" ]
            },
            {
               "long_name" : "Royal York Gardens",
               "short_name" : "Royal York Gardens",
               "types" : [ "neighborhood", "political" ]
            },
            {
               "long_name" : "Etobicoke",
               "short_name" : "Etobicoke",
               "types" : [ "sublocality_level_1", "sublocality", "political" ]
            },
            {
               "long_name" : "Toronto",
               "short_name" : "Toronto",
               "types" : [ "locality", "political" ]
            },
            {
               "long_name" : "Toronto Division",
               "short_name" : "Toronto Division",
               "types" : [ "administrative_area_level_2", "political" ]
            },
            {
               "long_name" : "Ontario",
               "short_name" : "ON",
               "types" : [ "administrative_area_level_1", "political" ]
            },
            {
               "long_name" : "Canada",
               "short_name" : "CA",
               "types" : [ "country", "political" ]
            },
            {
               "long_name" : "M9P 1B5",
               "short_name" : "M9P 1B5",
               "types" : [ "postal_code" ]
            }
         ],
         "formatted_address" : "195 La Rose Ave, Etobicoke, ON M9P 1B5, Canada",
         "geometry" : {
            "bounds" : {
               "northeast" : {
                  "lat" : 43.6839522,
                  "lng" : -79.5283077
               },
               "southwest" : {
                  "lat" : 43.6839392,
                  "lng" : -79.528313
               }
            },
            "location" : {
               "lat" : 43.6839392,
               "lng" : -79.5283077
            },
            "location_type" : "RANGE_INTERPOLATED",
            "viewport" : {
               "northeast" : {
                  "lat" : 43.6852946802915,
                  "lng" : -79.52696136970849
               },
               "southwest" : {
                  "lat" : 43.6825967197085,
                  "lng" : -79.52965933029149
               }
            }
         },
         "partial_match" : true,
         "place_id" : "Ei4xOTUgTGEgUm9zZSBBdmUsIEV0b2JpY29rZSwgT04gTTlQIDFCNSwgQ2FuYWRh",
         "types" : [ "street_address" ]
      }
   ],
   "status" : "OK"
}
