{
   "results" : [
      {
         "address_components" : [
            {
               "long_name" : "45",
               "short_name" : "45",
               "types" : [ "street_number" ]
            },
            {
               "long_name" : "Burroughs Place Northeast",
               "short_name" : "Burroughs Pl NE",
               "types" : [ "route" ]
            },
            {
               "long_name" : "Monterey Park",
               "short_name" : "Monterey Park",
               "types" : [ "neighborhood", "political" ]
            },
            {
               "long_name" : "Calgary",
               "short_name" : "Calgary",
               "types" : [ "locality", "political" ]
            },
            {
               "long_name" : "Division No. 6",
               "short_name" : "Division No. 6",
               "types" : [ "administrative_area_level_2", "political" ]
            },
            {
               "long_name" : "Alberta",
               "short_name" : "AB",
               "types" : [ "administrative_area_level_1", "political" ]
            },
            {
               "long_name" : "Canada",
               "short_name" : "CA",
               "types" : [ "country", "political" ]
            },
            {
               "long_name" : "T1Y 0A3",
               "short_name" : "T1Y 0A3",
               "types" : [ "postal_code" ]
            }
         ],
         "formatted_address" : "45 Burroughs Pl NE, Calgary, AB T1Y 0A3, Canada",
         "geometry" : {
            "location" : {
               "lat" : 51.080777,
               "lng" : -113.927766
            },
            "location_type" : "ROOFTOP",
            "viewport" : {
               "northeast" : {
                  "lat" : 51.08212598029149,
                  "lng" : -113.9264170197085
               },
               "southwest" : {
                  "lat" : 51.07942801970849,
                  "lng" : -113.9291149802915
               }
            }
         },
         "partial_match" : true,
         "place_id" : "ChIJ4YLmvFFjcVMRZcpD5k3FVGo",
         "types" : [ "street_address" ]
      }
   ],
   "status" : "OK"
}
