{
   "results" : [
      {
         "address_components" : [
            {
               "long_name" : "46",
               "short_name" : "46",
               "types" : [ "street_number" ]
            },
            {
               "long_name" : "Austin Terrace",
               "short_name" : "Austin Terrace",
               "types" : [ "route" ]
            },
            {
               "long_name" : "Midtown Toronto",
               "short_name" : "Midtown Toronto",
               "types" : [ "neighborhood", "political" ]
            },
            {
               "long_name" : "Old Toronto",
               "short_name" : "Old Toronto",
               "types" : [ "sublocality_level_1", "sublocality", "political" ]
            },
            {
               "long_name" : "Toronto",
               "short_name" : "Toronto",
               "types" : [ "locality", "political" ]
            },
            {
               "long_name" : "Toronto Division",
               "short_name" : "Toronto Division",
               "types" : [ "administrative_area_level_2", "political" ]
            },
            {
               "long_name" : "Ontario",
               "short_name" : "ON",
               "types" : [ "administrative_area_level_1", "political" ]
            },
            {
               "long_name" : "Canada",
               "short_name" : "CA",
               "types" : [ "country", "political" ]
            },
            {
               "long_name" : "M5R 1Y6",
               "short_name" : "M5R 1Y6",
               "types" : [ "postal_code" ]
            }
         ],
         "formatted_address" : "46 Austin Terrace, Toronto, ON M5R 1Y6, Canada",
         "geometry" : {
            "location" : {
               "lat" : 43.6786724,
               "lng" : -79.41554359999999
            },
            "location_type" : "ROOFTOP",
            "viewport" : {
               "northeast" : {
                  "lat" : 43.68002138029151,
                  "lng" : -79.41419461970848
               },
               "southwest" : {
                  "lat" : 43.67732341970851,
                  "lng" : -79.4168925802915
               }
            }
         },
         "place_id" : "ChIJK89U54I0K4gRuhvRLf6kvp4",
         "types" : [ "street_address" ]
      }
   ],
   "status" : "OK"
}
