{
   "results" : [
      {
         "address_components" : [
            {
               "long_name" : "46",
               "short_name" : "46",
               "types" : [ "street_number" ]
            },
            {
               "long_name" : "Avon Road",
               "short_name" : "Avon Rd",
               "types" : [ "route" ]
            },
            {
               "long_name" : "Rosemount",
               "short_name" : "Rosemount",
               "types" : [ "neighborhood", "political" ]
            },
            {
               "long_name" : "Kitchener",
               "short_name" : "Kitchener",
               "types" : [ "locality", "political" ]
            },
            {
               "long_name" : "Waterloo Regional Municipality",
               "short_name" : "Waterloo Regional Municipality",
               "types" : [ "administrative_area_level_2", "political" ]
            },
            {
               "long_name" : "Ontario",
               "short_name" : "ON",
               "types" : [ "administrative_area_level_1", "political" ]
            },
            {
               "long_name" : "Canada",
               "short_name" : "CA",
               "types" : [ "country", "political" ]
            },
            {
               "long_name" : "N2B 1T6",
               "short_name" : "N2B 1T6",
               "types" : [ "postal_code" ]
            }
         ],
         "formatted_address" : "46 Avon Rd, Kitchener, ON N2B 1T6, Canada",
         "geometry" : {
            "location" : {
               "lat" : 43.464149,
               "lng" : -80.45701799999999
            },
            "location_type" : "ROOFTOP",
            "viewport" : {
               "northeast" : {
                  "lat" : 43.4654979802915,
                  "lng" : -80.45566901970849
               },
               "southwest" : {
                  "lat" : 43.4628000197085,
                  "lng" : -80.4583669802915
               }
            }
         },
         "place_id" : "ChIJBzg2e6v0K4gRb3kKJOmDf7w",
         "types" : [ "street_address" ]
      }
   ],
   "status" : "OK"
}
