{
   "results" : [
      {
         "address_components" : [
            {
               "long_name" : "Unit 3",
               "short_name" : "Unit 3",
               "types" : [ "subpremise" ]
            },
            {
               "long_name" : "1500",
               "short_name" : "1500",
               "types" : [ "street_number" ]
            },
            {
               "long_name" : "Paris Street",
               "short_name" : "Paris St",
               "types" : [ "route" ]
            },
            {
               "long_name" : "Sudbury",
               "short_name" : "Sudbury",
               "types" : [ "sublocality_level_1", "sublocality", "political" ]
            },
            {
               "long_name" : "Sudbury",
               "short_name" : "Sudbury",
               "types" : [ "locality", "political" ]
            },
            {
               "long_name" : "Greater Sudbury Division",
               "short_name" : "Greater Sudbury Division",
               "types" : [ "administrative_area_level_2", "political" ]
            },
            {
               "long_name" : "Ontario",
               "short_name" : "ON",
               "types" : [ "administrative_area_level_1", "political" ]
            },
            {
               "long_name" : "Canada",
               "short_name" : "CA",
               "types" : [ "country", "political" ]
            },
            {
               "long_name" : "P3E 3B8",
               "short_name" : "P3E 3B8",
               "types" : [ "postal_code" ]
            }
         ],
         "formatted_address" : "1500 Paris St Unit 3, Sudbury, ON P3E 3B8, Canada",
         "geometry" : {
            "location" : {
               "lat" : 46.4620553,
               "lng" : -80.99964279999999
            },
            "location_type" : "ROOFTOP",
            "viewport" : {
               "northeast" : {
                  "lat" : 46.46340428029149,
                  "lng" : -80.99829381970849
               },
               "southwest" : {
                  "lat" : 46.46070631970849,
                  "lng" : -81.0009917802915
               }
            }
         },
         "partial_match" : true,
         "place_id" : "ChIJ5V0vkTBVLk0RkeWB6lsekEM",
         "types" : [ "street_address" ]
      },
      {
         "address_components" : [
            {
               "long_name" : "Unit 3",
               "short_name" : "Unit 3",
               "types" : [ "subpremise" ]
            },
            {
               "long_name" : "1060",
               "short_name" : "1060",
               "types" : [ "street_number" ]
            },
            {
               "long_name" : "Martindale Road",
               "short_name" : "Martindale Rd",
               "types" : [ "route" ]
            },
            {
               "long_name" : "Sudbury",
               "short_name" : "Sudbury",
               "types" : [ "sublocality_level_1", "sublocality", "political" ]
            },
            {
               "long_name" : "Sudbury",
               "short_name" : "Sudbury",
               "types" : [ "locality", "political" ]
            },
            {
               "long_name" : "Greater Sudbury Division",
               "short_name" : "Greater Sudbury Division",
               "types" : [ "administrative_area_level_2", "political" ]
            },
            {
               "long_name" : "Ontario",
               "short_name" : "ON",
               "types" : [ "administrative_area_level_1", "political" ]
            },
            {
               "long_name" : "Canada",
               "short_name" : "CA",
               "types" : [ "country", "political" ]
            },
            {
               "long_name" : "P3E 5T2",
               "short_name" : "P3E 5T2",
               "types" : [ "postal_code" ]
            }
         ],
         "formatted_address" : "1060 Martindale Rd Unit 3, Sudbury, ON P3E 5T2, Canada",
         "geometry" : {
            "location" : {
               "lat" : 46.470211,
               "lng" : -81.013172
            },
            "location_type" : "ROOFTOP",
            "viewport" : {
               "northeast" : {
                  "lat" : 46.4715599802915,
                  "lng" : -81.01182301970849
               },
               "southwest" : {
                  "lat" : 46.4688620197085,
                  "lng" : -81.01452098029151
               }
            }
         },
         "partial_match" : true,
         "place_id" : "ChIJrW0rnSpVLk0R3V6owZGN1l8",
         "types" : [ "street_address" ]
      },
      {
         "address_components" : [
            {
               "long_name" : "Wavy Lake 3 Road",
               "short_name" : "Wavy Lake 3 Rd",
               "types" : [ "route" ]
            },
            {
               "long_name" : "Sudbury",
               "short_name" : "Sudbury",
               "types" : [ "sublocality_level_1", "sublocality", "political" ]
            },
            {
               "long_name" : "Sudbury, Unorganized, North Part",
               "short_name" : "Sudbury, Unorganized, North Part",
               "types" : [ "administrative_area_level_3", "political" ]
            },
            {
               "long_name" : "Sudbury District",
               "short_name" : "Sudbury District",
               "types" : [ "administrative_area_level_2", "political" ]
            },
            {
               "long_name" : "Ontario",
               "short_name" : "ON",
               "types" : [ "administrative_area_level_1", "political" ]
            },
            {
               "long_name" : "Canada",
               "short_name" : "CA",
               "types" : [ "country", "political" ]
            },
            {
               "long_name" : "P3E 4N1",
               "short_name" : "P3E 4N1",
               "types" : [ "postal_code" ]
            }
         ],
         "formatted_address" : "Wavy Lake 3 Rd, Sudbury, ON P3E 4N1, Canada",
         "geometry" : {
            "bounds" : {
               "northeast" : {
                  "lat" : 46.3378227,
                  "lng" : -81.10592539999999
               },
               "southwest" : {
                  "lat" : 46.3145144,
                  "lng" : -81.1124159
               }
            },
            "location" : {
               "lat" : 46.3264565,
               "lng" : -81.10767799999999
            },
            "location_type" : "GEOMETRIC_CENTER",
            "viewport" : {
               "northeast" : {
                  "lat" : 46.3378227,
                  "lng" : -81.10592539999999
               },
               "southwest" : {
                  "lat" : 46.3145144,
                  "lng" : -81.1124159
               }
            }
         },
         "partial_match" : true,
         "place_id" : "ChIJ95NqLlBXLk0RM2KgQddYweE",
         "types" : [ "route" ]
      },
      {
         "address_components" : [
            {
               "long_name" : "3",
               "short_name" : "3",
               "types" : [ "street_number" ]
            },
            {
               "long_name" : "Greater Sudbury Regional Road 47",
               "short_name" : "Greater Sudbury Regional Road 47",
               "types" : [ "route" ]
            },
            {
               "long_name" : "Sudbury",
               "short_name" : "Sudbury",
               "types" : [ "sublocality_level_1", "sublocality", "political" ]
            },
            {
               "long_name" : "Sudbury",
               "short_name" : "Sudbury",
               "types" : [ "locality", "political" ]
            },
            {
               "long_name" : "Greater Sudbury Division",
               "short_name" : "Greater Sudbury Division",
               "types" : [ "administrative_area_level_2", "political" ]
            },
            {
               "long_name" : "Ontario",
               "short_name" : "ON",
               "types" : [ "administrative_area_level_1", "political" ]
            },
            {
               "long_name" : "Canada",
               "short_name" : "CA",
               "types" : [ "country", "political" ]
            },
            {
               "long_name" : "P3E",
               "short_name" : "P3E",
               "types" : [ "postal_code_prefix", "postal_code" ]
            }
         ],
         "formatted_address" : "3 Greater Sudbury Regional Road 47, Sudbury, ON P3E, Canada",
         "geometry" : {
            "bounds" : {
               "northeast" : {
                  "lat" : 46.4640455,
                  "lng" : -81.00847929999999
               },
               "southwest" : {
                  "lat" : 46.4640328,
                  "lng" : -81.00848289999999
               }
            },
            "location" : {
               "lat" : 46.4640328,
               "lng" : -81.00848289999999
            },
            "location_type" : "RANGE_INTERPOLATED",
            "viewport" : {
               "northeast" : {
                  "lat" : 46.4653881302915,
                  "lng" : -81.00713211970849
               },
               "southwest" : {
                  "lat" : 46.4626901697085,
                  "lng" : -81.00983008029151
               }
            }
         },
         "partial_match" : true,
         "place_id" : "EjszIEdyZWF0ZXIgU3VkYnVyeSBSZWdpb25hbCBSb2FkIDQ3LCBTdWRidXJ5LCBPTiBQM0UsIENhbmFkYQ",
         "types" : [ "street_address" ]
      },
      {
         "address_components" : [
            {
               "long_name" : "3",
               "short_name" : "3",
               "types" : [ "street_number" ]
            },
            {
               "long_name" : "Greater Sudbury Regional Road 45",
               "short_name" : "Greater Sudbury Regional Road 45",
               "types" : [ "route" ]
            },
            {
               "long_name" : "Sudbury",
               "short_name" : "Sudbury",
               "types" : [ "sublocality_level_1", "sublocality", "political" ]
            },
            {
               "long_name" : "Sudbury",
               "short_name" : "Sudbury",
               "types" : [ "locality", "political" ]
            },
            {
               "long_name" : "Greater Sudbury Division",
               "short_name" : "Greater Sudbury Division",
               "types" : [ "administrative_area_level_2", "political" ]
            },
            {
               "long_name" : "Ontario",
               "short_name" : "ON",
               "types" : [ "administrative_area_level_1", "political" ]
            },
            {
               "long_name" : "Canada",
               "short_name" : "CA",
               "types" : [ "country", "political" ]
            },
            {
               "long_name" : "P3E",
               "short_name" : "P3E",
               "types" : [ "postal_code_prefix", "postal_code" ]
            }
         ],
         "formatted_address" : "3 Greater Sudbury Regional Road 45, Sudbury, ON P3E, Canada",
         "geometry" : {
            "bounds" : {
               "northeast" : {
                  "lat" : 46.4754694,
                  "lng" : -80.9996029
               },
               "southwest" : {
                  "lat" : 46.4754577,
                  "lng" : -80.99961089999999
               }
            },
            "location" : {
               "lat" : 46.4754577,
               "lng" : -80.9996029
            },
            "location_type" : "RANGE_INTERPOLATED",
            "viewport" : {
               "northeast" : {
                  "lat" : 46.4768125302915,
                  "lng" : -80.99825791970849
               },
               "southwest" : {
                  "lat" : 46.4741145697085,
                  "lng" : -81.0009558802915
               }
            }
         },
         "partial_match" : true,
         "place_id" : "EjszIEdyZWF0ZXIgU3VkYnVyeSBSZWdpb25hbCBSb2FkIDQ1LCBTdWRidXJ5LCBPTiBQM0UsIENhbmFkYQ",
         "types" : [ "street_address" ]
      }
   ],
   "status" : "OK"
}
