{
   "results" : [
      {
         "address_components" : [
            {
               "long_name" : "461",
               "short_name" : "461",
               "types" : [ "street_number" ]
            },
            {
               "long_name" : "Aspenwood Place",
               "short_name" : "Aspenwood Pl",
               "types" : [ "route" ]
            },
            {
               "long_name" : "Laurelwood",
               "short_name" : "Laurelwood",
               "types" : [ "neighborhood", "political" ]
            },
            {
               "long_name" : "Waterloo",
               "short_name" : "Waterloo",
               "types" : [ "locality", "political" ]
            },
            {
               "long_name" : "Waterloo Regional Municipality",
               "short_name" : "Waterloo Regional Municipality",
               "types" : [ "administrative_area_level_2", "political" ]
            },
            {
               "long_name" : "Ontario",
               "short_name" : "ON",
               "types" : [ "administrative_area_level_1", "political" ]
            },
            {
               "long_name" : "Canada",
               "short_name" : "CA",
               "types" : [ "country", "political" ]
            },
            {
               "long_name" : "N2T 2V5",
               "short_name" : "N2T 2V5",
               "types" : [ "postal_code" ]
            }
         ],
         "formatted_address" : "461 Aspenwood Pl, Waterloo, ON N2T 2V5, Canada",
         "geometry" : {
            "location" : {
               "lat" : 43.469932,
               "lng" : -80.583293
            },
            "location_type" : "ROOFTOP",
            "viewport" : {
               "northeast" : {
                  "lat" : 43.4712809802915,
                  "lng" : -80.58194401970849
               },
               "southwest" : {
                  "lat" : 43.4685830197085,
                  "lng" : -80.58464198029149
               }
            }
         },
         "place_id" : "ChIJxfPvUNf2K4gRvr7p_L07R04",
         "types" : [ "street_address" ]
      }
   ],
   "status" : "OK"
}
