{
   "results" : [
      {
         "address_components" : [
            {
               "long_name" : "476",
               "short_name" : "476",
               "types" : [ "street_number" ]
            },
            {
               "long_name" : "Coleen Drive",
               "short_name" : "Coleen Dr",
               "types" : [ "route" ]
            },
            {
               "long_name" : "Oakville",
               "short_name" : "Oakville",
               "types" : [ "locality", "political" ]
            },
            {
               "long_name" : "Halton Regional Municipality",
               "short_name" : "Halton Regional Municipality",
               "types" : [ "administrative_area_level_2", "political" ]
            },
            {
               "long_name" : "Ontario",
               "short_name" : "ON",
               "types" : [ "administrative_area_level_1", "political" ]
            },
            {
               "long_name" : "Canada",
               "short_name" : "CA",
               "types" : [ "country", "political" ]
            },
            {
               "long_name" : "L6J 6A5",
               "short_name" : "L6J 6A5",
               "types" : [ "postal_code" ]
            }
         ],
         "formatted_address" : "476 Coleen Dr, Oakville, ON L6J 6A5, Canada",
         "geometry" : {
            "location" : {
               "lat" : 43.4682495,
               "lng" : -79.6656024
            },
            "location_type" : "ROOFTOP",
            "viewport" : {
               "northeast" : {
                  "lat" : 43.46959848029149,
                  "lng" : -79.66425341970849
               },
               "southwest" : {
                  "lat" : 43.4669005197085,
                  "lng" : -79.66695138029151
               }
            }
         },
         "place_id" : "ChIJlWOX4LBcK4gRtNAVhdwGhcU",
         "types" : [ "street_address" ]
      }
   ],
   "status" : "OK"
}
