{
   "results" : [
      {
         "address_components" : [
            {
               "long_name" : "48",
               "short_name" : "48",
               "types" : [ "street_number" ]
            },
            {
               "long_name" : "Pine Vista Avenue",
               "short_name" : "Pine Vista Ave",
               "types" : [ "route" ]
            },
            {
               "long_name" : "Whitchurch-Stouffville",
               "short_name" : "Whitchurch-Stouffville",
               "types" : [ "locality", "political" ]
            },
            {
               "long_name" : "York Regional Municipality",
               "short_name" : "York Regional Municipality",
               "types" : [ "administrative_area_level_2", "political" ]
            },
            {
               "long_name" : "Ontario",
               "short_name" : "ON",
               "types" : [ "administrative_area_level_1", "political" ]
            },
            {
               "long_name" : "Canada",
               "short_name" : "CA",
               "types" : [ "country", "political" ]
            },
            {
               "long_name" : "L4A 1R9",
               "short_name" : "L4A 1R9",
               "types" : [ "postal_code" ]
            }
         ],
         "formatted_address" : "48 Pine Vista Ave, Whitchurch-Stouffville, ON L4A 1R9, Canada",
         "geometry" : {
            "location" : {
               "lat" : 44.0277738,
               "lng" : -79.3013485
            },
            "location_type" : "ROOFTOP",
            "viewport" : {
               "northeast" : {
                  "lat" : 44.02912278029149,
                  "lng" : -79.29999951970849
               },
               "southwest" : {
                  "lat" : 44.0264248197085,
                  "lng" : -79.30269748029151
               }
            }
         },
         "partial_match" : true,
         "place_id" : "ChIJ72PyNN0t1YkRnRXJvsIMKyI",
         "types" : [ "street_address" ]
      }
   ],
   "status" : "OK"
}
